brand,condition,ram_gb,storage_gb,carrier,price,usd_discount,user_rating,num_support_tickets_30d,days_since_purchase,expedited_shipping,returned
Google,New,12,128,AT&T,625.36,101.49,5.0,0,82,0,0
Samsung,New,12,128,T-Mobile,717.11,150.94,4.89,1,106,0,0
OnePlus,OpenBox,8,128,Unlocked,967.47,21.02,5.0,0,48,0,0
Google,New,6,256,Unlocked,844.76,278.33,5.0,0,97,0,0
Apple,New,8,128,Verizon,745.02,40.23,3.52,1,74,0,0
Xiaomi,New,6,128,Unlocked,651.32,101.64,4.53,0,23,0,1
Google,OpenBox,8,128,Verizon,627.09,80.16,4.34,1,67,1,0
Google,New,16,512,Verizon,821.01,82.77,4.46,0,115,0,0
Apple,OpenBox,6,128,AT&T,1295.68,32.46,4.2,1,118,0,0
Samsung,New,8,128,Unlocked,974.47,144.05,4.13,0,119,0,0
Samsung,New,12,128,Unlocked,556.77,28.76,3.85,1,9,0,0
Xiaomi,New,8,128,T-Mobile,1005.59,0.0,4.45,2,96,0,0
Samsung,New,6,256,Unlocked,683.04,12.68,4.87,2,57,1,0
OnePlus,OpenBox,6,256,Unlocked,848.93,166.72,4.15,1,54,0,0
Samsung,New,16,128,Unlocked,720.45,155.03,4.24,1,51,0,0
Apple,New,6,512,Unlocked,1295.01,0.0,4.05,0,81,0,0
Samsung,New,8,128,Unlocked,600.5,128.82,3.9,1,60,0,0
Apple,New,12,512,Unlocked,918.99,0.0,4.28,0,10,1,0
OnePlus,New,8,64,AT&T,699.23,78.37,4.57,1,47,0,1
Samsung,New,12,128,Verizon,1012.54,7.53,5.0,3,110,1,0
Google,Refurbished,6,512,T-Mobile,914.56,133.45,3.8,1,17,0,1
Apple,OpenBox,8,512,T-Mobile,1126.0,113.28,4.38,1,27,1,0
Xiaomi,OpenBox,8,256,Unlocked,1007.99,138.77,4.99,0,14,0,1
OnePlus,New,16,256,Unlocked,697.42,62.29,3.81,0,86,1,0
Google,New,8,256,T-Mobile,1491.56,68.52,5.0,1,97,0,0
Apple,New,6,256,Unlocked,972.19,0.0,4.18,0,96,0,0
Samsung,New,16,128,Unlocked,728.85,18.17,4.76,0,9,0,0
Apple,New,6,128,Unlocked,895.22,136.91,4.29,0,116,0,0
Apple,New,12,256,Verizon,988.78,102.04,4.63,1,107,0,1
Google,New,12,256,Unlocked,980.41,86.26,5.0,0,99,0,0
Google,New,8,512,Unlocked,959.13,155.73,4.34,0,103,0,0
Xiaomi,OpenBox,12,128,Unlocked,1062.63,1.99,4.9,1,98,0,0
Apple,New,12,128,AT&T,1041.0,123.21,4.54,2,5,0,0
Samsung,New,6,128,Unlocked,663.54,9.25,4.01,2,84,0,0
Samsung,New,16,256,AT&T,1313.77,168.67,4.33,0,109,0,0
Apple,New,16,64,Unlocked,1283.16,112.67,4.3,1,69,0,0
Apple,OpenBox,12,512,Unlocked,1026.21,137.87,3.69,0,109,0,0
Samsung,New,8,64,Unlocked,858.51,37.9,4.63,0,5,0,0
Apple,OpenBox,8,128,Unlocked,862.29,210.93,4.73,1,72,0,0
Samsung,OpenBox,8,256,Unlocked,778.77,199.91,4.81,0,116,1,0
Samsung,New,6,128,T-Mobile,807.24,105.82,5.0,1,67,1,0
OnePlus,New,8,256,Unlocked,368.91,150.52,4.88,0,54,0,1
Google,New,8,128,T-Mobile,1186.66,61.89,4.1,0,35,0,0
Apple,New,12,256,Unlocked,1109.04,3.89,4.2,1,95,0,0
OnePlus,New,8,256,Unlocked,481.13,127.75,4.82,1,113,0,1
Google,Refurbished,8,512,Verizon,1045.8,24.84,4.59,0,45,0,0
Samsung,New,8,64,AT&T,848.3,158.61,4.39,0,60,0,1
Apple,OpenBox,8,128,Unlocked,806.21,142.87,3.96,0,55,1,1
Google,New,16,256,Unlocked,958.43,94.11,4.13,0,76,0,0
Apple,Refurbished,12,512,Verizon,466.59,90.76,4.69,0,56,0,0
Apple,New,6,256,Unlocked,847.53,139.36,3.42,0,87,0,1
Apple,New,6,256,Verizon,867.49,96.47,3.23,0,118,0,0
Google,New,12,256,AT&T,867.7,55.73,4.75,2,37,0,0
Samsung,New,8,256,Unlocked,549.15,0.0,4.13,0,26,0,0
Google,OpenBox,12,512,AT&T,948.32,137.53,4.63,0,67,0,0
Google,New,6,512,Unlocked,1083.16,101.99,5.0,0,60,1,0
Samsung,New,6,256,T-Mobile,939.61,245.34,3.89,0,51,0,1
Samsung,New,8,256,T-Mobile,799.58,74.25,3.57,1,19,1,0
Apple,New,12,512,Verizon,1441.59,98.12,4.26,1,14,0,0
Apple,New,16,128,T-Mobile,646.59,99.53,4.06,0,59,0,0
Samsung,New,12,128,AT&T,1020.16,119.05,4.39,0,87,1,0
Samsung,New,8,512,Unlocked,903.52,21.99,4.67,0,65,0,1
Samsung,New,12,256,Unlocked,1292.71,75.37,4.56,2,93,1,0
Google,New,6,128,Unlocked,935.08,129.66,4.42,0,17,0,0
Samsung,Refurbished,8,256,Unlocked,982.25,60.03,4.93,0,113,0,0
Samsung,New,16,256,Verizon,961.26,127.41,4.74,0,84,0,0
Samsung,New,8,256,Unlocked,617.17,85.8,4.31,1,80,0,0
Apple,New,16,256,Verizon,658.85,104.11,4.72,0,99,0,1
Apple,New,8,64,Unlocked,789.35,149.07,3.63,1,113,1,0
Samsung,New,6,128,Unlocked,1060.62,66.36,4.93,0,98,1,1
Apple,New,8,64,Unlocked,901.28,0.0,4.41,0,58,1,0
Samsung,New,16,512,T-Mobile,804.52,64.02,3.8,3,87,1,1
OnePlus,New,8,128,Unlocked,1151.88,30.47,4.19,1,51,1,0
Apple,New,12,256,Unlocked,413.87,0.0,4.92,0,17,0,0
Apple,Refurbished,6,256,Unlocked,564.92,73.6,4.02,0,118,1,0
Apple,New,12,256,T-Mobile,300.75,91.94,4.61,0,74,0,1
Apple,New,8,256,Unlocked,1115.83,141.25,4.84,0,94,1,0
Samsung,New,6,256,Verizon,828.72,11.64,4.41,3,84,0,0
Samsung,New,12,256,Unlocked,1062.58,85.31,3.97,0,41,0,0
Google,OpenBox,12,64,Unlocked,825.96,147.69,4.37,1,91,0,0
Samsung,New,8,128,AT&T,1075.1,45.52,3.7,0,39,1,0
Samsung,New,8,256,Verizon,822.11,112.17,4.16,0,85,0,0
Google,New,6,128,Verizon,940.18,175.86,3.85,1,98,0,0
Apple,New,16,256,Unlocked,907.97,0.0,4.38,1,75,0,0
Apple,Refurbished,12,128,T-Mobile,924.3,96.36,3.77,0,57,1,0
Apple,New,12,256,Verizon,1220.64,149.77,4.44,1,87,0,0
Google,OpenBox,12,128,T-Mobile,492.63,58.96,4.97,0,9,0,0
Samsung,New,12,256,Unlocked,834.96,163.21,5.0,1,102,1,0
Apple,Refurbished,6,128,Unlocked,893.56,118.05,3.78,0,60,0,0
Samsung,New,8,256,Unlocked,860.62,186.16,4.07,0,68,0,0
Apple,New,12,128,AT&T,762.47,114.95,4.83,0,25,0,0
Google,OpenBox,6,256,AT&T,732.36,191.15,4.75,0,18,0,0
Samsung,New,6,128,Unlocked,1186.6,98.0,4.09,2,44,0,0
Samsung,New,8,256,Unlocked,834.44,0.0,4.16,0,98,1,0
Apple,Refurbished,12,256,Unlocked,1386.35,42.14,4.44,1,2,1,1
Samsung,New,12,512,Unlocked,966.22,141.1,3.48,0,79,0,0
Samsung,New,6,256,AT&T,786.28,139.92,4.66,1,118,0,1
Apple,New,16,256,Unlocked,971.59,61.36,4.94,0,82,0,0
Apple,OpenBox,6,256,Unlocked,873.97,188.26,4.21,0,36,0,1
Xiaomi,OpenBox,8,128,Unlocked,1145.24,58.76,3.69,1,36,0,0
OnePlus,New,16,256,Unlocked,593.1,107.72,5.0,1,40,0,0
Google,New,12,128,T-Mobile,453.74,106.06,4.51,0,18,1,0
Apple,New,16,256,Unlocked,929.42,0.17,4.75,0,72,0,0
Xiaomi,New,12,64,T-Mobile,1033.85,73.37,3.74,0,93,0,0
Google,OpenBox,12,128,Verizon,912.9,222.82,3.74,1,62,0,1
Google,New,8,256,Verizon,997.94,24.66,4.61,0,6,0,0
Samsung,New,8,128,Unlocked,965.6,117.51,4.91,0,103,0,0
Apple,New,16,128,Verizon,524.31,10.74,3.84,0,48,0,0
Apple,New,12,128,Verizon,911.87,24.04,4.35,1,61,0,0
OnePlus,OpenBox,8,256,Unlocked,1139.69,0.0,3.61,1,61,0,0
Samsung,New,8,128,T-Mobile,887.79,136.46,4.05,0,76,1,0
Apple,New,8,128,Unlocked,561.81,27.72,4.27,2,3,0,0
Apple,OpenBox,8,512,Unlocked,776.55,156.05,4.64,0,29,0,0
Samsung,Refurbished,12,512,Unlocked,972.49,48.12,3.35,0,72,1,0
Apple,New,6,64,Verizon,1245.04,87.68,5.0,0,47,0,0
OnePlus,Refurbished,8,256,Unlocked,419.6,104.68,4.31,1,15,0,0
Google,New,16,64,Unlocked,929.47,0.0,5.0,0,110,1,0
Google,OpenBox,8,512,Unlocked,644.91,92.22,4.75,0,29,1,0
Samsung,New,8,128,Unlocked,961.7,100.99,4.83,1,27,0,0
Samsung,New,8,128,Unlocked,979.32,148.4,5.0,1,119,0,1
Samsung,New,6,128,T-Mobile,798.71,22.43,4.01,0,28,0,0
Samsung,New,8,256,Unlocked,988.95,30.98,4.47,1,67,1,0
Apple,New,6,128,T-Mobile,1100.78,119.57,3.9,1,62,0,0
Samsung,New,6,256,Verizon,813.79,164.74,4.35,1,116,0,0
Apple,New,6,128,AT&T,555.82,44.45,4.76,0,114,0,0
Samsung,New,8,256,T-Mobile,1163.63,5.89,4.96,0,59,0,0
Apple,New,6,256,Unlocked,1032.31,61.0,4.21,2,6,0,0
Apple,New,16,128,Verizon,974.03,19.2,3.8,0,96,0,0
Apple,Refurbished,6,128,Unlocked,697.99,103.87,4.44,0,77,0,0
Samsung,Refurbished,8,128,Unlocked,1066.8,15.21,3.97,1,5,0,0
Apple,New,12,256,Unlocked,1299.33,138.37,4.11,1,17,0,0
Xiaomi,New,6,64,Verizon,823.31,92.76,4.74,1,35,0,0
Samsung,New,8,256,AT&T,870.79,140.25,4.64,1,101,0,0
Apple,New,12,256,Unlocked,615.66,0.0,4.82,1,34,1,0
Samsung,OpenBox,8,256,AT&T,691.7,0.0,4.23,1,106,1,0
Apple,New,8,256,Unlocked,613.59,157.56,4.9,1,9,0,0
Xiaomi,New,12,64,Unlocked,878.78,36.83,4.41,1,61,1,0
Samsung,New,12,128,Unlocked,775.03,0.0,4.26,1,114,0,0
Google,New,8,256,Verizon,932.02,67.84,3.85,2,78,0,0
Apple,OpenBox,6,128,Unlocked,653.78,94.54,3.36,0,61,0,0
Samsung,New,6,256,Unlocked,813.14,70.52,3.62,1,47,0,1
Samsung,New,12,512,Unlocked,640.22,108.08,4.51,0,71,0,1
Xiaomi,New,8,64,Verizon,891.27,99.95,3.95,1,31,0,1
Samsung,Refurbished,6,128,AT&T,490.89,96.81,3.58,0,62,0,0
Samsung,New,8,128,Unlocked,883.35,160.9,4.19,1,7,1,0
Apple,OpenBox,16,128,AT&T,788.68,79.15,4.54,1,30,0,1
Apple,OpenBox,6,512,Verizon,889.81,77.39,4.61,1,87,0,0
Samsung,New,6,512,Unlocked,486.5,128.17,4.39,1,110,0,0
Samsung,OpenBox,8,128,Unlocked,994.04,113.16,4.37,1,51,0,0
Apple,New,12,512,T-Mobile,784.28,25.83,4.13,1,80,0,0
OnePlus,New,8,64,Unlocked,897.76,74.47,4.72,0,55,0,0
OnePlus,New,12,512,Unlocked,438.58,106.29,4.31,0,15,0,0
Apple,New,6,256,T-Mobile,576.6,44.79,4.36,0,115,0,0
Samsung,New,8,128,AT&T,764.17,47.65,4.92,1,55,0,0
Apple,New,8,256,AT&T,1152.61,0.0,4.8,1,14,0,0
Samsung,New,8,256,AT&T,966.0,0.0,4.31,0,1,1,0
Apple,New,8,128,Unlocked,878.57,57.56,4.24,0,25,1,1
Samsung,New,12,128,AT&T,646.65,87.64,4.23,0,81,0,0
Google,New,8,256,Unlocked,606.62,14.28,3.39,0,40,0,1
Google,New,12,128,T-Mobile,910.86,162.67,4.95,0,63,1,1
Apple,Refurbished,6,128,Unlocked,1004.15,17.2,4.06,2,20,0,0
OnePlus,Refurbished,8,128,Unlocked,895.97,134.75,4.83,0,108,1,0
Apple,New,8,256,Unlocked,1226.1,105.12,4.42,3,116,1,0
Apple,New,8,128,AT&T,699.86,210.58,5.0,0,113,0,0
Samsung,New,6,256,Unlocked,889.46,112.39,4.66,1,75,0,0
Samsung,OpenBox,16,128,AT&T,477.5,0.0,4.86,0,12,1,0
OnePlus,New,16,128,Unlocked,896.43,143.26,4.1,1,15,0,1
Google,OpenBox,12,256,Unlocked,1173.26,181.85,3.76,1,11,0,0
Apple,New,12,128,Verizon,620.87,0.0,4.47,1,60,0,0
Xiaomi,New,6,256,Unlocked,1035.27,118.35,3.44,0,107,0,1
Apple,OpenBox,8,128,Verizon,1167.03,131.62,4.17,1,95,0,0
Samsung,New,8,256,T-Mobile,698.26,67.23,3.81,0,61,0,1
Apple,OpenBox,12,128,Verizon,952.73,0.0,3.98,0,90,1,0
Xiaomi,New,6,256,Unlocked,1197.52,62.24,4.7,3,56,0,0
Apple,New,8,64,Unlocked,900.7,45.14,4.66,1,75,1,0
Apple,New,12,512,T-Mobile,1023.08,171.79,4.32,1,68,1,0
Samsung,New,6,128,Verizon,459.73,74.68,4.56,1,72,0,0
Xiaomi,New,12,64,AT&T,981.37,55.26,4.13,2,56,1,0
OnePlus,New,8,256,Unlocked,963.79,44.81,5.0,0,89,0,0
Google,New,12,128,AT&T,558.23,99.54,4.55,0,74,0,1
OnePlus,New,12,128,Unlocked,637.85,83.41,4.1,1,33,0,0
OnePlus,New,8,256,AT&T,982.88,32.6,4.84,1,113,0,0
Samsung,New,8,256,T-Mobile,783.4,95.84,5.0,1,59,1,0
Apple,New,6,256,T-Mobile,1094.63,46.56,4.01,2,73,0,0
Google,New,6,512,Unlocked,918.36,0.0,3.69,0,64,0,0
Samsung,OpenBox,6,128,AT&T,862.42,120.08,3.79,3,39,1,0
Samsung,New,8,64,Unlocked,812.5,114.39,4.07,1,10,1,0
Apple,New,8,256,Unlocked,914.39,91.98,4.37,0,26,1,0
Google,OpenBox,8,128,Verizon,1026.65,53.45,3.59,1,114,0,0
Apple,New,8,128,Unlocked,967.45,75.68,4.19,0,115,0,0
Xiaomi,New,16,64,Unlocked,756.94,129.16,4.3,0,20,0,0
Apple,New,6,128,Verizon,1122.68,42.09,4.56,0,69,0,1
Apple,New,8,128,Verizon,994.69,131.58,4.71,1,31,1,0
OnePlus,New,8,128,Verizon,934.75,0.0,4.6,0,68,0,0
Apple,OpenBox,6,256,Unlocked,870.17,90.09,5.0,2,78,1,0
Apple,Refurbished,16,256,AT&T,960.01,81.55,4.95,0,4,0,0
Samsung,New,6,512,Unlocked,447.03,140.16,4.51,3,114,0,0
OnePlus,New,12,64,Unlocked,903.09,24.86,3.91,0,110,0,0
Apple,OpenBox,8,128,Unlocked,1210.84,31.41,4.06,1,114,0,0
Apple,New,12,256,AT&T,898.4,0.0,3.69,1,56,1,0
Google,New,12,64,Unlocked,868.37,46.0,4.48,0,86,0,1
Xiaomi,New,12,128,Unlocked,718.91,95.33,4.57,2,119,1,0
Samsung,New,8,256,T-Mobile,958.4,0.0,4.85,0,23,1,0
Apple,New,8,256,T-Mobile,807.08,53.43,4.53,1,20,0,0
Apple,New,12,128,Verizon,1138.05,116.65,4.93,0,96,0,0
Apple,New,8,256,AT&T,660.0,73.83,4.94,0,39,0,0
Apple,New,8,256,T-Mobile,750.49,84.51,3.89,0,22,0,0
Samsung,Refurbished,8,512,Verizon,717.81,0.0,4.14,0,25,0,0
Apple,New,8,128,Unlocked,1253.61,74.0,4.39,0,82,0,0
Samsung,New,8,256,Verizon,808.25,81.72,4.05,0,46,1,0
Google,New,6,256,T-Mobile,729.42,70.18,4.28,0,37,1,0
Samsung,New,8,128,Verizon,390.07,89.17,4.55,0,117,0,0
Apple,Refurbished,6,256,Unlocked,649.5,61.45,4.34,2,117,0,0
Google,Refurbished,8,256,T-Mobile,966.13,52.64,4.4,1,50,0,0
Google,New,12,128,AT&T,965.25,17.61,3.93,0,28,0,0
Google,New,8,128,Unlocked,706.74,138.47,4.65,0,99,0,0
Apple,New,12,128,T-Mobile,718.96,6.4,4.62,1,90,0,0
Apple,New,6,256,AT&T,1259.17,89.48,4.02,2,90,1,0
Xiaomi,New,6,64,AT&T,1443.2,188.79,3.75,1,26,0,0
Samsung,New,12,256,T-Mobile,1102.95,146.09,5.0,2,36,0,0
Apple,New,12,128,Unlocked,1193.04,110.56,5.0,0,10,1,0
Samsung,New,12,256,AT&T,1239.71,94.98,4.52,1,70,0,0
Samsung,New,12,256,Unlocked,1337.21,72.33,4.22,1,6,0,0
Xiaomi,New,12,256,T-Mobile,783.58,25.92,4.92,0,102,0,0
Apple,New,12,256,T-Mobile,656.78,64.77,4.64,0,38,0,0
Xiaomi,New,12,128,AT&T,1253.37,114.49,4.29,0,73,0,0
Apple,New,12,128,AT&T,637.86,103.38,4.88,1,20,1,1
Samsung,New,6,256,AT&T,623.71,127.32,4.0,1,32,0,0
Samsung,New,6,128,Unlocked,628.76,153.18,4.05,0,33,0,0
Apple,New,8,256,Unlocked,821.09,70.49,4.58,0,103,0,0
Apple,OpenBox,8,256,Unlocked,413.44,91.51,4.46,1,117,1,0
Samsung,Refurbished,12,512,AT&T,534.72,0.0,4.72,0,67,0,0
Xiaomi,New,8,128,Verizon,713.09,215.37,5.0,1,13,1,1
Samsung,New,8,256,Verizon,586.9,55.17,3.62,1,117,1,0
Xiaomi,OpenBox,12,64,Unlocked,1083.73,119.1,4.42,1,35,0,0
Google,New,8,512,Verizon,851.46,55.13,5.0,0,79,0,0
Samsung,New,12,256,Unlocked,976.94,53.74,4.1,2,28,0,0
Google,New,6,256,T-Mobile,952.86,65.78,4.04,1,54,0,0
Apple,New,8,256,T-Mobile,804.51,5.29,3.28,0,5,0,0
Apple,New,8,128,Unlocked,1067.39,0.0,4.45,2,52,0,0
OnePlus,New,8,256,AT&T,949.47,149.58,4.69,2,81,0,0
Google,New,6,256,Unlocked,779.95,112.74,4.69,0,105,1,0
Apple,New,8,64,Unlocked,479.54,25.05,3.88,0,114,0,0
Samsung,New,8,512,Verizon,964.54,107.11,4.4,0,117,1,0
Samsung,New,8,512,AT&T,572.51,129.44,4.51,0,116,0,0
OnePlus,New,12,512,Unlocked,933.66,38.42,4.43,1,49,0,0
Samsung,New,6,256,Unlocked,867.36,104.71,3.85,0,32,1,0
Samsung,New,8,128,Unlocked,550.72,140.41,4.44,1,20,0,0
Samsung,New,6,256,Unlocked,906.85,0.0,3.99,1,20,0,0
Samsung,OpenBox,16,128,Unlocked,892.09,112.0,3.46,1,5,0,0
Samsung,New,12,256,Unlocked,892.89,101.86,4.74,0,85,1,1
OnePlus,New,16,128,T-Mobile,882.34,192.83,4.47,1,39,0,0
Samsung,New,16,512,Unlocked,706.47,113.42,4.7,1,61,0,0
Apple,OpenBox,8,128,Unlocked,980.15,55.35,4.13,0,41,0,0
Apple,OpenBox,12,128,Unlocked,698.72,62.29,4.71,1,65,0,0
Google,OpenBox,8,64,Unlocked,613.59,201.4,4.91,0,51,0,0
Google,New,12,256,AT&T,998.42,58.71,5.0,0,70,0,1
Apple,New,8,128,Unlocked,1056.01,115.17,4.81,1,18,0,0
Apple,New,8,128,Unlocked,983.36,65.7,4.59,1,108,0,0
Samsung,New,16,128,T-Mobile,804.42,144.88,3.71,1,59,0,1
Apple,New,12,128,AT&T,423.32,147.84,4.35,1,83,1,0
OnePlus,New,16,512,Unlocked,1175.97,78.64,3.69,1,113,0,0
Apple,New,6,128,Unlocked,419.88,55.59,3.99,0,11,0,0
Apple,OpenBox,8,128,AT&T,978.93,54.16,5.0,0,28,1,0
Xiaomi,New,8,128,Verizon,1314.25,0.0,3.89,0,65,0,0
Apple,New,8,64,T-Mobile,882.88,86.03,3.23,0,82,0,0
Apple,New,8,128,Unlocked,914.07,84.82,4.81,1,57,1,0
Apple,OpenBox,8,128,AT&T,933.45,31.03,4.06,1,5,0,0
Apple,Refurbished,12,64,Unlocked,893.6,0.0,4.78,1,83,0,0
Apple,New,8,128,Unlocked,1367.13,92.38,3.81,1,77,0,0
Apple,Refurbished,12,128,AT&T,664.5,99.96,4.19,0,2,0,1
Apple,OpenBox,12,256,AT&T,636.88,103.68,5.0,0,112,1,1
Apple,OpenBox,8,64,Unlocked,777.95,20.6,3.74,1,106,0,0
Samsung,OpenBox,8,256,Unlocked,1232.98,103.81,4.32,0,34,0,0
Google,New,6,256,AT&T,723.09,69.29,4.55,2,73,1,0
Samsung,OpenBox,6,512,Unlocked,944.67,131.87,4.04,0,98,0,0
Apple,New,12,128,Unlocked,1085.62,21.51,4.52,1,54,1,0
Samsung,OpenBox,8,256,Unlocked,1021.38,149.01,4.41,1,10,0,0
OnePlus,New,6,512,Unlocked,1073.98,170.6,4.67,1,49,1,0
OnePlus,OpenBox,16,512,AT&T,1161.96,86.96,5.0,0,43,0,0
Apple,Refurbished,12,256,Unlocked,917.81,104.22,5.0,0,97,0,1
Apple,New,12,128,Unlocked,749.45,127.03,4.63,0,1,0,0
Apple,Refurbished,8,512,Verizon,882.39,18.46,4.34,0,113,0,0
Apple,New,16,256,Unlocked,775.41,50.82,4.62,0,43,1,0
Samsung,New,6,128,Verizon,1404.74,91.05,4.28,0,46,0,0
Samsung,New,6,128,Unlocked,732.82,201.61,3.61,0,37,0,0
Apple,OpenBox,12,512,AT&T,956.29,8.23,4.38,2,3,0,0
Samsung,New,12,128,AT&T,519.81,178.26,4.94,1,83,0,0
Samsung,New,8,256,AT&T,879.22,68.41,3.67,0,89,0,0
Apple,New,6,128,Unlocked,786.84,77.93,3.91,1,36,1,0
OnePlus,New,8,256,AT&T,998.65,153.08,4.11,0,15,1,0
Apple,New,12,64,Verizon,1004.39,201.29,4.59,1,98,1,0
Xiaomi,OpenBox,12,256,Unlocked,1161.74,105.37,5.0,0,83,0,0
Apple,New,8,256,Unlocked,1144.27,149.88,4.0,1,35,0,0
OnePlus,OpenBox,6,512,Unlocked,835.41,24.78,4.45,0,80,0,1
OnePlus,New,12,128,Unlocked,642.24,48.23,4.4,3,27,1,1
Xiaomi,Refurbished,12,128,Unlocked,668.04,0.0,4.25,2,76,0,0
Google,New,8,128,T-Mobile,916.6,49.06,4.38,0,59,1,0
Google,New,8,64,T-Mobile,884.71,113.91,4.17,1,23,0,0
Samsung,New,16,512,Unlocked,906.74,92.73,5.0,1,79,0,0
Google,New,8,128,T-Mobile,732.28,183.63,4.77,1,22,0,0
Apple,New,8,128,AT&T,1166.19,203.28,4.17,0,106,0,0
Samsung,OpenBox,8,256,Unlocked,526.01,71.81,4.99,0,13,1,0
Samsung,New,8,128,T-Mobile,720.1,39.22,4.53,1,97,0,1
OnePlus,New,12,128,AT&T,613.04,149.6,4.43,0,35,0,0
Samsung,New,8,256,Verizon,804.03,155.85,4.31,0,63,0,0
Samsung,Refurbished,8,128,Unlocked,1124.24,106.47,4.27,0,102,0,0
Samsung,New,6,256,Unlocked,786.69,122.33,3.79,0,117,0,0
Apple,New,12,256,T-Mobile,872.33,112.95,3.56,0,60,0,0
Apple,New,6,128,Unlocked,996.13,20.67,4.59,0,36,0,0
Samsung,New,6,256,Unlocked,776.23,6.89,4.3,0,89,0,0
Samsung,New,8,512,Unlocked,934.18,76.95,4.84,1,119,0,0
Apple,New,8,128,Unlocked,905.17,67.95,3.96,0,36,0,0
Samsung,New,16,256,Unlocked,601.22,96.62,3.85,1,46,1,0
Samsung,New,12,128,T-Mobile,747.85,72.13,4.79,0,99,0,1
Apple,New,12,256,Unlocked,928.01,0.0,4.25,0,32,0,0
Samsung,New,8,256,T-Mobile,1132.08,0.0,4.83,0,68,0,0
Google,Refurbished,8,64,Verizon,1131.88,124.25,4.42,1,46,0,0
Apple,New,16,128,Unlocked,1311.01,40.23,5.0,1,61,0,1
Xiaomi,New,8,64,Unlocked,956.8,66.07,4.78,2,70,1,1
OnePlus,New,12,256,Unlocked,759.07,46.52,4.6,1,62,0,1
Samsung,New,8,256,T-Mobile,835.93,25.22,4.8,0,57,0,0
Apple,OpenBox,8,128,AT&T,824.97,23.61,4.26,1,46,1,1
Samsung,New,8,64,Unlocked,760.27,141.19,3.58,2,6,1,0
OnePlus,New,8,512,T-Mobile,934.25,65.65,4.58,1,94,0,0
Samsung,New,6,128,AT&T,944.49,118.09,5.0,0,43,1,1
Google,New,8,128,Unlocked,591.77,126.15,3.25,1,9,0,0
Samsung,Refurbished,6,128,Verizon,1089.4,98.99,4.63,0,59,1,1
Samsung,New,8,256,AT&T,445.9,128.12,3.63,0,98,0,0
Apple,New,12,128,AT&T,801.05,80.86,4.39,0,79,0,1
Google,OpenBox,8,256,Unlocked,1102.85,161.83,4.44,0,71,1,0
Apple,OpenBox,12,256,Unlocked,983.63,129.4,4.77,1,114,1,0
Google,New,8,64,Unlocked,771.47,137.39,4.51,3,81,0,0
OnePlus,New,6,256,Unlocked,1283.14,23.69,5.0,1,114,0,0
Apple,New,6,128,Unlocked,753.18,95.79,4.98,0,107,1,0
Samsung,OpenBox,16,64,Verizon,409.57,0.0,4.3,0,62,0,0
Apple,New,8,256,Unlocked,949.6,164.06,4.95,0,9,0,0
Google,New,16,128,Unlocked,458.73,42.6,4.24,1,68,0,1
Apple,OpenBox,8,512,Verizon,667.08,50.92,4.16,1,113,1,0
Xiaomi,New,12,256,Unlocked,987.01,0.0,3.8,1,84,0,0
Apple,New,12,128,Unlocked,748.61,77.82,5.0,0,27,1,0
Xiaomi,New,16,512,AT&T,977.73,63.9,4.25,1,100,0,0
Google,OpenBox,6,256,T-Mobile,595.22,189.36,3.19,1,100,0,0
Samsung,New,16,128,Unlocked,1038.87,131.55,4.67,1,89,1,1
Google,New,8,256,T-Mobile,477.99,49.12,4.18,1,19,0,0
Google,New,12,512,T-Mobile,1140.1,0.0,4.25,1,86,0,0
Xiaomi,OpenBox,8,128,Verizon,745.42,0.0,4.28,1,103,1,0
Apple,OpenBox,8,128,T-Mobile,1186.85,18.42,4.23,0,54,1,1
Samsung,New,8,128,Unlocked,665.09,0.13,5.0,1,82,1,0
Apple,New,12,128,Unlocked,1273.45,100.92,5.0,0,104,0,0
Samsung,Refurbished,8,128,AT&T,639.31,71.3,4.75,1,88,1,0
Apple,OpenBox,8,256,Unlocked,455.33,81.04,4.52,2,79,0,0
Samsung,New,8,512,Unlocked,859.48,23.06,4.96,2,50,0,0
Samsung,New,12,256,Unlocked,1121.48,89.12,4.52,1,19,0,0
Samsung,Refurbished,8,64,Unlocked,1023.97,0.0,4.81,1,33,0,0
Samsung,Refurbished,12,128,Unlocked,1105.85,74.7,4.68,0,72,0,0
Google,New,8,64,Unlocked,1028.31,129.81,4.46,1,88,0,1
Google,New,12,128,T-Mobile,669.54,58.07,4.87,0,37,0,0
Samsung,New,12,256,Unlocked,1018.61,106.62,4.19,0,46,1,1
Samsung,OpenBox,12,128,AT&T,870.42,0.0,4.43,1,25,1,0
Xiaomi,New,12,256,Unlocked,693.86,0.0,3.91,0,42,0,0
Apple,New,8,128,Unlocked,889.46,99.64,3.97,0,78,1,0
Apple,New,6,256,T-Mobile,837.61,142.82,3.14,3,1,1,0
Apple,Refurbished,12,512,Unlocked,1161.52,65.71,4.63,0,77,1,0
Samsung,OpenBox,6,256,Unlocked,736.73,208.71,4.77,1,8,1,0
Samsung,Refurbished,8,512,AT&T,726.44,0.0,4.94,0,114,0,0
Google,New,12,256,Unlocked,696.3,39.2,3.85,1,88,1,1
Samsung,OpenBox,8,256,Unlocked,1267.31,88.41,4.62,0,117,0,1
Apple,OpenBox,8,128,T-Mobile,708.61,107.86,4.4,0,44,1,1
OnePlus,New,16,128,Unlocked,1135.3,44.97,4.77,0,49,0,0
Google,New,8,512,Verizon,623.09,16.44,4.07,1,58,0,0
Apple,Refurbished,6,64,Unlocked,961.46,117.22,4.23,0,22,0,0
Samsung,New,6,512,Unlocked,907.75,87.99,3.62,0,86,0,1
Apple,New,8,128,Unlocked,1121.34,59.32,4.04,0,17,0,0
Apple,New,12,256,Verizon,1089.44,109.93,4.4,1,101,0,0
Apple,New,12,128,Unlocked,868.02,71.82,4.49,1,116,0,0
Xiaomi,New,8,512,T-Mobile,731.84,71.62,3.56,0,31,0,0
Samsung,OpenBox,8,64,AT&T,1207.49,69.41,4.14,0,48,1,0
Samsung,New,8,128,Verizon,709.87,30.74,4.48,2,5,1,0
Google,OpenBox,6,512,Unlocked,351.1,24.64,5.0,3,41,0,0
Samsung,New,12,128,Verizon,441.12,48.46,3.98,1,26,1,1
Xiaomi,New,8,128,AT&T,494.69,81.92,4.65,0,74,0,0
Google,OpenBox,6,512,Unlocked,981.05,0.0,4.12,1,94,1,0
Samsung,New,12,256,T-Mobile,1337.18,136.68,4.18,1,7,1,0
Samsung,New,12,128,Unlocked,401.21,81.11,3.96,0,21,1,0
Xiaomi,OpenBox,8,256,T-Mobile,677.84,16.09,3.88,1,77,0,0
Google,New,8,128,T-Mobile,869.59,177.0,4.16,1,55,1,0
Xiaomi,New,8,128,Unlocked,1190.01,82.51,4.92,1,105,1,0
Apple,New,6,256,Unlocked,676.65,0.0,4.02,1,94,0,0
OnePlus,Refurbished,6,128,Unlocked,979.98,174.3,3.94,1,87,0,1
Samsung,New,12,128,Unlocked,794.98,161.29,4.5,1,116,1,0
Apple,New,16,128,AT&T,1423.58,25.47,4.4,0,50,1,0
Samsung,Refurbished,8,512,Unlocked,881.8,60.62,4.37,0,79,0,0
Google,New,8,256,Verizon,928.25,52.54,4.53,1,14,0,0
Apple,New,8,128,T-Mobile,868.54,0.0,3.9,0,12,0,0
Samsung,New,8,512,T-Mobile,758.77,99.48,3.95,0,29,0,0
OnePlus,New,6,256,Unlocked,1058.97,130.71,4.89,1,36,1,0
Apple,New,8,128,T-Mobile,595.01,119.41,4.33,1,32,0,0
Samsung,New,16,512,Unlocked,409.57,81.97,4.7,0,80,0,0
Samsung,New,12,128,Unlocked,816.96,136.53,5.0,0,46,0,0
Apple,New,16,128,Unlocked,1029.42,11.88,4.82,0,84,0,0
OnePlus,New,6,128,Verizon,722.23,189.1,3.72,1,16,1,1
Google,New,8,128,Unlocked,891.03,33.68,4.34,0,43,0,0
Apple,New,8,256,Unlocked,581.45,40.34,4.92,0,69,0,0
Xiaomi,New,8,256,Unlocked,1083.79,45.49,4.66,0,119,0,0
OnePlus,OpenBox,8,512,T-Mobile,993.42,41.11,4.49,1,44,0,0
Apple,New,12,128,Verizon,854.34,68.44,3.58,1,68,0,1
OnePlus,New,12,128,AT&T,887.12,66.11,4.09,3,60,0,1
Apple,New,8,128,Verizon,543.41,87.78,4.43,0,2,0,0
Xiaomi,OpenBox,8,128,Unlocked,553.24,30.88,3.69,2,34,0,0
Samsung,New,8,512,Unlocked,823.16,90.0,4.8,3,35,0,0
Samsung,OpenBox,6,256,Unlocked,963.02,14.57,4.34,1,55,1,0
Apple,New,6,256,Unlocked,974.16,123.95,3.41,0,23,1,0
OnePlus,New,8,256,T-Mobile,770.15,123.2,4.12,1,85,0,0
Apple,OpenBox,8,128,Unlocked,1013.98,79.65,4.26,0,57,0,0
Apple,New,16,128,Verizon,1162.57,41.02,4.34,1,11,0,1
Apple,New,8,128,AT&T,830.49,98.67,5.0,0,43,0,1
Google,Refurbished,6,256,T-Mobile,918.13,26.74,4.69,2,61,1,0
Apple,New,6,128,Unlocked,804.27,82.07,3.72,0,26,0,0
OnePlus,New,12,64,T-Mobile,822.21,70.89,3.66,1,74,0,0
Samsung,New,6,256,Verizon,887.3,237.79,4.27,0,91,1,1
Apple,New,6,128,Unlocked,1224.72,6.38,4.46,0,80,0,0
Apple,OpenBox,8,256,AT&T,1051.36,0.0,4.9,0,80,0,0
Apple,New,8,64,Unlocked,1031.54,41.75,5.0,1,110,0,1
Samsung,Refurbished,8,256,AT&T,750.18,0.0,5.0,2,63,0,0
Google,New,8,128,Verizon,652.4,36.4,4.18,1,93,0,1
Apple,Refurbished,6,512,AT&T,935.7,2.14,4.87,0,41,1,1
OnePlus,OpenBox,12,256,T-Mobile,1123.62,25.73,4.61,0,88,0,0
Apple,Refurbished,8,64,Verizon,1229.15,16.11,3.85,1,70,0,0
Google,New,8,256,Unlocked,310.42,137.78,3.46,1,104,0,1
Xiaomi,New,6,256,Unlocked,1388.21,77.09,4.47,0,10,0,0
Google,New,8,256,T-Mobile,941.74,144.53,3.65,1,109,1,1
Google,New,8,512,Verizon,1049.96,82.43,3.97,1,28,0,0
OnePlus,New,8,256,T-Mobile,467.21,135.72,4.06,0,100,1,0
Apple,OpenBox,8,128,Unlocked,797.88,61.87,4.51,1,46,0,0
Apple,New,16,128,Unlocked,1031.03,175.67,5.0,1,74,1,1
Apple,OpenBox,8,128,T-Mobile,591.56,108.26,4.41,0,40,0,0
Samsung,New,16,256,AT&T,214.57,33.21,4.13,2,101,0,1
Google,Refurbished,16,512,Unlocked,923.81,117.15,3.37,0,87,1,0
Samsung,New,8,256,Unlocked,839.05,81.63,4.63,1,39,0,0
OnePlus,New,8,128,T-Mobile,1167.09,67.85,4.41,1,16,1,0
Apple,OpenBox,8,512,AT&T,814.82,85.76,4.13,0,114,0,0
Google,OpenBox,16,256,Unlocked,830.92,125.07,4.98,0,116,1,1
Apple,OpenBox,8,128,Unlocked,1003.49,0.0,3.8,0,21,0,0
Apple,Refurbished,8,512,Unlocked,1077.37,58.94,4.06,2,38,0,0
Google,New,6,128,Unlocked,694.08,120.96,4.28,0,28,1,0
Xiaomi,OpenBox,12,256,Unlocked,1057.79,94.89,4.12,0,28,0,1
Samsung,New,6,128,Unlocked,735.22,12.42,4.68,1,19,1,0
Apple,New,6,512,AT&T,853.63,0.0,4.63,0,87,1,1
Samsung,New,8,128,Unlocked,997.57,182.06,4.93,1,93,0,0
Apple,New,8,128,AT&T,1035.93,68.78,4.65,1,73,0,0
OnePlus,New,12,256,Unlocked,920.03,170.84,4.34,0,52,1,0
Google,OpenBox,12,512,Unlocked,612.28,127.7,4.23,0,117,0,1
Apple,New,6,128,Unlocked,438.54,32.38,4.63,1,88,0,0
Apple,Refurbished,8,128,Unlocked,808.65,0.0,4.3,0,8,0,0
Apple,New,12,512,Verizon,1063.68,52.27,4.42,0,61,1,0
Xiaomi,New,8,256,T-Mobile,948.93,77.77,4.65,1,21,1,0
Samsung,New,6,128,AT&T,903.25,107.04,4.47,1,48,1,0
Google,New,8,128,AT&T,848.45,13.35,4.55,2,47,0,0
Samsung,New,8,128,T-Mobile,918.0,90.68,4.0,0,107,0,0
Samsung,New,16,256,AT&T,631.3,90.66,5.0,1,98,0,0
Apple,New,12,256,Verizon,1021.64,139.16,3.85,0,52,1,0
Xiaomi,New,6,256,AT&T,1036.19,61.59,4.62,0,92,1,0
Apple,OpenBox,12,64,Unlocked,771.84,106.57,4.16,1,74,0,1
Samsung,New,8,256,Unlocked,946.14,97.31,4.94,1,66,0,0
Google,OpenBox,12,64,AT&T,472.36,132.54,4.84,0,103,1,1
Samsung,OpenBox,8,512,AT&T,889.61,30.81,4.4,0,75,1,0
Xiaomi,New,6,64,Unlocked,820.71,0.0,5.0,0,26,1,0
Apple,New,8,128,T-Mobile,1127.03,65.79,4.31,1,48,0,0
Samsung,New,8,128,Unlocked,806.3,66.14,4.84,1,48,0,0
Samsung,New,8,128,AT&T,1041.11,10.55,4.04,0,101,0,0
Samsung,New,8,128,T-Mobile,763.94,0.0,4.6,1,18,0,0
Apple,Refurbished,12,256,Unlocked,347.06,45.52,3.93,0,57,1,0
Apple,New,12,512,T-Mobile,800.38,73.11,4.41,2,65,0,0
Apple,New,8,256,AT&T,893.29,85.73,4.37,1,114,0,0
Apple,New,6,256,AT&T,883.18,0.0,4.84,0,94,1,0
Samsung,New,8,128,T-Mobile,886.51,0.0,4.06,0,32,0,0
Samsung,New,8,256,Verizon,738.58,147.77,5.0,0,7,0,0
Samsung,New,6,128,Unlocked,778.78,68.62,3.71,0,16,1,0
Samsung,Refurbished,12,128,Verizon,602.2,79.85,4.52,1,8,0,0
Samsung,New,16,64,Unlocked,410.75,0.0,4.54,0,49,0,0
Apple,New,6,128,Unlocked,826.58,79.74,4.67,1,89,1,0
Samsung,New,12,256,Unlocked,686.06,57.46,4.14,2,79,0,0
Apple,New,8,128,Unlocked,1087.56,42.89,4.52,0,85,1,0
Apple,OpenBox,8,128,AT&T,369.96,0.0,4.12,0,64,1,0
Samsung,Refurbished,8,256,T-Mobile,914.02,27.89,5.0,1,48,0,0
Samsung,OpenBox,6,128,T-Mobile,1316.73,198.32,4.08,1,99,0,0
Apple,New,6,256,Unlocked,809.77,59.03,4.33,1,43,0,1
Samsung,New,16,128,Verizon,849.4,127.38,4.07,0,70,1,0
Samsung,OpenBox,8,512,Verizon,943.8,68.22,4.0,0,34,0,0
Google,New,8,256,Unlocked,960.99,61.27,3.7,1,44,0,0
Samsung,New,8,64,Verizon,760.13,41.84,4.74,0,8,1,0
Samsung,New,16,512,Unlocked,628.17,160.74,4.06,1,73,0,0
Apple,New,8,128,T-Mobile,993.6,102.38,4.0,1,62,0,0
Google,OpenBox,16,128,Unlocked,430.23,32.62,3.92,0,38,1,1
Samsung,New,12,256,AT&T,1033.09,56.35,4.55,0,74,0,0
Samsung,Refurbished,8,256,T-Mobile,763.8,144.55,4.41,1,16,1,0
Samsung,New,12,128,AT&T,850.68,0.0,4.41,0,103,0,0
Samsung,New,12,128,Unlocked,734.37,98.63,4.02,0,4,0,0
Samsung,New,12,128,Unlocked,1164.79,112.26,4.62,1,65,0,0
Google,New,8,256,T-Mobile,904.78,35.02,4.07,1,32,1,0
OnePlus,New,6,512,Unlocked,779.22,89.28,4.44,2,19,0,0
Xiaomi,New,6,128,Unlocked,773.02,110.14,4.33,2,21,1,0
Samsung,New,8,512,T-Mobile,817.41,6.13,3.56,1,37,0,0
Samsung,OpenBox,12,128,AT&T,1377.33,130.52,5.0,2,76,1,0
Google,New,12,256,AT&T,560.24,97.84,4.69,0,94,0,1
Apple,New,8,512,Unlocked,1088.23,70.82,4.49,1,111,1,0
OnePlus,New,6,256,Unlocked,974.98,86.3,4.57,1,74,0,1
Samsung,OpenBox,6,128,AT&T,1188.76,122.43,5.0,2,60,0,0
Apple,New,12,128,Unlocked,988.39,218.97,4.97,2,92,0,0
Apple,New,8,64,Unlocked,850.74,116.6,4.57,0,97,0,1
OnePlus,New,12,256,Unlocked,1074.41,128.63,4.05,0,50,0,0
Apple,New,6,512,Verizon,900.55,91.61,4.12,0,50,0,0
Apple,New,8,128,Unlocked,1016.09,194.1,3.5,1,9,1,0
Apple,New,16,128,T-Mobile,1164.21,0.0,4.22,1,2,1,0
Apple,Refurbished,6,128,Unlocked,870.35,0.0,4.73,0,107,1,1
Apple,New,6,256,Unlocked,756.64,89.18,4.72,1,104,0,0
Google,New,12,256,T-Mobile,708.36,119.61,4.71,1,42,0,0
Apple,New,8,128,T-Mobile,949.12,0.0,4.14,1,113,0,0
OnePlus,New,16,256,Verizon,656.8,79.79,4.68,1,10,1,0
OnePlus,New,16,64,T-Mobile,773.04,69.17,4.81,0,114,1,0
Samsung,New,12,256,Unlocked,637.13,124.65,3.29,1,70,0,0
Apple,New,6,128,Unlocked,961.83,105.72,4.55,1,63,0,0
Samsung,New,8,128,Unlocked,684.53,0.0,5.0,0,89,0,0
Apple,New,12,256,Unlocked,566.92,15.2,4.25,0,28,0,0
Samsung,Refurbished,8,256,AT&T,605.63,31.59,3.14,0,57,1,0
Xiaomi,New,16,128,AT&T,724.36,124.34,3.99,0,28,0,0
Xiaomi,New,12,256,Unlocked,744.33,102.48,3.49,0,74,0,1
Google,Refurbished,6,256,Unlocked,905.32,42.76,4.08,0,50,0,0
Apple,OpenBox,8,128,T-Mobile,814.44,88.67,3.79,0,50,0,0
Google,New,12,512,Verizon,931.47,16.52,4.87,0,89,0,0
Google,OpenBox,6,512,Unlocked,949.13,202.98,4.79,2,97,1,0
Samsung,New,8,64,Unlocked,1012.91,114.46,4.57,0,103,0,0
Samsung,New,12,512,Unlocked,430.28,127.17,5.0,0,94,0,0
Apple,OpenBox,6,256,Unlocked,602.01,162.61,4.12,2,22,0,0
Apple,OpenBox,8,128,Unlocked,972.08,140.97,4.44,0,86,0,0
Samsung,New,12,256,Unlocked,896.51,81.89,5.0,0,85,0,0
Apple,New,12,64,Unlocked,1064.93,68.9,4.69,0,3,0,0
Apple,New,8,256,Unlocked,510.32,157.3,4.69,0,24,1,0
OnePlus,New,16,512,Unlocked,745.47,81.59,4.02,1,62,0,0
Xiaomi,Refurbished,16,128,Unlocked,784.8,35.06,4.19,0,37,1,0
Samsung,New,8,256,Unlocked,886.64,198.0,3.9,2,94,0,0
OnePlus,New,6,128,T-Mobile,857.89,23.84,5.0,1,92,0,0
Xiaomi,New,12,256,AT&T,953.2,0.0,3.62,0,30,1,0
Apple,New,8,256,Unlocked,824.78,139.57,4.86,0,3,0,0
Samsung,New,12,128,Unlocked,1151.91,36.13,4.69,0,31,1,0
Samsung,Refurbished,8,256,Verizon,1222.07,106.11,3.6,0,108,0,0
Apple,New,8,128,Unlocked,604.06,189.03,4.97,2,108,0,0
Google,New,8,256,Verizon,859.92,0.0,4.27,0,61,1,0
Samsung,New,8,256,T-Mobile,1025.56,77.55,3.74,0,101,0,0
Samsung,New,16,256,Unlocked,978.77,169.0,4.58,0,68,0,0
Apple,New,8,128,Unlocked,760.27,120.91,3.99,1,118,1,0
Apple,New,16,256,Unlocked,906.07,69.21,4.3,1,19,0,0
OnePlus,New,6,256,Verizon,501.64,223.36,4.15,1,60,1,0
Apple,New,12,256,Unlocked,845.79,74.28,3.96,0,22,0,0
Apple,OpenBox,16,256,Verizon,528.73,103.81,3.81,0,15,1,0
Apple,New,8,512,Unlocked,961.76,178.96,4.8,1,19,0,0
Samsung,New,6,128,AT&T,604.49,138.85,4.56,1,1,0,0
Samsung,New,12,64,Verizon,885.87,159.3,4.53,0,113,1,0
Samsung,New,12,512,Unlocked,920.22,26.03,4.22,1,85,1,0
Apple,Refurbished,8,64,T-Mobile,866.69,153.69,4.43,2,60,1,0
Apple,New,8,512,AT&T,710.97,90.18,4.03,1,98,0,0
OnePlus,New,12,256,Unlocked,803.72,35.25,4.02,2,68,0,0
Samsung,New,6,512,T-Mobile,1109.84,93.32,5.0,1,51,0,0
Samsung,Refurbished,8,256,AT&T,756.59,91.41,4.84,0,58,0,0
Samsung,New,8,256,Unlocked,854.71,192.09,4.12,0,51,0,0
Google,New,6,256,Verizon,727.51,102.88,3.65,0,49,0,0
Apple,New,12,256,Verizon,1074.49,33.15,3.55,0,100,0,0
Samsung,New,8,128,Verizon,867.12,19.31,4.08,1,116,1,0
Samsung,OpenBox,16,64,T-Mobile,681.93,77.16,4.45,1,23,0,0
Apple,New,8,128,Unlocked,851.57,0.0,4.46,2,88,0,0
OnePlus,New,8,512,Unlocked,796.97,37.08,4.47,1,8,0,0
Samsung,New,8,128,Unlocked,1156.37,65.35,4.57,2,95,0,0
Google,OpenBox,8,256,AT&T,840.17,54.69,3.88,0,115,0,0
OnePlus,New,12,256,Unlocked,545.8,123.61,5.0,2,87,0,0
Samsung,New,12,128,Unlocked,959.7,35.73,4.3,2,65,0,1
OnePlus,Refurbished,12,512,Unlocked,1242.94,0.0,4.55,0,113,1,0
Samsung,New,8,64,Verizon,1113.32,0.0,4.07,0,92,0,0
OnePlus,OpenBox,8,256,Unlocked,607.35,78.93,4.56,0,94,0,0
Apple,OpenBox,6,128,Unlocked,790.88,44.79,5.0,0,114,0,0
Samsung,New,12,64,Unlocked,843.25,5.8,3.91,2,65,0,0
Samsung,New,8,128,Unlocked,845.92,197.51,3.84,1,97,0,1
Apple,New,8,256,Unlocked,933.81,129.73,3.97,1,108,0,0
Samsung,OpenBox,8,128,Unlocked,774.3,76.49,4.23,1,56,0,0
OnePlus,OpenBox,8,256,Verizon,648.56,94.0,4.14,1,87,0,0
Samsung,Refurbished,12,256,Unlocked,1059.4,64.09,3.88,0,78,0,1
Apple,New,8,128,Unlocked,602.82,4.77,4.38,1,118,0,0
Apple,New,16,128,Verizon,673.53,141.84,5.0,0,76,1,0
Apple,New,6,128,Unlocked,601.45,131.08,4.33,0,87,0,0
Apple,New,8,256,Unlocked,984.69,0.0,4.35,2,111,0,0
Xiaomi,New,6,256,Unlocked,873.42,93.59,4.57,2,2,1,0
Samsung,OpenBox,12,64,Unlocked,1044.37,100.21,4.72,1,17,0,0
Apple,New,8,256,Unlocked,677.26,60.7,5.0,1,40,0,1
Samsung,New,8,128,T-Mobile,574.34,205.84,4.52,2,83,1,0
Apple,New,12,256,Unlocked,752.34,199.32,4.4,1,53,0,0
Apple,New,8,64,Verizon,809.85,57.35,3.9,0,103,0,1
Google,Refurbished,8,64,T-Mobile,896.0,66.63,4.77,4,10,0,0
Samsung,New,8,128,Unlocked,479.87,59.58,3.98,0,43,0,0
Xiaomi,New,6,256,AT&T,955.32,43.32,3.96,2,18,0,0
Samsung,New,12,256,Unlocked,653.27,24.75,4.5,0,85,1,0
Samsung,New,12,128,Verizon,707.57,110.41,5.0,1,33,0,0
Google,New,12,128,T-Mobile,1108.22,197.69,4.76,1,30,1,0
OnePlus,OpenBox,12,256,Unlocked,369.7,173.0,4.38,0,73,0,1
Google,Refurbished,12,64,T-Mobile,920.95,127.35,3.91,0,11,0,0
Xiaomi,New,8,256,Unlocked,920.12,0.0,5.0,2,111,0,0
Google,New,6,128,Verizon,669.87,0.0,4.37,1,4,0,0
OnePlus,New,8,128,Unlocked,751.66,143.85,4.25,0,41,0,0
Apple,New,16,256,Unlocked,1118.63,177.16,4.68,1,64,0,0
Google,New,16,128,Unlocked,1281.84,113.22,4.18,0,2,1,0
Samsung,OpenBox,12,256,T-Mobile,1084.24,61.67,4.02,1,7,1,0
Samsung,New,8,128,Verizon,1264.89,161.14,4.07,1,117,0,0
Samsung,OpenBox,6,128,T-Mobile,697.91,125.22,4.07,0,71,0,0
Xiaomi,New,12,256,Unlocked,502.38,148.25,3.84,0,4,1,0
Xiaomi,New,6,64,Unlocked,838.42,0.0,3.78,0,45,0,0
Apple,New,8,256,Unlocked,1027.07,100.6,4.89,1,40,1,0
Google,New,8,256,Unlocked,441.95,186.47,4.73,1,1,0,0
Google,New,8,512,Unlocked,646.18,111.65,3.99,0,68,0,0
Apple,OpenBox,12,128,T-Mobile,670.61,136.89,4.84,1,27,0,1
Apple,New,16,128,T-Mobile,928.44,82.18,4.55,0,78,0,0
Apple,New,12,128,Unlocked,900.08,86.36,4.24,1,88,1,0
Google,New,8,512,Unlocked,679.46,164.15,3.79,0,50,0,0
Samsung,New,8,128,Verizon,889.56,39.81,4.57,1,46,1,0
Xiaomi,New,16,128,Verizon,598.14,33.94,5.0,1,76,0,0
Samsung,New,8,256,Verizon,756.19,51.31,4.41,1,87,1,0
Xiaomi,New,8,64,Unlocked,571.75,81.41,4.9,0,48,0,0
Samsung,New,12,256,Unlocked,816.95,0.0,4.29,0,97,0,0
Google,OpenBox,8,128,Unlocked,673.89,123.86,4.86,1,35,1,1
Apple,OpenBox,6,256,T-Mobile,1001.88,70.15,4.32,1,95,0,0
Samsung,New,12,256,AT&T,844.24,131.22,3.2,3,45,0,1
Google,New,8,128,T-Mobile,800.12,0.0,4.04,1,80,0,0
Xiaomi,New,6,256,Unlocked,1238.99,131.45,4.47,0,119,0,0
OnePlus,New,8,256,Unlocked,934.32,160.21,4.94,1,89,0,0
Apple,New,16,128,Unlocked,769.01,106.31,4.32,1,38,0,0
Samsung,New,8,512,T-Mobile,721.58,81.8,4.41,1,68,1,0
Apple,New,8,256,Unlocked,590.14,131.91,4.11,0,24,1,1
Apple,New,6,512,Verizon,835.51,156.29,5.0,0,56,1,0
Samsung,New,16,256,Unlocked,917.67,111.38,5.0,1,74,1,0
Google,OpenBox,12,128,Unlocked,428.84,115.86,4.06,4,8,0,0
Google,New,8,128,Unlocked,549.92,179.42,3.64,1,48,1,0
OnePlus,New,8,128,Unlocked,736.46,125.67,3.5,0,117,0,0
Google,New,12,64,AT&T,608.4,31.98,4.7,0,119,1,0
Google,OpenBox,12,128,T-Mobile,859.52,156.0,4.47,0,100,0,1
Apple,OpenBox,12,128,Verizon,890.07,72.58,4.01,0,86,0,0
Apple,New,16,64,Unlocked,823.09,82.0,4.54,0,80,0,0
Samsung,New,8,256,AT&T,971.04,86.41,3.78,1,64,0,1
OnePlus,New,8,128,Unlocked,721.32,138.13,4.8,3,77,0,0
Apple,New,8,256,AT&T,839.9,184.93,4.21,1,29,1,0
Samsung,New,12,256,AT&T,629.27,81.47,3.86,0,69,0,0
Samsung,New,8,256,Unlocked,912.62,183.88,4.22,0,67,0,0
Apple,New,8,128,Unlocked,866.7,89.88,4.2,0,12,1,0
Samsung,OpenBox,12,256,Unlocked,586.32,164.13,4.58,0,34,1,0
OnePlus,New,8,256,Unlocked,815.89,91.91,4.98,0,39,1,0
Samsung,New,12,512,T-Mobile,841.68,50.45,4.96,1,82,0,0
Apple,New,6,128,Verizon,911.82,195.33,4.48,1,41,0,0
OnePlus,New,8,64,Unlocked,919.99,44.73,4.31,1,26,1,1
Apple,New,8,256,Unlocked,691.34,40.71,4.12,2,95,0,1
OnePlus,Refurbished,12,128,AT&T,1018.0,4.64,3.52,1,61,0,0
Apple,OpenBox,12,256,Unlocked,965.07,156.04,4.39,1,72,0,0
Samsung,New,8,256,Unlocked,690.59,170.21,3.97,0,41,1,1
Samsung,OpenBox,8,256,Verizon,598.61,102.39,5.0,0,48,0,1
Apple,New,6,512,Unlocked,707.41,20.97,4.3,2,69,1,0
OnePlus,New,12,256,Unlocked,526.24,79.59,4.77,0,40,1,0
Apple,New,16,512,Unlocked,895.76,61.84,4.16,0,114,1,0
Apple,New,12,256,Unlocked,1110.38,18.17,4.06,0,102,0,0
Apple,New,8,128,T-Mobile,1162.74,50.67,4.7,0,115,0,0
Google,New,8,256,AT&T,610.34,110.34,4.54,0,94,0,0
Google,New,8,256,T-Mobile,1023.1,43.69,4.56,0,11,1,0
Xiaomi,OpenBox,6,512,T-Mobile,868.59,97.5,4.35,1,97,0,0
Apple,New,6,128,Unlocked,322.89,0.0,4.79,0,30,0,1
Samsung,OpenBox,6,128,Unlocked,776.87,180.75,4.72,3,48,0,0
Apple,New,6,256,Verizon,752.39,56.52,3.31,0,50,0,0
Samsung,OpenBox,12,64,Unlocked,1116.38,132.21,4.27,1,58,0,0
Xiaomi,New,8,256,T-Mobile,658.39,91.32,4.91,0,96,0,0
Google,New,12,256,Unlocked,973.87,104.15,3.89,2,69,0,0
Samsung,New,16,128,Unlocked,826.44,12.08,3.55,1,64,0,1
Samsung,Refurbished,8,128,Verizon,531.92,34.37,4.33,0,23,0,0
OnePlus,New,8,256,T-Mobile,728.52,35.73,4.66,1,96,0,0
Samsung,New,12,64,Verizon,1186.96,81.52,4.17,2,44,0,0
Apple,OpenBox,6,256,Verizon,811.86,159.57,5.0,1,80,0,0
Samsung,New,8,256,Unlocked,1049.29,106.0,5.0,2,59,0,0
Apple,OpenBox,8,256,Verizon,1037.23,25.98,3.44,2,78,0,1
Apple,New,12,128,AT&T,751.38,85.24,4.21,1,80,0,1
Apple,New,12,64,Unlocked,567.65,75.16,3.26,0,67,0,0
Samsung,New,12,256,AT&T,596.6,58.95,4.73,0,54,0,0
Samsung,New,12,128,Unlocked,1169.37,79.08,4.06,0,85,0,1
Apple,New,8,128,Unlocked,883.38,125.82,4.16,2,19,0,0
Samsung,New,12,512,T-Mobile,468.56,36.8,4.97,0,116,0,0
Xiaomi,New,12,128,Unlocked,1033.47,59.25,3.74,2,51,0,0
Google,OpenBox,8,128,Verizon,456.89,138.93,3.61,0,117,0,0
Samsung,OpenBox,16,512,Unlocked,668.25,108.14,3.26,2,64,1,0
Apple,New,12,64,T-Mobile,867.88,156.75,5.0,2,16,0,0
OnePlus,New,8,128,Unlocked,1404.49,166.15,4.92,0,78,0,0
Apple,New,6,128,Unlocked,1029.52,0.0,4.25,1,62,0,0
Apple,OpenBox,8,256,T-Mobile,743.87,97.3,3.76,1,102,0,0
OnePlus,OpenBox,12,512,Verizon,856.23,49.52,4.82,0,100,1,0
Samsung,New,6,256,Unlocked,1052.34,8.08,5.0,0,28,1,0
Google,New,8,512,Unlocked,1162.81,32.65,4.28,1,92,0,0
Samsung,Refurbished,8,64,Unlocked,795.52,61.95,3.8,0,67,0,0
Samsung,OpenBox,12,256,T-Mobile,801.9,62.33,5.0,0,55,0,0
Apple,New,12,128,Verizon,667.39,43.59,3.83,0,50,0,0
Apple,OpenBox,12,512,T-Mobile,996.33,79.18,4.22,1,81,0,0
Apple,New,8,512,T-Mobile,1075.71,226.8,3.08,0,82,0,1
Apple,New,6,128,Unlocked,423.49,0.0,4.25,0,105,1,0
OnePlus,OpenBox,12,256,Verizon,762.7,148.23,3.76,0,105,1,0
Apple,New,6,256,Verizon,583.04,78.9,5.0,0,29,0,0
Samsung,New,8,128,AT&T,883.2,53.73,3.91,1,57,1,0
Google,Refurbished,16,256,Verizon,577.65,0.0,4.79,0,118,0,0
Google,OpenBox,8,512,Unlocked,559.57,125.77,4.35,0,101,0,1
Samsung,New,8,128,T-Mobile,1097.17,0.0,4.46,0,54,0,0
Samsung,New,12,64,Verizon,813.57,129.67,4.66,1,1,0,0
Xiaomi,OpenBox,12,512,T-Mobile,836.82,184.48,4.37,2,28,0,0
Samsung,New,8,128,Unlocked,944.97,3.03,4.08,0,109,1,0
Google,Refurbished,8,128,Unlocked,1063.58,150.1,3.99,2,84,1,1
OnePlus,New,6,256,Verizon,757.91,81.53,4.65,1,94,0,0
Google,New,8,256,AT&T,762.81,0.0,3.45,0,93,0,0
Apple,New,8,128,Unlocked,763.75,7.71,5.0,1,16,0,0
Samsung,OpenBox,8,64,Unlocked,1087.93,90.69,4.47,1,70,0,0
Apple,Refurbished,12,256,AT&T,835.01,104.07,4.23,0,81,0,0
Samsung,New,6,128,T-Mobile,785.96,0.0,4.53,1,12,0,1
Xiaomi,New,8,256,Unlocked,936.0,81.9,4.1,0,62,0,0
Samsung,OpenBox,6,512,Unlocked,1252.88,129.41,4.31,0,32,0,0
Samsung,New,8,64,Unlocked,866.34,139.91,3.83,1,116,1,0
Apple,New,6,512,Unlocked,790.72,55.23,4.59,2,31,0,0
Xiaomi,OpenBox,6,256,Unlocked,1277.46,106.31,4.36,1,37,0,0
Apple,OpenBox,16,512,Unlocked,1142.56,144.35,4.49,0,106,0,0
Apple,OpenBox,16,128,Verizon,1110.66,131.15,5.0,0,73,1,0
Apple,New,12,128,Unlocked,739.85,133.49,4.0,0,113,0,0
Apple,New,8,256,Unlocked,718.04,86.81,4.34,2,63,0,0
Samsung,Refurbished,12,512,T-Mobile,446.49,74.33,3.57,0,23,1,0
Samsung,New,12,512,Unlocked,1062.28,96.33,4.68,0,27,0,0
Apple,New,8,128,AT&T,866.94,34.17,4.39,0,20,0,0
Apple,OpenBox,6,256,Unlocked,453.8,146.73,4.41,1,97,0,0
Apple,New,12,128,AT&T,1114.41,0.0,4.32,1,3,0,0
Samsung,OpenBox,16,256,AT&T,775.78,49.74,4.11,1,89,0,1
Apple,New,8,256,Unlocked,802.9,77.83,5.0,0,53,1,0
Google,Refurbished,8,256,Verizon,517.15,108.18,4.42,1,65,0,0
Apple,New,8,128,Verizon,958.28,119.45,4.55,0,99,0,1
Apple,New,8,512,Unlocked,960.39,169.34,3.83,0,113,0,0
Samsung,Refurbished,12,128,AT&T,839.44,84.67,4.84,0,34,1,0
Samsung,New,8,128,Unlocked,757.99,36.92,4.34,2,111,0,0
Apple,OpenBox,16,256,Unlocked,1427.82,71.3,4.62,2,109,0,0
Apple,New,12,256,T-Mobile,585.26,60.84,4.85,0,98,0,0
OnePlus,OpenBox,6,256,Unlocked,691.28,111.2,4.35,2,15,1,0
Apple,OpenBox,12,256,Unlocked,1005.82,15.98,4.06,0,19,0,0
Samsung,New,12,64,Unlocked,626.82,69.47,3.24,0,5,0,0
Samsung,New,8,128,T-Mobile,610.59,177.36,4.21,0,107,0,0
Apple,New,8,256,Unlocked,1098.93,90.79,4.06,3,114,1,0
Samsung,Refurbished,12,256,Unlocked,983.14,16.82,3.83,2,37,0,1
Google,Refurbished,8,256,Verizon,956.51,59.61,5.0,0,63,1,1
OnePlus,Refurbished,6,128,AT&T,890.0,0.0,4.89,1,68,0,0
Apple,New,8,64,Unlocked,697.73,76.47,3.49,0,47,0,0
Apple,New,8,256,T-Mobile,794.41,178.86,4.48,1,116,0,0
Apple,OpenBox,12,128,Unlocked,832.6,8.8,3.99,2,113,0,0
Samsung,OpenBox,6,256,Verizon,1036.17,0.0,4.58,0,28,0,0
Google,New,8,128,Verizon,943.69,40.8,4.0,1,66,0,0
Apple,New,8,128,Unlocked,645.87,135.28,4.13,0,24,0,1
Apple,New,12,128,T-Mobile,1023.7,182.28,4.88,0,11,0,0
Xiaomi,New,8,64,Verizon,480.73,106.89,4.81,0,102,0,0
Apple,New,16,256,Unlocked,779.51,2.85,5.0,2,104,0,0
Samsung,New,16,128,Unlocked,598.75,78.67,4.29,0,2,0,0
Google,New,6,128,Unlocked,661.44,187.37,3.67,0,65,1,1
Apple,Refurbished,12,512,T-Mobile,1273.85,61.35,4.86,0,21,0,0
Apple,OpenBox,8,128,Unlocked,526.45,88.43,4.86,0,68,0,0
Apple,Refurbished,12,256,T-Mobile,669.78,94.43,4.71,2,39,0,0
OnePlus,New,8,128,Unlocked,962.29,0.0,4.03,1,64,1,0
Apple,New,8,128,T-Mobile,746.6,139.88,3.86,2,88,0,0
Apple,New,8,64,AT&T,884.22,131.23,4.67,1,11,0,0
Apple,New,8,512,Unlocked,1164.5,0.0,3.96,1,58,0,0
Apple,New,12,128,Unlocked,994.02,0.16,4.25,1,41,1,0
Samsung,OpenBox,12,256,AT&T,746.89,21.82,5.0,0,47,0,0
Apple,OpenBox,6,512,Unlocked,820.58,124.9,5.0,0,111,0,0
Samsung,OpenBox,8,64,Unlocked,966.73,34.93,4.8,1,110,0,0
Samsung,New,8,256,AT&T,989.7,104.08,4.07,0,78,0,0
OnePlus,New,8,128,T-Mobile,854.57,69.09,4.04,0,90,0,0
Apple,New,6,128,AT&T,929.33,84.27,4.76,0,46,0,0
OnePlus,New,8,256,T-Mobile,929.55,109.76,5.0,0,76,1,0
Samsung,OpenBox,12,64,Verizon,829.71,96.34,4.14,0,57,0,0
Apple,New,8,512,AT&T,716.85,78.86,4.17,0,41,0,1
Google,OpenBox,12,256,Unlocked,1013.37,99.62,4.44,1,95,0,0
OnePlus,New,8,128,AT&T,914.2,93.02,3.71,0,103,0,0
Apple,Refurbished,8,64,Verizon,392.18,67.42,3.72,1,42,0,1
OnePlus,Refurbished,8,256,Verizon,668.32,54.13,3.81,1,31,0,0
Samsung,New,8,128,T-Mobile,744.25,192.83,4.67,0,48,0,0
Samsung,OpenBox,8,128,Unlocked,805.75,53.44,4.54,1,113,0,0
Xiaomi,New,16,128,Verizon,1114.87,162.02,4.97,1,92,0,0
Samsung,OpenBox,12,64,Unlocked,1554.51,38.89,3.53,0,31,1,1
Google,OpenBox,12,512,Unlocked,309.06,128.61,3.64,0,74,1,0
Apple,OpenBox,6,128,Unlocked,916.97,187.03,4.63,0,98,0,0
Google,OpenBox,6,128,T-Mobile,865.31,59.75,3.96,1,43,0,0
Samsung,New,6,256,Unlocked,810.29,39.96,4.0,0,109,0,0
Apple,OpenBox,16,256,Verizon,969.45,54.25,4.91,0,112,0,1
Samsung,New,12,512,Verizon,882.95,78.84,4.12,1,27,0,0
Apple,New,8,512,T-Mobile,770.48,99.31,4.18,0,72,0,0
Apple,New,16,128,AT&T,856.43,77.6,4.27,0,28,0,0
Apple,OpenBox,6,128,Unlocked,972.44,54.8,4.31,2,80,0,1
Apple,New,8,256,Unlocked,951.52,197.27,4.74,0,10,0,1
Apple,New,6,64,AT&T,891.5,67.97,3.79,0,77,0,1
Apple,Refurbished,8,256,Unlocked,721.64,42.79,4.31,1,41,0,1
Google,New,16,64,Unlocked,1470.21,129.83,4.98,0,61,0,0
Google,New,12,512,Unlocked,929.09,130.79,5.0,1,60,0,0
Google,New,6,256,Unlocked,1017.74,164.75,3.72,0,119,0,0
Apple,New,8,256,T-Mobile,738.28,195.67,4.57,2,11,0,0
OnePlus,OpenBox,8,128,T-Mobile,891.71,100.78,4.3,0,70,0,0
Samsung,New,6,512,AT&T,889.95,62.7,4.35,0,18,0,0
Apple,New,8,256,Unlocked,429.37,0.0,4.01,0,78,1,0
Apple,OpenBox,8,256,T-Mobile,692.33,23.73,4.78,2,51,0,0
Google,OpenBox,8,256,Verizon,688.27,92.51,4.75,0,20,1,0
Apple,OpenBox,8,64,T-Mobile,717.9,9.14,5.0,0,22,1,0
Samsung,New,8,64,Unlocked,614.64,0.0,3.74,1,15,0,1
Xiaomi,OpenBox,16,128,Unlocked,859.65,83.95,3.53,1,93,1,0
Apple,New,8,256,Verizon,1157.42,126.61,5.0,0,109,0,0
Apple,New,8,256,T-Mobile,878.71,65.21,4.37,2,39,0,0
Xiaomi,New,8,128,Unlocked,590.12,133.81,4.17,0,46,0,0
Samsung,OpenBox,12,512,Unlocked,623.2,116.99,4.49,0,6,0,0
Apple,New,6,64,Verizon,767.05,148.95,3.7,0,20,1,1
OnePlus,OpenBox,6,256,T-Mobile,538.57,210.41,4.59,0,19,0,0
OnePlus,New,12,128,AT&T,916.98,236.84,4.36,0,113,0,0
Samsung,New,12,128,T-Mobile,1147.68,123.9,4.94,1,37,0,0
Samsung,New,8,64,Verizon,723.3,52.41,4.83,0,94,0,0
Apple,New,8,256,T-Mobile,866.75,83.71,4.87,1,18,0,0
Apple,New,16,256,Unlocked,755.63,174.4,4.5,0,22,0,0
Samsung,OpenBox,6,128,Unlocked,711.48,26.41,5.0,1,26,1,1
Apple,OpenBox,6,256,AT&T,891.71,166.86,4.69,1,23,0,0
Samsung,New,8,256,Verizon,704.07,69.8,4.13,1,25,0,0
OnePlus,New,8,128,Unlocked,672.15,93.63,4.0,1,35,0,0
Apple,New,8,256,Unlocked,493.76,31.54,4.05,1,50,0,0
Samsung,New,12,128,AT&T,864.21,0.58,4.69,1,22,1,0
Apple,New,8,512,AT&T,1084.74,63.27,3.73,0,63,0,0
OnePlus,New,8,256,Unlocked,1005.61,158.18,4.48,2,44,0,0
Apple,OpenBox,8,128,T-Mobile,1178.24,37.88,3.98,1,75,0,0
Samsung,New,12,256,Unlocked,701.61,176.75,3.77,0,70,1,0
Samsung,New,6,128,Unlocked,1037.18,45.63,3.85,0,109,0,0
Samsung,New,8,512,Unlocked,607.42,15.91,4.39,0,74,1,0
Samsung,New,12,256,Unlocked,1006.04,95.22,4.78,0,82,0,0
Google,New,8,64,Unlocked,1211.72,120.74,4.06,1,100,0,0
Samsung,New,6,256,AT&T,959.64,91.29,3.36,0,24,0,0
Google,OpenBox,8,128,AT&T,1215.6,89.06,5.0,1,104,0,1
Xiaomi,New,12,512,Unlocked,718.28,176.18,4.96,4,54,0,0
Samsung,New,6,512,T-Mobile,820.47,85.69,4.87,0,79,0,0
Samsung,New,12,256,T-Mobile,648.55,51.78,5.0,2,87,0,0
Apple,New,12,256,Unlocked,857.65,12.02,4.45,0,26,0,0
Google,New,8,256,Unlocked,909.33,156.42,4.33,0,67,0,0
Samsung,New,8,128,Unlocked,855.73,54.46,5.0,0,34,0,1
Samsung,New,12,64,Verizon,745.69,60.31,5.0,1,21,1,0
Apple,New,8,512,Unlocked,742.04,143.11,4.71,0,105,0,0
OnePlus,OpenBox,16,128,Verizon,925.94,203.25,4.84,0,94,1,0
Samsung,Refurbished,12,128,Verizon,814.96,95.08,3.78,1,23,1,0
Google,New,6,128,Verizon,596.6,71.78,4.27,1,24,0,0
Apple,New,12,512,Unlocked,432.6,79.66,5.0,1,11,1,0
Xiaomi,OpenBox,8,512,Unlocked,718.99,52.67,4.8,0,41,0,0
Apple,Refurbished,8,128,Unlocked,545.9,58.65,3.67,0,29,0,0
Apple,OpenBox,8,128,AT&T,666.17,58.97,4.13,0,88,0,0
OnePlus,New,8,256,Verizon,756.87,134.64,5.0,0,49,0,0
OnePlus,New,12,128,Verizon,817.86,74.71,4.63,1,116,0,0
Apple,New,12,512,Verizon,703.48,161.56,4.49,1,67,1,0
Samsung,OpenBox,8,512,Unlocked,1332.06,73.02,4.51,0,106,1,0
Google,New,8,256,Unlocked,572.56,57.98,4.36,1,12,0,0
OnePlus,New,12,64,Unlocked,1116.03,156.67,4.14,1,116,0,0
Samsung,New,12,256,Unlocked,814.24,81.29,3.98,0,39,1,0
Samsung,New,8,512,Unlocked,705.34,72.41,4.91,1,48,1,0
Google,New,8,128,Unlocked,979.27,82.01,4.52,1,72,0,0
Google,New,12,512,AT&T,750.37,168.0,4.75,0,52,1,0
Google,New,8,128,Unlocked,672.47,98.36,4.67,4,38,0,0
Samsung,OpenBox,8,512,Unlocked,1243.76,154.97,5.0,1,20,0,0
Apple,New,8,256,Unlocked,367.22,65.92,4.63,2,50,0,0
OnePlus,New,8,64,Unlocked,796.13,145.36,4.81,0,57,1,0
OnePlus,OpenBox,6,128,Unlocked,891.82,94.26,4.48,0,16,0,0
Google,OpenBox,6,64,Unlocked,1159.76,132.95,3.93,2,93,1,0
Apple,New,12,128,Unlocked,762.35,138.0,4.29,0,22,1,1
Apple,New,16,512,T-Mobile,1435.42,23.5,4.69,2,9,0,0
Google,New,8,128,Unlocked,1017.01,84.32,4.74,2,39,0,0
Apple,New,6,512,Unlocked,329.2,137.43,5.0,1,38,0,0
Xiaomi,New,12,64,Unlocked,530.19,146.99,4.17,0,36,0,0
Samsung,New,8,256,Unlocked,902.13,155.21,4.51,0,111,0,0
Google,New,16,512,Verizon,598.35,86.28,4.34,1,72,1,0
OnePlus,New,8,256,Unlocked,970.52,172.41,5.0,1,22,0,0
Samsung,New,8,512,T-Mobile,750.18,40.57,4.59,1,62,0,0
Apple,New,8,512,T-Mobile,586.87,0.0,4.6,0,36,1,0
Samsung,OpenBox,8,256,AT&T,637.79,63.34,4.38,0,114,1,1
Samsung,New,12,256,Unlocked,1037.42,151.75,4.29,1,112,1,1
Samsung,New,6,64,Unlocked,404.95,14.83,3.68,0,70,0,0
Samsung,New,12,128,Unlocked,1079.96,0.0,3.77,2,42,0,1
Xiaomi,OpenBox,12,128,AT&T,1086.4,0.0,4.49,1,16,0,0
Samsung,Refurbished,12,256,Unlocked,777.09,124.16,4.43,0,99,0,0
Apple,New,12,256,Verizon,541.02,0.0,4.49,0,3,0,0
Samsung,New,8,256,Unlocked,972.29,112.94,4.87,0,35,1,0
Samsung,New,8,512,Unlocked,743.0,60.31,4.45,0,66,1,0
Apple,New,12,64,Unlocked,516.67,33.76,4.23,1,31,0,1
Apple,OpenBox,8,512,Unlocked,1270.01,20.08,4.3,1,87,1,0
Google,New,6,128,Verizon,655.43,92.38,4.52,1,23,0,0
Apple,Refurbished,8,128,Verizon,526.13,34.75,4.21,0,102,0,1
Xiaomi,New,8,256,Unlocked,912.71,79.7,4.93,0,8,0,0
Apple,New,12,128,Unlocked,835.07,104.08,4.39,1,40,0,1
Apple,OpenBox,8,256,T-Mobile,1176.96,116.76,4.53,1,50,1,0
Google,New,12,256,Unlocked,766.29,136.06,3.99,1,118,0,0
OnePlus,OpenBox,16,256,Verizon,768.61,89.88,4.93,1,85,1,1
Apple,New,8,128,Unlocked,923.75,16.99,5.0,0,118,0,0
Apple,OpenBox,12,128,Verizon,893.89,107.94,3.72,0,61,0,1
Apple,New,6,64,Verizon,900.61,119.37,4.6,0,112,0,0
Samsung,New,6,128,Unlocked,909.83,69.11,4.35,1,49,0,0
Samsung,OpenBox,6,128,Unlocked,886.22,62.73,4.54,0,4,0,0
Apple,New,8,128,Unlocked,758.37,228.51,4.63,0,25,0,0
Apple,New,8,256,Unlocked,1033.19,2.42,3.28,1,45,0,1
Samsung,OpenBox,8,512,AT&T,770.82,109.62,4.78,1,82,0,0
Xiaomi,New,8,256,Unlocked,1026.96,142.76,4.96,0,25,0,1
Samsung,OpenBox,6,64,Unlocked,1155.31,59.52,5.0,0,31,0,1
Samsung,New,12,256,AT&T,700.94,69.89,3.93,1,78,1,0
Apple,New,6,128,T-Mobile,1378.99,55.91,4.38,0,4,0,0
Apple,New,12,128,Unlocked,693.23,80.01,4.13,0,106,0,0
Apple,New,16,128,Verizon,694.81,133.97,3.44,0,115,1,1
Google,Refurbished,12,512,Unlocked,968.8,68.11,4.09,0,97,1,1
OnePlus,New,8,256,AT&T,947.14,266.64,3.86,0,113,0,0
OnePlus,New,12,128,Unlocked,865.8,52.84,4.57,2,20,0,1
Xiaomi,New,12,256,AT&T,1030.02,162.65,3.58,0,26,0,0
Xiaomi,New,16,512,Unlocked,905.58,112.64,3.91,0,104,0,0
Xiaomi,New,16,64,Unlocked,1304.46,86.51,4.14,1,29,0,0
Apple,OpenBox,8,256,AT&T,838.29,168.25,4.79,0,84,1,0
Apple,OpenBox,8,128,Unlocked,662.01,0.0,5.0,1,70,1,0
Apple,OpenBox,12,128,Unlocked,728.62,105.51,4.55,0,36,0,0
Samsung,New,6,512,Unlocked,953.69,37.02,3.88,1,51,1,0
Apple,New,8,64,Verizon,956.91,53.84,4.06,0,54,0,0
OnePlus,New,12,256,Unlocked,895.42,51.02,4.73,1,106,0,0
Samsung,OpenBox,12,64,Verizon,663.11,22.17,3.73,0,64,0,0
Samsung,New,8,256,Unlocked,1093.9,0.0,4.95,1,51,1,0
Apple,New,8,256,Verizon,1276.14,103.33,4.54,1,80,0,0
Apple,New,6,512,T-Mobile,856.43,76.05,4.34,0,17,0,0
Apple,OpenBox,8,256,Unlocked,1248.33,61.96,3.56,2,39,0,1
OnePlus,OpenBox,16,256,Verizon,1040.58,125.55,4.86,1,66,0,0
Samsung,OpenBox,12,128,Unlocked,1338.11,107.12,4.02,3,74,1,1
Google,New,8,128,Unlocked,953.98,63.99,4.48,1,14,0,0
Apple,Refurbished,8,256,AT&T,880.05,263.06,4.32,0,37,0,0
Samsung,New,12,128,T-Mobile,1035.33,141.08,3.61,0,54,1,0
Samsung,New,12,64,AT&T,754.61,226.69,4.28,2,1,0,1
Google,New,8,512,T-Mobile,939.57,55.1,3.79,0,69,1,0
Google,New,8,128,Unlocked,1142.76,94.98,4.07,1,101,1,0
Apple,New,6,64,Verizon,1030.29,5.7,4.62,0,113,1,1
Xiaomi,New,12,512,Unlocked,843.19,60.17,4.75,1,77,0,0
Apple,New,8,256,T-Mobile,894.09,44.96,4.39,0,35,0,0
OnePlus,New,8,256,Verizon,1016.69,259.73,3.96,0,85,0,0
Apple,OpenBox,16,128,Unlocked,1009.38,38.45,4.08,0,78,0,1
Apple,New,12,128,AT&T,1015.01,65.96,4.07,0,5,0,0
OnePlus,New,16,256,Verizon,924.68,0.0,3.33,1,1,0,1
Apple,New,8,128,T-Mobile,668.6,112.02,4.44,0,119,0,0
Samsung,OpenBox,8,256,AT&T,703.67,25.99,3.57,0,104,0,0
Samsung,New,16,128,T-Mobile,951.46,135.11,4.44,0,49,0,0
Apple,New,16,128,Unlocked,1032.92,0.0,3.67,2,38,1,1
Google,New,16,64,Unlocked,1004.43,72.7,3.8,0,12,0,0
OnePlus,New,12,128,AT&T,701.45,0.0,4.73,0,29,0,1
OnePlus,New,8,128,Unlocked,816.74,50.57,4.41,0,11,0,0
Apple,New,8,256,Unlocked,591.66,62.77,3.46,1,13,0,1
Samsung,New,8,256,T-Mobile,543.89,44.06,4.12,3,102,0,0
Apple,New,16,128,T-Mobile,867.93,49.99,4.53,1,94,0,0
Apple,New,8,256,T-Mobile,1148.79,138.27,4.09,1,95,1,0
Apple,New,12,128,Unlocked,871.96,210.47,4.23,1,7,0,0
Xiaomi,New,16,128,Unlocked,1269.79,100.36,4.52,1,44,1,0
OnePlus,New,16,512,T-Mobile,813.9,28.4,4.42,0,74,0,0
Google,New,16,256,Unlocked,856.87,83.84,3.9,0,66,0,1
Samsung,New,8,256,Unlocked,631.98,58.74,4.41,0,38,0,0
Samsung,New,8,128,Unlocked,773.61,133.36,4.26,0,49,0,0
Samsung,New,16,128,T-Mobile,588.21,97.27,5.0,1,85,0,0
Samsung,New,8,256,Unlocked,510.03,0.0,4.35,1,101,0,1
Samsung,New,6,256,Unlocked,591.96,145.88,4.47,2,115,0,1
Apple,New,16,256,Unlocked,868.76,138.01,4.53,2,85,0,1
Apple,New,12,512,Unlocked,687.92,169.7,4.24,0,33,1,0
Xiaomi,New,8,128,AT&T,740.03,49.01,4.04,2,109,0,0
Samsung,New,6,256,Verizon,940.17,98.06,4.63,0,74,1,0
Xiaomi,OpenBox,8,256,Verizon,509.26,8.91,4.63,0,92,1,0
Apple,New,16,128,Unlocked,867.83,76.93,5.0,0,45,0,0
Samsung,New,8,64,Unlocked,1036.58,103.82,4.77,0,67,1,0
Apple,OpenBox,8,256,Unlocked,1055.6,41.84,4.78,2,61,1,0
Apple,New,8,128,T-Mobile,963.64,100.54,4.76,0,88,0,0
Apple,New,12,256,Unlocked,838.52,90.08,4.05,1,10,0,0
Apple,New,16,256,Unlocked,712.78,53.01,3.77,2,65,1,0
OnePlus,Refurbished,8,128,Unlocked,831.88,163.85,3.9,0,25,1,0
Apple,Refurbished,8,256,T-Mobile,1213.76,65.93,4.74,0,20,1,0
Samsung,New,8,256,AT&T,910.07,87.97,5.0,1,95,0,0
Samsung,OpenBox,8,128,Unlocked,826.49,0.0,4.77,2,65,0,0
Samsung,New,8,512,Verizon,974.01,111.15,4.32,0,42,0,0
Samsung,New,8,64,Unlocked,860.94,51.39,5.0,1,80,0,1
Apple,New,8,512,AT&T,899.67,137.43,4.18,0,1,0,0
Xiaomi,New,8,64,T-Mobile,795.72,1.33,3.83,1,109,0,1
Google,New,8,128,AT&T,758.71,105.84,4.53,1,39,0,0
Google,OpenBox,6,256,T-Mobile,1069.12,0.0,5.0,2,14,1,1
Samsung,New,6,64,Unlocked,420.92,116.95,3.98,3,80,0,0
Apple,New,12,128,Unlocked,955.29,69.51,3.55,0,101,0,0
Xiaomi,New,8,128,Verizon,745.11,103.96,4.42,0,116,1,0
Apple,New,6,256,AT&T,430.85,43.99,4.79,0,90,0,1
Apple,New,16,256,Unlocked,635.59,23.04,2.92,1,102,0,0
Apple,Refurbished,8,64,Unlocked,842.07,53.93,4.89,0,38,0,0
Google,New,12,128,Unlocked,872.33,91.52,3.72,2,91,0,1
Samsung,New,8,128,Unlocked,1012.8,114.59,4.76,0,2,1,0
Google,New,12,512,T-Mobile,1027.76,98.23,3.4,2,111,1,1
Google,Refurbished,8,128,Unlocked,509.72,23.79,3.66,0,96,0,0
Apple,Refurbished,6,256,AT&T,933.05,190.26,4.71,1,79,1,0
Xiaomi,New,12,128,Unlocked,1010.28,99.97,5.0,1,112,0,0
Samsung,New,12,256,Verizon,898.16,42.66,4.4,0,62,0,0
Samsung,New,8,512,T-Mobile,960.54,105.45,5.0,0,39,1,0
Apple,OpenBox,12,128,AT&T,424.85,95.36,3.89,1,65,0,1
Xiaomi,OpenBox,8,256,AT&T,632.15,69.48,3.88,1,7,1,0
Apple,OpenBox,16,128,Unlocked,1150.53,62.43,4.25,1,113,1,0
Apple,New,12,256,Unlocked,788.46,139.09,4.23,0,61,0,0
Samsung,New,6,128,AT&T,1339.08,183.67,4.54,1,1,1,0
Apple,New,12,128,AT&T,568.75,0.0,4.03,0,72,0,0
Apple,New,16,64,AT&T,1194.03,153.83,4.68,0,62,0,1
Samsung,New,12,128,AT&T,715.64,81.2,4.67,2,118,1,1
Samsung,New,6,512,Unlocked,1039.74,94.2,5.0,0,92,0,0
Xiaomi,New,12,256,Unlocked,785.02,161.1,4.15,0,33,0,0
Apple,OpenBox,8,128,T-Mobile,875.45,0.0,4.57,0,5,1,0
Google,OpenBox,8,256,Verizon,981.02,128.89,4.7,2,53,0,0
Samsung,OpenBox,12,256,AT&T,715.06,156.95,4.4,0,98,1,0
Samsung,OpenBox,8,128,Verizon,1026.24,38.68,4.29,0,87,1,1
Samsung,OpenBox,12,128,T-Mobile,791.51,0.0,3.37,1,101,1,0
Samsung,New,12,256,T-Mobile,889.17,178.4,4.44,1,99,0,0
Xiaomi,New,8,128,Unlocked,268.06,0.0,4.7,0,63,1,0
Apple,New,16,256,T-Mobile,775.79,105.12,4.37,1,96,0,0
Apple,New,8,128,Unlocked,1127.98,141.39,4.01,0,99,0,1
Samsung,New,8,64,Unlocked,1002.83,103.8,3.56,2,13,1,0
OnePlus,OpenBox,8,256,T-Mobile,1045.04,113.88,4.63,1,17,1,0
Apple,OpenBox,6,256,Unlocked,861.73,64.1,4.42,0,28,1,1
Samsung,Refurbished,12,512,Unlocked,1218.78,107.76,5.0,0,113,0,0
OnePlus,Refurbished,8,128,Verizon,913.46,37.49,3.68,0,103,0,0
Google,OpenBox,16,256,T-Mobile,704.78,45.26,4.16,0,6,0,0
Xiaomi,New,16,512,Unlocked,1038.13,82.13,3.74,1,111,0,1
Samsung,OpenBox,12,256,AT&T,1052.97,0.0,4.91,0,5,1,1
Samsung,OpenBox,8,512,Unlocked,988.51,114.62,5.0,2,92,0,1
Apple,OpenBox,12,512,Unlocked,761.35,0.0,5.0,0,63,0,0
Xiaomi,New,6,256,AT&T,911.92,101.77,4.66,0,77,0,1
Samsung,New,12,512,Verizon,1156.53,107.41,4.79,1,88,0,0
Google,Refurbished,8,256,AT&T,955.06,32.33,4.62,2,104,0,0
Samsung,New,16,128,AT&T,524.89,5.96,4.69,1,84,1,0
Samsung,New,8,512,T-Mobile,711.67,55.51,4.42,0,65,1,0
Google,New,8,256,AT&T,701.44,118.38,4.71,0,66,0,0
Samsung,New,16,128,Unlocked,684.05,100.74,5.0,1,115,0,1
OnePlus,New,8,128,AT&T,385.52,13.31,4.51,0,94,0,1
Samsung,Refurbished,12,128,Verizon,1265.93,86.34,4.41,1,75,0,0
Samsung,OpenBox,16,512,Unlocked,657.22,95.72,4.5,1,73,0,0
Apple,Refurbished,8,128,Verizon,673.13,93.17,4.33,0,36,0,0
Samsung,New,8,128,AT&T,422.82,20.8,4.52,0,102,0,0
Samsung,New,8,256,Unlocked,1040.61,89.34,4.31,1,86,1,1
Apple,New,12,64,Unlocked,830.01,135.06,4.97,0,14,0,0
Apple,New,16,512,Unlocked,772.8,112.22,4.92,1,96,0,0
Samsung,New,8,128,Unlocked,784.44,104.69,5.0,0,117,0,1
Samsung,OpenBox,12,128,T-Mobile,979.32,178.56,4.39,0,87,0,0
Samsung,Refurbished,8,128,Unlocked,744.4,90.07,4.54,2,105,0,1
Apple,New,8,256,AT&T,412.44,29.49,4.52,1,93,1,0
Apple,New,12,256,AT&T,565.86,29.68,4.5,0,107,0,0
Apple,New,12,128,Unlocked,554.44,90.56,4.96,0,70,0,0
Google,New,8,128,Unlocked,910.57,0.0,3.59,2,44,0,0
OnePlus,New,8,512,Unlocked,1054.6,61.34,4.63,0,56,0,0
Apple,New,8,256,Unlocked,1172.48,107.85,5.0,1,113,0,0
Samsung,New,6,256,Unlocked,490.32,150.27,5.0,0,83,1,0
Apple,New,8,128,Unlocked,986.46,0.0,5.0,4,17,0,0
Apple,OpenBox,12,512,AT&T,714.68,85.94,4.82,0,47,0,0
Apple,New,8,256,Verizon,1493.16,75.91,4.1,1,10,0,0
Apple,New,8,128,Unlocked,1154.38,82.25,4.03,0,108,0,0
Samsung,New,12,512,Unlocked,1224.42,88.49,4.03,0,48,1,0
OnePlus,New,8,512,T-Mobile,1026.54,78.1,3.83,1,9,0,0
Apple,New,8,256,Unlocked,934.02,163.53,4.87,1,112,0,0
Samsung,OpenBox,16,256,AT&T,761.43,154.64,5.0,0,102,0,0
Google,OpenBox,6,128,Unlocked,718.15,208.6,4.62,2,116,1,0
Xiaomi,New,8,256,T-Mobile,673.98,79.37,4.8,0,42,1,0
Samsung,New,8,128,Unlocked,985.87,55.36,4.55,1,59,0,0
Apple,New,8,256,Unlocked,1193.29,21.93,4.68,0,61,0,0
Samsung,New,8,128,Verizon,771.5,48.83,3.34,1,90,0,0
Apple,New,8,128,Unlocked,691.08,122.87,4.56,0,99,1,1
Xiaomi,OpenBox,8,512,AT&T,523.63,132.11,4.19,0,65,1,1
Samsung,New,12,128,Unlocked,903.83,120.53,4.38,0,65,0,0
Google,New,8,256,Unlocked,1120.44,40.13,4.51,0,14,0,0
Apple,New,8,128,Unlocked,1131.45,40.46,4.04,0,23,0,1
Samsung,New,8,64,Verizon,1153.26,197.39,3.86,2,78,0,1
OnePlus,Refurbished,16,64,T-Mobile,941.39,30.08,4.03,1,54,0,0
Samsung,New,6,128,Unlocked,869.84,164.99,3.68,0,18,1,0
Samsung,New,12,128,T-Mobile,1132.1,104.27,3.82,1,13,1,0
Xiaomi,New,8,128,AT&T,605.79,36.04,3.89,3,79,1,0
OnePlus,OpenBox,16,256,Unlocked,753.01,8.93,3.68,0,107,0,1
Apple,New,8,128,Unlocked,1226.39,38.66,4.66,0,29,0,0
Samsung,New,6,64,Unlocked,613.59,105.06,3.95,1,65,0,0
Samsung,New,8,128,Unlocked,842.42,25.42,3.47,0,32,0,0
Samsung,New,8,128,AT&T,988.89,173.26,4.2,2,98,0,1
Apple,OpenBox,12,64,Unlocked,868.19,67.53,3.84,0,81,0,1
Apple,New,12,128,Unlocked,1102.87,122.03,5.0,2,42,0,0
OnePlus,New,12,256,AT&T,1185.65,117.18,4.47,0,56,0,0
Xiaomi,New,6,256,Unlocked,955.53,177.31,3.66,0,64,0,0
OnePlus,New,12,512,T-Mobile,1155.81,53.72,4.68,0,99,1,1
Xiaomi,New,8,256,Verizon,645.69,86.36,4.44,3,58,0,0
Google,OpenBox,16,256,Unlocked,815.34,0.0,4.28,0,81,0,0
Google,New,12,128,Unlocked,1379.14,86.19,5.0,1,57,0,0
Google,New,8,64,Unlocked,1277.44,148.4,3.91,0,36,0,0
Samsung,New,12,256,T-Mobile,569.07,93.17,4.92,1,73,1,0
Samsung,OpenBox,8,128,Unlocked,847.19,218.76,4.2,1,93,0,0
Apple,New,8,128,T-Mobile,879.94,111.18,4.39,0,117,1,1
Samsung,New,8,512,T-Mobile,941.64,47.58,4.03,1,8,0,0
Apple,New,12,128,Unlocked,1130.29,107.35,4.06,0,117,0,1
Apple,New,8,64,AT&T,1254.61,0.0,4.18,2,88,1,0
Samsung,Refurbished,6,512,Verizon,858.23,32.06,3.45,1,33,0,0
Samsung,New,12,128,Unlocked,1096.84,6.98,4.57,1,46,0,0
Apple,New,6,128,T-Mobile,992.6,80.97,4.46,0,81,0,0
Google,New,12,64,Unlocked,845.35,76.37,3.65,0,36,1,0
OnePlus,New,6,128,T-Mobile,476.41,152.31,4.73,2,41,0,0
Apple,New,8,512,Verizon,1074.06,74.06,5.0,1,63,1,0
Apple,New,12,256,Unlocked,983.14,19.85,4.07,0,84,0,0
Apple,New,6,128,Unlocked,935.71,173.56,4.01,0,108,0,0
Google,OpenBox,12,128,Unlocked,634.12,0.0,4.96,1,102,0,0
OnePlus,OpenBox,8,128,Unlocked,1281.01,82.31,4.6,0,31,0,0
Apple,New,12,256,AT&T,883.54,93.06,4.33,1,23,0,0
Google,Refurbished,6,128,Unlocked,598.9,79.38,4.81,0,119,0,0
Apple,Refurbished,12,128,T-Mobile,563.49,110.01,4.54,2,112,0,1
Samsung,New,8,256,Unlocked,999.04,86.64,5.0,0,71,0,0
Xiaomi,New,8,512,Unlocked,1005.59,109.98,4.39,1,83,0,0
Apple,New,8,512,Unlocked,748.14,43.87,4.61,1,31,1,0
Apple,New,8,256,Unlocked,951.78,0.0,4.95,1,74,0,1
Samsung,New,8,256,Verizon,996.87,77.22,3.18,0,83,1,1
Samsung,New,6,256,Unlocked,880.78,18.41,4.97,1,36,0,0
Xiaomi,Refurbished,8,512,Verizon,695.7,36.29,4.15,2,88,1,0
Xiaomi,New,12,64,Verizon,1061.5,149.69,4.65,0,45,0,0
Apple,OpenBox,8,128,Unlocked,1034.28,173.48,5.0,1,64,0,0
Apple,New,6,128,Unlocked,974.89,148.56,4.25,0,6,1,0
Google,New,8,512,Unlocked,666.58,137.44,4.17,0,16,1,0
Apple,OpenBox,8,512,Unlocked,557.17,83.6,4.37,1,75,1,0
OnePlus,New,12,256,AT&T,866.84,140.93,3.67,0,97,1,0
Samsung,New,16,128,Unlocked,1054.51,101.34,5.0,0,68,0,0
Apple,New,8,512,Unlocked,1078.88,196.85,4.38,0,97,1,0
OnePlus,New,12,64,Unlocked,978.56,24.91,5.0,1,96,1,0
Apple,New,6,128,Unlocked,750.9,120.36,4.23,1,92,1,1
Samsung,New,16,256,T-Mobile,673.07,4.14,4.42,1,99,0,1
Samsung,New,8,256,AT&T,846.29,120.7,4.87,0,90,1,0
Samsung,New,8,512,AT&T,848.38,0.0,3.85,0,99,0,0
Google,New,8,128,Unlocked,1093.6,7.19,4.35,2,46,0,0
Samsung,New,6,128,Unlocked,744.46,3.04,4.85,0,47,1,0
Xiaomi,New,12,128,Unlocked,762.74,95.13,4.29,0,59,0,0
Xiaomi,New,8,64,AT&T,1302.1,101.27,4.16,0,65,1,0
Samsung,New,8,512,Unlocked,1191.27,227.03,4.96,1,79,0,0
Apple,OpenBox,6,128,Unlocked,655.79,74.52,5.0,0,65,0,0
Google,New,16,128,Verizon,1173.13,126.35,5.0,1,20,0,0
Xiaomi,New,12,128,AT&T,603.19,89.65,4.06,0,47,0,0
Apple,New,16,256,Unlocked,754.51,121.33,4.11,0,72,0,0
Samsung,Refurbished,12,512,Unlocked,779.55,88.62,4.16,3,4,1,0
Samsung,New,16,128,T-Mobile,832.93,145.98,4.76,0,14,0,1
Apple,New,8,128,Unlocked,986.35,16.84,3.8,0,112,1,1
Samsung,New,6,512,T-Mobile,873.42,0.0,3.83,0,101,0,0
Apple,New,8,256,Unlocked,985.24,105.04,4.04,0,70,0,0
Google,New,8,128,T-Mobile,761.6,0.0,3.93,1,15,0,0
OnePlus,New,12,128,T-Mobile,932.33,158.7,4.84,0,31,0,1
OnePlus,New,6,512,Unlocked,867.37,47.11,4.81,0,92,1,0
Samsung,New,6,256,AT&T,544.57,17.71,4.16,2,87,0,0
Apple,New,12,128,Unlocked,956.26,242.03,4.3,0,27,1,0
Google,OpenBox,6,64,Unlocked,871.13,78.89,3.13,2,8,1,1
Google,New,6,128,Unlocked,692.94,67.39,4.17,1,111,0,0
Samsung,Refurbished,6,128,Verizon,756.53,124.88,5.0,2,86,1,0
OnePlus,OpenBox,12,128,Unlocked,761.93,128.93,4.14,0,79,1,0
Apple,OpenBox,6,128,Unlocked,796.12,148.35,3.85,0,104,0,1
OnePlus,OpenBox,6,128,T-Mobile,1236.97,0.02,5.0,1,52,0,0
Apple,New,8,128,T-Mobile,1309.86,112.17,3.84,2,13,0,0
Apple,New,12,128,Unlocked,250.27,62.41,5.0,1,6,0,0
Samsung,New,8,128,Unlocked,957.4,24.74,5.0,0,117,0,0
Apple,New,6,256,Unlocked,1060.09,82.89,4.35,0,73,0,0
Apple,New,16,128,Unlocked,802.46,0.0,5.0,1,89,0,0
Apple,New,12,512,T-Mobile,1054.18,135.38,3.57,0,45,0,0
Samsung,New,6,512,T-Mobile,1213.92,62.56,3.54,1,14,0,0
Google,Refurbished,8,512,Unlocked,548.19,51.35,4.0,1,95,1,1
Apple,New,6,128,Unlocked,879.43,71.74,4.81,1,95,0,0
Samsung,New,12,128,Unlocked,1280.48,69.95,4.4,0,95,0,0
OnePlus,New,8,256,Unlocked,577.69,148.44,4.31,2,62,0,0
Apple,New,16,128,Unlocked,824.65,14.26,3.75,0,82,0,0
Apple,OpenBox,12,64,Unlocked,751.35,57.07,4.34,2,38,0,0
OnePlus,New,8,64,Unlocked,1081.42,67.01,4.08,0,32,0,1
OnePlus,New,6,256,Unlocked,1112.07,16.09,3.94,0,4,0,0
Samsung,New,12,256,AT&T,885.71,89.56,3.9,1,21,0,0
Google,New,12,128,AT&T,857.09,36.57,4.5,0,52,0,0
Apple,New,12,512,Unlocked,471.79,0.0,4.04,1,60,0,0
Samsung,Refurbished,6,256,Unlocked,1163.06,111.57,4.4,0,54,0,1
Google,New,12,64,AT&T,772.3,172.84,3.52,2,54,0,0
Apple,New,12,128,Unlocked,818.69,82.91,4.65,0,26,0,0
Google,New,16,64,T-Mobile,1063.75,73.8,4.52,2,81,1,1
Samsung,New,8,512,Unlocked,893.47,72.53,4.28,0,53,0,0
Google,Refurbished,8,256,T-Mobile,1070.85,49.04,4.48,1,64,1,0
Samsung,OpenBox,8,256,Unlocked,982.75,150.21,4.87,0,71,1,0
Samsung,New,12,256,AT&T,894.83,85.64,3.68,1,59,0,0
Apple,New,16,128,Unlocked,918.3,0.0,4.43,0,66,1,0
Apple,New,8,512,AT&T,602.99,151.94,3.75,2,58,0,0
Google,New,8,512,Verizon,817.22,137.23,4.44,1,46,1,0
Apple,New,6,256,Unlocked,1088.49,116.1,4.27,1,61,1,1
Apple,OpenBox,8,128,AT&T,652.3,0.0,4.39,0,82,0,0
Apple,New,12,64,Unlocked,692.64,79.82,4.82,0,104,0,0
Apple,New,6,64,Unlocked,656.48,133.61,4.81,1,12,0,0
OnePlus,OpenBox,8,128,Unlocked,883.74,102.77,4.94,0,21,0,0
Samsung,OpenBox,16,256,AT&T,1158.56,92.31,4.2,0,15,0,0
Xiaomi,New,8,256,T-Mobile,970.38,133.73,4.75,1,3,0,0
Apple,New,8,512,Unlocked,371.07,88.36,4.65,1,99,0,0
Samsung,New,8,128,AT&T,992.7,152.22,4.21,0,27,0,0
Samsung,OpenBox,8,128,T-Mobile,752.74,89.71,4.46,1,35,1,0
Samsung,New,6,64,Verizon,962.06,84.93,4.33,1,37,0,0
OnePlus,New,12,512,Unlocked,817.11,133.54,5.0,2,103,0,0
Xiaomi,New,8,256,Unlocked,660.7,56.08,4.81,1,73,1,1
OnePlus,New,8,128,Unlocked,834.28,14.17,4.23,1,13,1,0
Apple,New,8,256,Unlocked,752.88,80.23,4.2,0,101,0,0
Apple,OpenBox,6,256,Unlocked,917.7,115.42,4.88,1,118,0,0
Samsung,New,6,128,AT&T,655.08,135.52,5.0,2,85,0,1
Apple,New,6,128,Verizon,602.55,135.85,4.56,0,58,0,0
Google,Refurbished,6,128,Verizon,1011.06,75.88,4.73,3,119,0,0
Samsung,New,12,128,Unlocked,1093.94,69.72,5.0,0,6,1,1
Samsung,New,6,256,Unlocked,977.61,44.47,4.31,0,1,0,0
OnePlus,New,12,128,AT&T,707.27,94.99,4.44,1,93,0,0
Google,New,6,256,Unlocked,687.18,0.0,4.64,0,23,0,0
Apple,New,6,256,T-Mobile,699.85,81.37,4.19,0,7,0,0
Apple,New,6,256,Unlocked,1045.89,250.98,5.0,0,11,0,0
Samsung,New,8,512,Unlocked,668.49,0.0,4.18,1,54,1,0
Samsung,New,8,128,Verizon,1044.49,89.41,4.43,1,79,1,0
Apple,New,12,256,AT&T,990.12,102.67,5.0,0,53,0,0
Samsung,OpenBox,6,64,Unlocked,1122.3,110.39,3.47,0,51,1,0
Google,New,8,256,Verizon,1083.89,22.0,4.51,2,18,0,0
OnePlus,OpenBox,12,256,Unlocked,969.38,110.94,4.07,0,38,0,0
Samsung,New,8,128,Unlocked,526.89,47.93,4.4,1,113,1,0
Samsung,New,6,64,Unlocked,984.23,0.0,3.8,0,38,1,1
Apple,New,6,256,Verizon,875.4,137.12,4.21,0,41,0,0
Samsung,New,6,256,AT&T,767.88,119.88,4.41,0,107,0,0
Apple,New,12,256,Unlocked,1149.69,22.01,4.52,0,8,0,0
Samsung,New,8,128,AT&T,816.71,47.37,4.85,1,9,0,0
Samsung,New,8,256,AT&T,733.52,45.2,3.24,0,107,0,1
Apple,New,12,256,Unlocked,1097.29,0.0,4.34,1,38,0,0
Apple,New,8,128,Unlocked,760.88,125.75,4.31,0,29,1,0
Apple,New,8,256,Unlocked,722.51,128.0,4.37,0,60,0,1
OnePlus,New,6,256,Unlocked,602.03,60.04,4.42,0,5,0,0
Samsung,New,8,256,T-Mobile,669.56,78.31,3.98,1,49,0,0
Apple,New,6,128,AT&T,688.43,86.88,3.63,0,2,1,0
OnePlus,New,8,128,Unlocked,986.63,94.66,4.51,1,82,1,0
Samsung,New,8,512,Unlocked,625.8,0.0,3.9,0,102,1,0
Samsung,New,12,512,Unlocked,441.28,109.31,4.6,0,73,0,0
Xiaomi,New,12,128,Unlocked,916.71,9.47,3.93,0,22,1,1
Apple,New,12,512,Unlocked,710.53,120.88,4.75,0,96,1,0
Apple,Refurbished,6,128,Unlocked,846.42,16.11,4.37,1,79,0,0
Samsung,New,16,512,Unlocked,1132.13,1.99,4.41,0,101,0,0
Apple,OpenBox,6,128,Unlocked,865.74,78.32,4.28,1,109,0,0
Samsung,New,12,128,Unlocked,1182.12,76.97,4.2,0,48,0,0
Apple,New,12,512,Unlocked,835.01,86.22,4.28,0,116,1,0
Apple,New,8,64,Unlocked,1071.53,26.44,4.99,0,104,1,0
Apple,New,8,256,Unlocked,729.57,92.17,3.63,1,70,0,0
Samsung,New,12,128,Unlocked,873.69,97.82,4.08,0,76,0,0
Apple,OpenBox,12,128,Unlocked,644.75,149.94,4.93,0,54,0,0
Apple,New,6,512,T-Mobile,670.88,91.1,4.81,1,103,1,1
OnePlus,New,12,256,Unlocked,800.57,44.04,5.0,0,7,0,0
Apple,New,6,512,Verizon,557.72,0.0,4.37,0,56,0,1
Samsung,New,8,512,Unlocked,885.06,0.0,3.74,0,12,0,1
Apple,OpenBox,8,64,Unlocked,783.39,99.38,3.85,0,4,0,0
Apple,New,12,128,Unlocked,901.61,127.59,4.25,0,112,0,0
Apple,New,8,128,AT&T,561.1,26.59,4.78,0,79,1,0
Samsung,Refurbished,8,256,T-Mobile,1004.38,95.32,4.27,2,55,0,0
Apple,Refurbished,8,64,Unlocked,1223.48,69.55,4.23,1,115,0,0
OnePlus,New,8,128,Unlocked,1177.04,123.1,4.6,1,11,0,0
Xiaomi,New,8,256,AT&T,1268.86,131.96,4.41,1,111,0,0
Apple,OpenBox,8,128,Unlocked,859.33,0.0,4.18,1,58,0,0
Apple,New,12,256,Unlocked,772.49,141.93,3.9,1,19,0,0
Apple,New,8,128,AT&T,957.27,95.13,4.87,0,36,0,0
Samsung,New,6,64,Unlocked,797.59,48.12,4.92,0,59,0,1
Apple,Refurbished,8,128,Verizon,467.1,49.79,3.87,0,97,0,0
OnePlus,Refurbished,6,128,Unlocked,1030.25,81.9,4.2,0,104,0,0
Google,New,8,256,Unlocked,798.43,49.78,4.73,0,16,0,0
Google,New,8,64,T-Mobile,527.18,23.78,3.83,0,50,1,1
Samsung,New,8,256,Unlocked,738.18,37.53,4.58,0,49,0,0
Xiaomi,New,8,256,Unlocked,803.43,17.59,4.24,0,62,1,1
Apple,OpenBox,8,64,Unlocked,852.6,160.79,3.79,0,67,1,0
Samsung,New,12,512,Unlocked,855.25,83.35,5.0,1,119,0,0
Apple,New,8,512,Unlocked,1151.18,215.17,4.23,1,32,0,0
Xiaomi,OpenBox,8,64,Unlocked,566.52,102.26,4.66,0,58,1,1
Samsung,New,6,512,Unlocked,816.53,115.33,3.84,0,33,0,0
Google,OpenBox,6,128,Unlocked,656.63,16.3,5.0,0,23,0,0
Apple,New,8,256,AT&T,1126.36,66.91,5.0,1,48,0,0
Xiaomi,OpenBox,12,128,Unlocked,726.48,84.36,3.65,0,5,1,0
Samsung,New,6,256,T-Mobile,774.36,41.77,4.32,1,93,0,0
Samsung,New,6,256,Unlocked,1080.93,52.11,5.0,1,55,1,0
Xiaomi,New,8,512,Unlocked,1141.45,105.21,4.17,1,53,0,0
Samsung,New,8,512,T-Mobile,1173.98,106.39,4.6,0,62,0,0
Samsung,New,16,64,AT&T,488.52,0.0,3.56,3,62,0,0
Samsung,New,8,256,Unlocked,956.24,97.02,4.01,1,110,0,0
Apple,New,6,128,Unlocked,909.43,113.18,4.55,2,70,0,0
Apple,OpenBox,8,128,AT&T,838.73,44.58,4.11,0,95,1,0
Apple,New,6,128,Unlocked,864.64,38.49,4.22,1,98,1,0
Apple,New,6,512,Unlocked,1132.87,106.49,3.64,3,8,0,1
OnePlus,OpenBox,8,256,Unlocked,1078.49,0.0,4.73,1,96,0,0
Samsung,New,8,64,AT&T,1047.32,80.13,3.73,0,98,0,0
Apple,OpenBox,6,512,Verizon,895.52,178.07,5.0,0,76,0,0
Samsung,New,8,256,Unlocked,1349.53,0.0,4.06,1,9,1,0
Samsung,New,8,128,T-Mobile,761.86,129.37,4.8,0,1,0,1
Samsung,New,6,128,Unlocked,494.49,112.67,4.75,0,2,1,0
Xiaomi,OpenBox,12,256,AT&T,791.65,0.0,3.91,0,84,0,0
Xiaomi,New,8,256,Unlocked,862.7,111.23,4.11,0,66,0,0
Samsung,New,16,128,AT&T,1136.7,140.09,4.17,0,44,0,0
Apple,Refurbished,16,256,Unlocked,737.58,9.4,4.21,1,64,0,0
Samsung,New,8,64,Unlocked,958.07,37.57,3.75,1,54,0,0
Samsung,OpenBox,8,256,Unlocked,525.01,81.57,4.67,0,38,0,0
Samsung,OpenBox,12,128,T-Mobile,1087.91,138.66,4.06,0,91,0,1
Samsung,Refurbished,8,128,Unlocked,865.03,47.53,4.34,1,55,0,1
Samsung,Refurbished,6,128,Unlocked,788.28,77.47,4.9,1,65,0,0
Apple,Refurbished,8,256,Unlocked,1318.96,40.11,4.69,0,110,1,0
Apple,New,8,128,Verizon,1085.38,81.47,4.09,4,109,1,0
Samsung,OpenBox,12,128,Verizon,621.23,142.8,4.92,1,81,0,1
Apple,OpenBox,12,128,Unlocked,825.93,86.35,4.73,0,108,0,0
Apple,New,12,512,Unlocked,1451.99,58.55,4.05,1,41,0,0
Google,New,12,128,AT&T,1285.34,78.03,4.14,0,45,1,0
Samsung,Refurbished,8,128,Unlocked,1053.05,31.96,4.9,0,112,1,1
Apple,New,8,128,Unlocked,443.65,20.34,4.79,0,106,1,0
Samsung,New,16,256,Unlocked,1143.07,152.21,3.65,0,20,1,0
Google,New,16,128,Unlocked,710.26,178.26,3.9,1,1,1,1
Apple,New,12,128,T-Mobile,1141.17,0.0,4.75,1,21,0,0
OnePlus,OpenBox,12,512,Verizon,691.01,114.93,3.81,0,91,0,0
Xiaomi,New,8,256,Unlocked,957.54,131.54,4.8,1,28,1,0
Samsung,New,8,256,AT&T,709.14,7.3,5.0,3,118,0,0
Samsung,OpenBox,12,128,Unlocked,770.08,51.69,4.59,1,28,0,0
Apple,New,6,512,T-Mobile,986.88,45.38,3.94,1,21,1,0
Xiaomi,OpenBox,8,512,Unlocked,559.84,194.06,4.49,1,9,1,1
Samsung,New,8,256,T-Mobile,1371.93,179.15,4.92,2,114,0,0
Xiaomi,OpenBox,8,256,T-Mobile,624.01,24.73,4.45,0,37,0,0
Samsung,Refurbished,8,512,T-Mobile,611.71,0.0,4.64,2,98,0,0
Apple,New,6,512,Unlocked,987.53,126.38,4.0,1,66,0,0
Apple,New,6,64,AT&T,1134.23,112.64,4.04,0,19,0,0
Google,New,8,512,AT&T,778.79,154.64,4.85,0,27,1,0
Samsung,New,8,256,Unlocked,614.28,16.46,4.04,1,11,0,1
Apple,OpenBox,6,256,Unlocked,647.08,123.41,3.11,1,13,1,0
Google,New,12,128,Verizon,623.4,36.09,4.25,1,96,0,0
OnePlus,New,8,128,T-Mobile,917.8,117.39,4.56,1,78,0,0
Samsung,New,8,256,AT&T,834.6,77.77,4.93,0,19,0,0
Samsung,New,8,256,Unlocked,943.68,194.04,5.0,0,50,1,0
Apple,OpenBox,8,128,Verizon,930.27,106.84,4.44,1,28,1,0
Google,New,12,256,Unlocked,1031.35,61.16,4.73,0,78,0,1
Apple,New,6,128,Unlocked,759.81,88.28,4.46,0,16,0,1
OnePlus,New,8,128,AT&T,687.59,73.97,4.58,0,30,0,0
Samsung,OpenBox,12,256,Verizon,884.38,10.73,4.31,0,80,0,0
Samsung,New,6,256,AT&T,837.9,195.49,4.59,0,90,0,0
Apple,New,12,128,Unlocked,905.65,175.92,4.04,0,116,0,0
Apple,New,16,64,Unlocked,693.42,69.42,5.0,0,116,1,0
Google,New,8,128,AT&T,991.29,121.99,3.2,0,85,0,0
Samsung,Refurbished,16,256,Unlocked,590.76,203.09,4.69,0,32,1,0
Samsung,New,8,512,T-Mobile,753.12,154.21,4.56,2,99,1,0
Xiaomi,New,8,256,T-Mobile,1098.39,61.56,4.59,0,77,1,0
Xiaomi,OpenBox,6,256,T-Mobile,601.11,74.72,3.81,0,115,0,0
OnePlus,New,6,128,T-Mobile,1081.05,0.0,3.56,0,92,0,0
Apple,New,8,128,Unlocked,540.0,126.49,4.7,1,96,0,0
Samsung,New,8,512,Unlocked,501.25,154.57,5.0,2,65,0,1
OnePlus,New,8,256,AT&T,521.35,154.98,4.51,0,97,0,0
Samsung,OpenBox,8,128,Unlocked,875.7,122.06,4.8,0,35,0,0
Apple,OpenBox,8,256,AT&T,1010.51,101.14,4.17,0,11,0,0
Google,Refurbished,6,256,Unlocked,1134.37,20.13,4.57,0,26,0,0
Samsung,OpenBox,8,128,T-Mobile,1116.83,99.18,5.0,1,68,0,0
Samsung,New,6,64,Unlocked,1039.79,42.1,4.24,4,77,0,0
Xiaomi,New,12,256,AT&T,667.01,111.51,4.99,2,60,0,1
Samsung,New,8,64,Unlocked,665.09,34.17,3.58,2,58,0,1
Samsung,Refurbished,12,128,Verizon,1023.31,111.13,4.09,0,24,0,0
Samsung,OpenBox,6,256,T-Mobile,1162.69,159.39,4.67,0,100,1,0
Samsung,New,8,512,Unlocked,623.15,102.63,5.0,0,28,1,0
Apple,New,16,128,Unlocked,1134.68,99.71,4.41,1,11,1,0
Google,OpenBox,6,64,Unlocked,427.53,134.78,3.88,1,19,0,0
OnePlus,Refurbished,8,128,Verizon,935.78,186.22,5.0,2,4,1,1
Apple,OpenBox,6,128,Verizon,827.16,73.56,4.34,0,119,1,0
Apple,New,6,512,Verizon,805.08,111.26,4.73,1,45,1,1
OnePlus,New,8,256,Unlocked,856.88,170.67,4.23,0,95,0,1
Apple,New,6,128,Unlocked,662.18,120.16,4.47,2,57,1,1
Samsung,New,8,256,T-Mobile,948.14,0.0,4.12,0,110,0,0
Samsung,Refurbished,16,128,Verizon,863.35,37.06,5.0,2,77,0,0
Google,New,8,256,Unlocked,1055.77,125.06,5.0,2,29,0,0
Apple,New,6,512,Unlocked,1199.89,55.99,5.0,0,14,0,0
Samsung,New,12,128,Unlocked,877.92,166.42,4.01,2,21,1,0
Samsung,New,8,128,AT&T,669.88,191.48,3.49,0,70,1,0
Samsung,New,12,512,AT&T,599.66,44.59,4.25,1,4,0,0
Apple,New,8,128,Verizon,1223.62,18.05,5.0,0,97,0,0
Samsung,OpenBox,8,128,Verizon,1195.48,58.33,4.24,2,35,0,0
Samsung,New,16,64,T-Mobile,1045.22,54.86,4.93,0,109,0,1
Apple,New,6,128,Unlocked,863.17,172.17,3.89,0,15,0,0
Apple,New,12,256,Unlocked,1029.34,17.88,3.99,0,108,0,0
Apple,New,8,128,Unlocked,1136.98,124.55,4.36,2,105,0,0
Apple,OpenBox,12,128,T-Mobile,714.05,163.27,5.0,2,62,0,0
Apple,OpenBox,6,128,Verizon,856.55,129.15,4.95,0,57,0,0
Xiaomi,New,8,256,Unlocked,606.63,106.19,3.37,0,108,0,0
Samsung,Refurbished,6,512,AT&T,821.61,70.27,4.73,0,98,0,0
Google,OpenBox,16,256,Unlocked,1189.74,190.94,3.83,0,64,1,0
Xiaomi,New,6,256,Unlocked,1087.28,65.28,4.06,1,40,0,0
Apple,New,6,256,Verizon,879.7,136.9,4.66,0,9,0,1
Samsung,New,12,128,T-Mobile,257.49,70.48,5.0,0,111,0,1
OnePlus,OpenBox,8,128,Unlocked,705.73,0.0,5.0,1,116,1,0
Samsung,New,8,64,Unlocked,872.53,63.82,4.57,1,104,0,0
Samsung,New,8,128,T-Mobile,802.5,70.62,4.57,0,1,0,1
Samsung,OpenBox,8,512,AT&T,857.21,71.4,5.0,0,52,0,0
Apple,OpenBox,6,128,Verizon,903.37,40.38,3.61,0,35,0,0
Samsung,New,8,512,Unlocked,732.59,117.55,5.0,0,52,1,0
Xiaomi,OpenBox,8,64,Unlocked,848.34,124.23,4.03,0,6,1,0
Xiaomi,New,8,128,Unlocked,817.12,61.65,4.53,1,65,0,0
Apple,OpenBox,8,128,Unlocked,695.3,61.15,4.15,0,65,0,0
Google,New,6,128,AT&T,1256.19,16.96,3.82,0,30,0,0
Apple,New,12,128,AT&T,745.18,95.26,4.63,1,68,1,0
OnePlus,Refurbished,6,256,AT&T,354.07,162.68,4.52,1,65,0,0
Apple,New,8,128,Unlocked,1242.32,162.72,4.35,0,76,1,0
Xiaomi,New,8,256,Unlocked,663.82,44.05,4.32,0,28,1,0
OnePlus,New,8,512,AT&T,1047.98,199.47,5.0,1,17,0,0
Apple,New,12,128,Unlocked,700.2,58.27,5.0,1,39,0,0
Apple,New,8,512,Unlocked,975.24,19.04,5.0,0,3,0,0
OnePlus,New,12,64,Unlocked,839.41,0.0,4.54,0,83,0,0
Apple,OpenBox,12,128,Unlocked,1070.07,15.42,3.58,0,32,1,1
Samsung,OpenBox,12,128,Unlocked,802.99,100.02,4.71,1,38,0,0
OnePlus,New,12,256,Unlocked,705.83,64.55,4.74,0,7,0,0
Samsung,New,6,256,T-Mobile,906.54,42.08,4.79,0,63,0,0
Samsung,OpenBox,16,256,Unlocked,765.85,29.16,3.83,1,5,0,1
Samsung,New,12,512,Verizon,425.58,14.83,4.83,0,57,0,0
Apple,New,8,128,Verizon,717.67,26.61,5.0,0,32,1,0
Xiaomi,New,6,256,Unlocked,1481.13,140.92,3.91,0,75,0,0
Apple,New,6,256,Unlocked,449.3,188.2,4.74,0,119,0,0
Apple,New,8,128,Unlocked,903.03,191.91,3.99,2,68,1,0
Apple,OpenBox,8,128,Unlocked,796.56,121.23,4.35,0,96,0,0
Xiaomi,Refurbished,12,128,Unlocked,1254.01,50.46,3.93,0,24,0,0
Apple,New,8,128,T-Mobile,605.57,39.93,4.22,1,44,1,0
OnePlus,New,8,256,Unlocked,872.29,125.37,4.23,1,98,0,0
Google,New,6,128,Unlocked,1000.96,65.22,4.61,0,45,1,0
OnePlus,New,6,128,T-Mobile,810.56,104.71,4.85,0,110,1,1
Xiaomi,OpenBox,6,256,AT&T,681.14,195.83,5.0,2,111,0,0
OnePlus,New,12,256,AT&T,845.12,93.01,4.07,0,89,0,0
Xiaomi,Refurbished,8,512,Unlocked,781.91,216.67,4.58,1,79,1,0
Apple,New,16,256,T-Mobile,781.29,12.39,3.85,0,41,0,0
Google,New,12,256,Verizon,1054.76,106.85,4.34,2,100,1,0
Samsung,New,12,128,Verizon,938.65,98.82,4.42,0,118,1,0
Samsung,New,8,256,AT&T,971.39,20.96,3.94,0,103,0,0
OnePlus,OpenBox,12,128,Unlocked,922.67,128.1,4.68,1,42,0,0
Xiaomi,New,16,128,T-Mobile,1061.17,171.85,4.32,2,21,0,0
Google,New,12,512,T-Mobile,1136.94,212.16,4.48,0,109,0,0
Samsung,New,6,256,Verizon,786.92,104.68,5.0,0,2,0,0
Samsung,New,12,256,Unlocked,1030.28,0.0,4.19,1,95,0,0
Samsung,OpenBox,6,128,AT&T,564.84,108.62,4.83,1,32,0,0
Samsung,New,6,256,Unlocked,354.33,124.52,5.0,1,92,0,0
Samsung,New,12,128,Verizon,1251.81,65.89,5.0,0,71,0,0
Apple,New,12,128,Unlocked,776.66,92.91,4.31,0,14,1,0
Apple,New,6,128,AT&T,905.54,50.99,3.91,1,109,1,0
Google,New,6,128,T-Mobile,580.45,71.98,4.05,0,112,0,0
Samsung,New,12,64,Unlocked,570.3,141.05,3.61,1,37,0,0
Xiaomi,New,6,256,AT&T,693.15,163.34,4.74,1,19,1,0
Samsung,New,6,128,T-Mobile,991.44,3.76,4.77,0,102,0,0
Apple,New,12,256,Unlocked,736.36,49.32,4.46,0,53,1,0
Apple,Refurbished,12,512,Unlocked,776.13,0.0,3.71,3,79,0,0
Apple,New,8,128,Unlocked,686.21,190.3,4.22,1,99,0,0
Xiaomi,New,8,256,AT&T,1106.47,132.25,5.0,0,78,0,0
Apple,New,8,128,Unlocked,1041.08,0.0,4.7,0,57,0,0
Samsung,New,8,512,Unlocked,743.49,76.13,4.79,1,86,1,0
Xiaomi,OpenBox,12,128,Unlocked,1000.51,62.99,5.0,0,10,1,0
Xiaomi,New,12,128,Unlocked,796.05,34.64,4.56,1,61,0,0
Apple,New,8,128,Unlocked,775.74,142.18,3.32,0,73,0,0
Apple,Refurbished,8,512,Verizon,839.06,140.8,3.85,0,81,1,0
Apple,OpenBox,8,128,Unlocked,991.51,96.17,4.55,1,27,1,0
Apple,OpenBox,6,256,AT&T,653.72,41.5,4.41,0,95,0,0
Apple,New,8,128,AT&T,960.53,42.01,4.31,2,40,0,1
Samsung,New,6,256,T-Mobile,1399.52,82.64,4.32,1,71,0,0
OnePlus,New,12,128,Unlocked,890.29,52.57,4.01,0,84,0,0
Samsung,New,8,128,Verizon,857.86,79.65,4.59,1,5,1,0
Samsung,New,12,128,AT&T,831.48,113.48,5.0,0,114,1,1
Apple,OpenBox,8,128,Unlocked,955.21,0.0,5.0,0,61,1,0
Google,New,12,256,Unlocked,495.71,34.51,5.0,0,1,0,0
Samsung,New,16,256,Unlocked,1224.24,77.98,3.92,2,72,1,0
OnePlus,New,8,128,Verizon,1065.86,173.92,4.39,0,31,0,0
Xiaomi,New,6,128,Unlocked,708.21,130.72,4.24,1,105,0,1
Apple,New,12,64,T-Mobile,856.94,79.78,4.7,0,20,0,0
Apple,OpenBox,6,256,AT&T,727.38,104.14,4.36,1,1,0,0
Apple,New,8,256,AT&T,915.83,73.91,4.29,0,87,1,0
Samsung,OpenBox,6,512,T-Mobile,863.5,144.63,5.0,2,6,1,0
Xiaomi,New,12,512,Verizon,900.3,106.03,4.45,0,24,0,0
Samsung,OpenBox,6,128,Unlocked,623.77,156.73,4.46,1,44,0,0
Google,New,8,128,Unlocked,744.06,0.0,4.61,1,104,0,0
Samsung,OpenBox,8,512,AT&T,1102.13,31.63,4.74,0,96,0,0
Apple,OpenBox,12,128,Unlocked,732.57,96.47,4.74,1,72,0,0
Apple,New,8,64,T-Mobile,268.43,109.61,5.0,1,58,1,0
Samsung,New,12,128,Unlocked,816.86,224.02,3.76,0,80,0,1
Samsung,OpenBox,12,256,Unlocked,1380.53,0.0,4.56,0,37,1,0
Samsung,New,8,256,AT&T,1036.75,78.02,4.35,0,106,1,0
Apple,OpenBox,8,512,AT&T,721.49,75.32,4.25,1,83,0,0
Google,Refurbished,12,128,T-Mobile,838.87,94.27,4.78,0,70,0,0
Apple,OpenBox,12,128,Unlocked,999.57,184.0,5.0,1,61,0,0
Xiaomi,New,8,128,Unlocked,463.62,132.58,4.1,0,76,0,0
Apple,New,8,256,Verizon,661.67,0.0,5.0,0,69,1,0
Apple,Refurbished,6,128,T-Mobile,937.64,172.03,3.68,1,82,0,0
Samsung,New,6,512,Unlocked,1200.79,170.35,4.7,0,51,1,0
Samsung,New,6,256,Verizon,753.35,95.78,3.95,1,36,0,0
Samsung,New,6,256,Unlocked,1194.74,0.0,4.08,1,87,0,0
Samsung,OpenBox,6,256,AT&T,684.05,70.9,4.43,0,37,0,1
Xiaomi,New,12,128,Unlocked,200.0,108.12,4.2,1,2,1,0
Samsung,New,12,256,T-Mobile,1013.64,139.79,2.97,0,9,0,0
Samsung,New,12,128,Unlocked,968.89,0.0,4.71,0,1,1,0
Samsung,OpenBox,8,256,Verizon,1011.96,33.85,4.79,0,63,0,0
Apple,New,8,256,AT&T,1003.36,145.88,4.32,2,82,0,1
Samsung,OpenBox,6,256,Unlocked,892.19,170.11,4.28,0,35,0,1
Apple,OpenBox,12,128,Unlocked,793.06,105.83,4.21,1,4,0,0
Samsung,Refurbished,8,512,Verizon,801.45,148.91,3.54,1,77,1,0
Apple,OpenBox,8,512,Verizon,748.71,107.32,3.49,0,41,0,0
Xiaomi,New,16,256,AT&T,761.91,137.79,4.8,0,95,0,0
Samsung,New,12,512,Verizon,451.57,88.71,4.93,1,44,0,0
OnePlus,New,8,256,Unlocked,582.85,108.8,4.7,2,78,0,1
Samsung,Refurbished,12,128,T-Mobile,814.05,6.69,4.59,1,74,0,0
Apple,New,6,128,Unlocked,357.01,123.33,4.79,1,34,0,0
OnePlus,New,6,64,Verizon,408.28,4.86,4.76,0,92,0,0
Samsung,OpenBox,6,256,T-Mobile,776.46,123.26,4.01,2,98,0,0
Google,New,6,256,T-Mobile,821.77,53.66,4.51,2,98,0,0
Samsung,OpenBox,12,128,Unlocked,781.06,102.2,4.25,1,38,1,0
Samsung,New,8,128,Unlocked,326.42,22.83,4.26,0,34,0,0
OnePlus,New,6,256,Verizon,1191.53,49.78,4.97,0,35,0,0
Samsung,New,16,256,Unlocked,534.03,102.08,5.0,1,20,0,0
Apple,New,8,512,AT&T,670.0,125.26,3.23,0,105,0,0
Samsung,New,8,128,Unlocked,572.41,145.63,4.27,0,117,0,0
Samsung,Refurbished,8,256,Unlocked,1135.79,11.0,4.25,0,99,0,0
Xiaomi,New,8,128,Unlocked,942.71,0.0,4.98,1,6,0,0
Samsung,New,8,128,Verizon,745.89,21.48,3.67,2,113,0,0
Samsung,OpenBox,8,256,AT&T,730.4,16.06,2.91,0,97,0,1
Google,OpenBox,12,128,Unlocked,889.51,174.01,4.81,1,9,0,0
Samsung,New,8,256,Unlocked,575.76,160.41,4.88,0,3,0,0
Google,Refurbished,8,128,Unlocked,933.76,20.2,3.51,0,30,0,0
Samsung,New,6,128,Verizon,729.3,182.62,4.34,0,58,1,0
Apple,New,12,256,AT&T,964.32,156.83,5.0,1,42,0,0
Google,New,8,128,T-Mobile,956.86,0.0,3.86,1,77,0,0
Apple,OpenBox,8,128,T-Mobile,719.41,18.19,4.45,0,83,0,0
Apple,New,16,128,Unlocked,398.4,0.0,4.65,0,57,0,1
Samsung,New,8,128,T-Mobile,795.7,74.81,3.69,1,46,0,0
Google,OpenBox,6,256,Unlocked,531.12,81.04,4.12,0,68,0,0
OnePlus,New,8,128,Verizon,867.3,80.93,3.55,1,13,0,1
Apple,New,8,256,Unlocked,793.55,0.0,4.32,0,4,0,0
Apple,OpenBox,16,256,AT&T,720.64,0.0,4.0,0,95,0,0
Xiaomi,New,8,256,AT&T,564.98,95.61,4.5,1,19,0,1
Apple,New,8,128,Unlocked,1111.09,117.33,4.72,1,117,0,0
Apple,New,8,256,T-Mobile,750.19,0.0,5.0,0,66,0,0
Apple,Refurbished,8,512,T-Mobile,1367.74,3.13,5.0,1,63,1,0
Samsung,New,6,128,T-Mobile,857.68,141.34,4.5,1,99,0,0
OnePlus,New,12,256,Unlocked,927.35,6.54,4.24,0,25,1,0
Google,New,6,64,T-Mobile,858.63,79.12,4.21,2,66,0,0
Google,New,12,128,AT&T,925.15,0.83,3.92,1,56,0,0
Apple,Refurbished,12,256,Verizon,1090.39,129.89,4.62,0,60,1,0
Apple,New,6,128,Unlocked,1092.93,0.0,4.15,1,110,0,0
Samsung,New,12,64,AT&T,461.35,61.73,4.66,0,118,1,0
Apple,New,12,64,AT&T,1038.21,136.42,3.93,0,49,1,0
Apple,New,8,64,Verizon,959.37,116.6,4.17,0,47,0,0
Apple,New,8,256,T-Mobile,857.9,52.15,4.62,0,32,0,0
Apple,Refurbished,6,128,Unlocked,1226.76,38.08,4.34,0,46,0,0
Samsung,OpenBox,6,256,Verizon,1235.61,66.03,3.44,0,52,0,0
Google,New,12,512,Unlocked,1049.01,2.64,4.39,1,9,1,0
Apple,New,6,128,Unlocked,730.42,74.0,4.0,0,28,0,0
Samsung,New,8,128,Unlocked,587.65,75.03,4.99,1,94,0,0
Google,New,8,128,Unlocked,1015.97,54.92,4.89,0,86,0,0
Google,New,6,512,Unlocked,1149.1,140.02,3.26,2,9,0,0
Google,New,12,128,Unlocked,403.7,15.77,4.8,1,107,0,0
Samsung,OpenBox,12,128,Unlocked,1088.98,0.0,4.59,0,17,0,0
OnePlus,OpenBox,12,512,AT&T,793.93,48.48,3.66,0,20,0,1
Apple,New,6,128,Unlocked,452.02,87.44,4.84,0,7,1,1
Samsung,Refurbished,8,128,Unlocked,953.27,73.6,3.76,2,19,0,0
Apple,New,12,512,Unlocked,1050.07,70.93,4.97,1,23,0,0
Samsung,New,8,512,Unlocked,772.7,12.42,4.08,0,107,0,0
Samsung,OpenBox,12,128,Unlocked,617.38,21.05,3.64,1,53,1,1
Apple,New,8,128,T-Mobile,1226.66,50.7,5.0,1,24,1,0
Google,New,8,128,Verizon,702.9,45.97,3.63,0,5,0,0
Apple,OpenBox,8,128,Unlocked,1105.08,145.89,4.0,0,30,1,1
Apple,New,12,128,Unlocked,517.13,95.83,4.1,0,49,1,1
Apple,OpenBox,6,128,Unlocked,941.52,48.05,4.17,2,53,0,0
Samsung,New,12,256,AT&T,935.25,145.7,4.75,0,58,1,0
Apple,OpenBox,8,256,T-Mobile,1042.15,106.78,4.43,0,24,1,0
Samsung,New,6,512,Unlocked,1178.46,0.0,4.9,0,14,0,0
Apple,New,12,256,Unlocked,671.0,0.0,4.59,0,58,0,0
Google,New,8,64,Verizon,964.57,0.43,3.56,0,7,0,1
Xiaomi,OpenBox,8,128,Unlocked,549.36,115.7,4.67,0,107,0,0
Samsung,New,16,256,Unlocked,546.86,133.49,4.52,0,38,1,0
Samsung,OpenBox,12,128,Verizon,722.77,0.0,4.09,0,78,0,0
OnePlus,New,8,64,Verizon,940.05,119.52,5.0,0,78,1,1
Xiaomi,New,12,256,Unlocked,1218.91,117.24,4.7,3,5,1,0
Samsung,New,8,128,AT&T,1258.97,163.7,4.87,0,73,0,0
OnePlus,New,8,64,Unlocked,771.92,137.02,4.89,1,76,0,1
OnePlus,Refurbished,6,256,Unlocked,917.22,161.11,4.19,1,16,0,1
Google,New,6,512,AT&T,1057.46,109.3,4.72,0,70,0,1
Samsung,New,8,256,Verizon,1018.38,107.3,4.56,2,11,0,0
Apple,New,8,128,Verizon,812.72,59.76,4.12,0,56,0,0
Apple,New,12,256,Verizon,866.74,129.22,3.79,1,23,0,0
Samsung,New,8,512,Verizon,825.76,0.06,4.41,0,39,0,0
Samsung,OpenBox,8,64,T-Mobile,804.16,71.68,4.69,1,105,1,0
Samsung,New,12,256,Verizon,774.89,112.39,4.41,1,107,0,0
Samsung,New,16,256,Unlocked,823.68,164.49,4.31,1,111,0,0
Samsung,New,8,256,AT&T,760.72,51.32,4.41,1,115,0,0
OnePlus,New,16,128,Unlocked,600.21,137.99,4.26,0,63,0,0
Apple,New,12,512,AT&T,1039.77,68.17,5.0,1,103,0,0
Apple,New,6,128,Unlocked,963.58,139.22,4.54,1,108,0,1
Google,New,8,64,Unlocked,1262.85,31.92,4.16,0,33,1,0
OnePlus,OpenBox,8,64,AT&T,931.29,123.56,3.5,1,16,0,0
Xiaomi,Refurbished,12,128,Verizon,758.27,74.28,4.3,1,48,0,1
OnePlus,Refurbished,8,64,Unlocked,712.18,8.89,4.11,1,79,0,1
OnePlus,OpenBox,8,256,Unlocked,860.42,70.8,4.09,0,15,1,0
Apple,New,12,512,AT&T,971.63,159.3,4.87,0,78,0,0
Samsung,OpenBox,8,64,T-Mobile,796.16,18.85,4.44,1,39,1,1
Apple,New,8,256,Unlocked,526.54,0.0,3.56,2,54,0,1
Samsung,New,12,512,Unlocked,687.42,103.92,4.71,0,46,0,0
Xiaomi,New,16,64,Unlocked,853.97,0.0,3.61,2,88,0,1
Apple,New,12,256,Unlocked,1012.86,173.8,4.75,1,40,1,0
Samsung,Refurbished,8,512,Unlocked,523.12,172.29,4.16,1,57,1,0
Apple,OpenBox,6,256,T-Mobile,908.32,142.3,4.44,0,76,0,0
Apple,New,8,256,Unlocked,898.65,79.33,4.39,0,102,0,0
Apple,New,8,512,Unlocked,750.65,179.88,4.33,0,55,0,0
Apple,New,8,256,Unlocked,720.88,160.73,4.5,0,17,1,0
Xiaomi,New,16,128,Unlocked,688.01,48.04,4.44,0,67,1,0
Samsung,OpenBox,12,128,Unlocked,880.98,166.33,5.0,1,3,0,0
OnePlus,Refurbished,8,256,Unlocked,1097.9,25.3,4.51,1,79,0,1
Google,New,8,128,Unlocked,1113.51,68.18,4.52,1,45,0,0
Apple,New,8,128,Verizon,602.72,0.0,4.05,0,77,1,0
Apple,New,8,128,Unlocked,808.86,88.76,4.59,1,16,0,0
Google,New,12,256,Verizon,367.43,62.33,3.89,0,60,0,0
Apple,New,6,256,T-Mobile,874.02,52.87,4.98,0,22,1,0
OnePlus,New,12,128,Unlocked,981.48,70.06,3.66,0,66,0,1
Apple,New,6,128,Unlocked,1195.61,45.23,3.98,0,6,0,0
Samsung,New,8,128,T-Mobile,456.98,82.5,3.59,1,63,0,0
Google,New,16,128,Unlocked,610.63,157.01,4.61,0,52,1,0
Apple,OpenBox,6,256,Unlocked,881.71,16.29,4.19,0,16,0,0
Apple,New,6,128,AT&T,493.95,131.75,4.74,0,88,0,0
Xiaomi,OpenBox,8,512,Verizon,887.89,92.91,3.91,0,100,1,0
Apple,New,8,128,T-Mobile,987.06,102.45,4.67,0,67,1,0
Samsung,New,6,64,Unlocked,568.12,78.16,4.69,0,62,0,0
Samsung,New,6,512,Unlocked,879.17,36.96,4.51,1,43,0,0
Apple,OpenBox,6,128,Unlocked,583.31,106.69,4.42,0,33,0,0
Google,New,8,128,Unlocked,1152.59,111.13,4.47,1,2,0,0
Google,New,8,128,Unlocked,895.46,31.97,3.94,0,58,0,0
Samsung,New,12,256,Unlocked,709.19,0.0,3.86,2,61,0,0
OnePlus,Refurbished,12,128,Unlocked,577.61,85.12,4.67,0,4,0,0
Apple,New,6,256,Unlocked,935.61,125.28,4.22,1,39,1,0
Apple,New,8,256,Unlocked,1148.75,140.31,4.63,1,67,1,0
Samsung,OpenBox,6,512,Unlocked,680.27,152.2,5.0,0,29,0,0
Xiaomi,New,8,256,Verizon,753.28,102.28,4.17,0,71,1,1
Apple,New,8,256,Unlocked,684.53,64.21,4.1,2,54,0,0
Apple,OpenBox,12,256,AT&T,1192.21,79.87,4.24,0,111,0,0
Samsung,New,8,128,Unlocked,430.1,5.41,4.42,2,21,0,0
Google,New,8,256,Unlocked,1132.83,39.04,4.71,0,5,0,0
Apple,New,12,256,T-Mobile,767.02,76.81,4.39,0,39,1,0
Samsung,New,12,64,T-Mobile,834.24,64.0,5.0,1,96,0,0
Google,Refurbished,8,256,Unlocked,775.06,85.52,4.61,0,111,1,1
Samsung,New,8,128,Unlocked,902.71,0.0,4.79,1,75,0,1
Apple,New,16,256,T-Mobile,689.44,10.91,4.38,0,73,0,1
Apple,New,8,128,Unlocked,1082.84,126.54,4.91,1,87,0,0
Samsung,New,12,64,Unlocked,1091.78,30.0,4.3,0,118,0,0
Samsung,New,12,64,Unlocked,633.65,39.43,4.08,0,113,0,1
OnePlus,New,8,128,Unlocked,996.84,85.7,4.85,0,75,0,1
Samsung,OpenBox,8,64,AT&T,771.57,24.13,4.37,1,42,0,0
Google,New,6,128,Verizon,861.36,146.38,4.52,1,12,0,0
Xiaomi,OpenBox,8,256,Unlocked,1185.53,4.59,4.89,0,20,0,0
Samsung,New,8,128,Unlocked,701.71,80.09,4.47,0,80,1,0
Samsung,New,12,512,Unlocked,1053.84,35.08,4.33,0,9,0,0
Xiaomi,OpenBox,12,256,AT&T,950.57,89.37,4.13,2,104,0,1
Apple,OpenBox,16,128,T-Mobile,807.31,50.15,4.93,1,57,1,0
Google,New,16,128,Unlocked,930.83,78.58,4.23,1,109,0,0
Google,New,12,128,AT&T,904.65,153.28,4.37,3,103,0,0
Apple,OpenBox,6,128,Unlocked,595.16,38.75,4.54,2,66,1,0
Samsung,New,8,128,Verizon,716.52,38.25,4.54,0,51,0,0
Apple,New,8,256,Unlocked,620.04,61.05,4.91,2,15,0,0
Apple,New,8,256,Unlocked,789.14,168.44,4.37,0,115,0,1
Samsung,New,6,128,Unlocked,1145.91,74.62,5.0,0,77,1,0
Apple,New,8,256,AT&T,977.83,154.05,4.28,0,50,0,0
Google,New,8,128,Unlocked,534.83,69.39,4.59,1,18,1,0
OnePlus,Refurbished,8,256,Unlocked,789.86,151.38,4.31,1,102,1,0
Google,New,12,512,T-Mobile,901.4,104.44,5.0,1,7,1,0
Apple,New,8,128,AT&T,1013.7,113.27,4.22,1,80,0,0
Apple,Refurbished,8,256,Unlocked,706.83,0.0,4.27,0,26,1,0
Apple,New,8,256,Unlocked,577.76,0.0,4.46,0,76,1,0
Apple,New,8,128,AT&T,837.6,144.21,4.27,2,12,0,0
Xiaomi,New,8,64,Unlocked,975.19,143.47,4.56,0,96,0,0
Samsung,New,8,256,Unlocked,901.67,225.29,5.0,1,54,0,0
Apple,New,8,128,Unlocked,655.37,0.0,4.47,1,52,0,0
OnePlus,Refurbished,12,128,Unlocked,1236.02,109.15,4.49,1,113,1,0
Samsung,OpenBox,6,256,Verizon,828.26,18.57,4.29,1,23,0,0
Apple,New,16,128,AT&T,892.62,35.56,4.15,0,79,0,1
Apple,New,12,64,Unlocked,704.37,49.87,4.45,0,68,0,0
Samsung,OpenBox,8,512,T-Mobile,1093.43,102.94,4.4,0,83,0,0
Google,New,8,128,Verizon,975.81,40.16,4.99,3,78,1,0
Apple,OpenBox,8,256,Verizon,919.23,82.02,3.92,0,96,1,0
OnePlus,New,12,256,Unlocked,596.64,129.92,5.0,1,42,0,0
OnePlus,OpenBox,12,128,Unlocked,1090.69,147.68,4.33,1,29,1,0
OnePlus,OpenBox,12,256,Verizon,1016.52,121.56,4.47,0,81,0,0
Apple,New,12,256,AT&T,1073.29,107.11,3.87,2,69,0,1
Apple,New,8,128,Unlocked,858.15,71.5,4.68,0,109,1,0
OnePlus,OpenBox,12,256,Unlocked,833.53,45.86,3.92,0,85,0,0
Apple,New,8,512,Unlocked,809.94,112.34,4.59,1,29,1,0
Samsung,New,8,512,Unlocked,1351.38,16.95,4.54,1,37,0,0
Google,New,8,128,Unlocked,730.66,87.15,4.24,0,83,0,0
Apple,New,12,128,Unlocked,589.03,15.46,3.37,0,47,0,0
Google,New,6,256,Unlocked,767.88,77.52,5.0,0,111,0,1
Xiaomi,New,8,512,T-Mobile,732.71,16.78,3.87,0,84,0,0
Google,New,8,256,AT&T,1127.17,55.97,4.54,1,45,0,1
Samsung,OpenBox,16,128,Unlocked,551.68,39.44,4.04,0,97,0,0
OnePlus,New,8,512,Unlocked,726.52,32.21,4.92,1,83,0,0
Samsung,New,8,128,Unlocked,891.92,74.76,4.21,0,44,1,0
Google,New,8,128,Unlocked,1129.02,0.0,4.02,1,51,1,0
OnePlus,OpenBox,8,256,AT&T,1006.89,0.0,4.7,0,75,0,0
Google,New,12,128,Unlocked,1206.18,128.22,3.76,0,30,0,0
Apple,OpenBox,16,256,T-Mobile,926.07,88.85,4.19,0,80,0,0
Apple,New,12,128,Unlocked,805.2,36.6,4.75,0,40,0,0
Apple,New,12,256,T-Mobile,1038.22,138.43,5.0,1,111,0,0
Samsung,Refurbished,6,512,AT&T,549.22,41.65,3.92,1,69,0,0
Samsung,OpenBox,8,128,AT&T,473.83,45.22,4.09,0,94,0,1
Samsung,New,8,256,T-Mobile,1064.78,33.0,4.58,0,66,0,0
Samsung,New,12,256,Unlocked,896.32,194.4,3.4,0,24,0,0
Google,New,8,128,Unlocked,1062.08,94.11,5.0,0,80,1,0
OnePlus,New,12,256,Unlocked,662.48,91.74,3.9,1,75,0,0
Apple,OpenBox,6,256,AT&T,1132.65,107.98,4.18,0,18,0,0
Google,OpenBox,8,128,T-Mobile,997.48,0.0,4.53,0,114,0,0
Samsung,New,8,512,Unlocked,843.15,44.36,4.43,1,11,1,1
Samsung,New,12,128,AT&T,895.62,107.3,3.92,0,46,0,0
Apple,New,12,128,Unlocked,926.32,79.75,5.0,0,15,1,1
Google,New,8,128,Unlocked,661.52,212.33,3.11,1,92,0,0
Xiaomi,OpenBox,12,256,Verizon,765.3,47.89,3.84,0,52,0,0
Google,New,12,512,Unlocked,922.85,136.59,4.08,2,65,0,1
OnePlus,New,8,128,Unlocked,756.47,128.36,3.93,1,108,1,0
Xiaomi,New,12,64,AT&T,526.73,88.57,5.0,2,53,1,0
Apple,Refurbished,8,128,Unlocked,914.88,99.46,3.57,0,59,0,0
Samsung,New,8,256,Unlocked,1033.93,62.59,5.0,0,68,1,0
Samsung,New,6,128,Unlocked,1085.08,0.0,4.26,0,111,0,0
Xiaomi,New,8,128,Unlocked,967.11,100.95,3.72,0,51,0,0
Apple,New,8,128,Verizon,1030.03,105.71,3.35,1,30,1,1
Samsung,New,6,128,T-Mobile,1067.25,115.14,4.29,0,38,0,0
OnePlus,New,8,256,Unlocked,867.52,83.79,4.05,0,66,1,0
Apple,New,12,256,AT&T,383.84,138.22,4.52,0,91,0,0
Google,New,8,128,AT&T,1105.15,28.04,4.17,0,103,0,1
Samsung,OpenBox,6,128,AT&T,653.47,168.1,4.88,1,64,0,1
Xiaomi,New,6,128,Verizon,601.21,20.73,4.33,0,57,1,0
OnePlus,New,8,256,Unlocked,607.25,73.53,4.19,0,112,1,0
Apple,New,12,128,AT&T,1396.61,120.85,4.89,0,80,1,0
Google,OpenBox,12,128,Unlocked,946.92,49.1,4.51,0,2,0,0
Apple,OpenBox,8,256,Unlocked,620.84,124.94,4.79,0,78,0,1
Samsung,OpenBox,12,128,Unlocked,699.65,59.43,4.97,0,92,0,1
Samsung,New,8,256,Unlocked,849.84,87.09,4.25,0,92,0,0
OnePlus,New,16,128,Unlocked,969.33,69.13,4.42,0,19,0,0
Apple,New,6,128,T-Mobile,911.44,45.39,4.82,2,61,0,0
Apple,New,8,256,Unlocked,645.71,215.06,3.17,1,91,0,0
Google,New,8,128,Unlocked,919.77,29.62,4.35,0,112,0,1
Samsung,New,8,128,T-Mobile,715.54,0.0,4.29,1,104,0,0
Samsung,New,6,256,Unlocked,1080.32,31.78,4.59,0,94,1,0
Apple,New,6,128,Unlocked,862.39,87.88,4.0,0,94,1,0
Apple,New,8,512,AT&T,682.95,57.39,4.95,0,42,0,0
OnePlus,New,12,128,T-Mobile,1001.57,141.11,4.03,0,71,0,0
Apple,OpenBox,12,512,Verizon,934.31,138.93,4.17,0,5,0,0
Samsung,New,6,256,Unlocked,745.53,60.9,4.07,1,15,0,0
Xiaomi,OpenBox,12,128,Unlocked,1010.62,0.0,5.0,2,31,0,0
Apple,New,8,256,AT&T,988.41,3.01,3.36,0,115,1,0
Google,OpenBox,16,256,T-Mobile,1114.4,78.07,5.0,0,30,0,0
Apple,OpenBox,6,128,Unlocked,1006.23,0.0,5.0,1,39,0,0
OnePlus,New,12,128,T-Mobile,802.93,57.93,4.12,1,96,0,1
Google,Refurbished,16,512,Verizon,478.08,165.28,4.91,1,4,1,1
OnePlus,New,12,256,Unlocked,891.06,100.57,4.47,2,21,1,0
Apple,New,12,512,Unlocked,925.2,82.74,5.0,0,1,1,0
Samsung,OpenBox,8,256,Unlocked,861.26,17.55,4.88,0,72,0,0
Google,New,12,256,T-Mobile,200.0,90.9,5.0,1,88,0,0
Apple,New,8,256,Unlocked,999.34,64.49,3.62,0,111,0,1
Apple,New,8,256,AT&T,649.35,94.32,4.5,1,100,0,0
Apple,New,16,512,Unlocked,1000.86,123.63,3.54,1,87,0,1
Xiaomi,New,8,256,AT&T,1224.15,133.89,4.14,1,96,0,0
Google,New,8,64,Unlocked,794.38,87.73,5.0,0,110,1,0
Samsung,New,16,256,T-Mobile,946.47,110.72,4.63,0,67,0,1
Google,New,8,128,Unlocked,857.21,49.28,4.89,1,16,0,0
Samsung,New,6,512,AT&T,965.63,147.95,4.66,0,76,0,0
Samsung,New,8,256,Verizon,872.76,26.77,4.63,0,38,0,0
Samsung,New,12,256,Unlocked,736.26,67.55,4.14,1,108,0,0
Samsung,New,12,128,T-Mobile,650.91,154.2,4.05,0,64,1,0
Apple,New,6,256,Unlocked,1199.9,51.1,4.13,0,79,0,0
OnePlus,OpenBox,8,128,T-Mobile,946.48,0.0,3.03,0,62,1,0
Google,Refurbished,8,256,Unlocked,1032.71,55.35,4.36,0,42,1,0
Apple,New,12,256,Verizon,937.79,163.5,4.52,0,109,0,0
Samsung,New,12,128,T-Mobile,1064.67,0.0,4.09,0,114,0,0
Apple,OpenBox,16,128,T-Mobile,652.89,86.14,4.33,0,107,0,0
Xiaomi,OpenBox,8,256,Unlocked,868.3,41.96,4.66,0,115,1,0
OnePlus,New,8,128,Unlocked,961.21,69.94,4.84,0,3,1,0
Xiaomi,New,8,512,AT&T,1134.39,59.09,3.8,0,75,0,1
Apple,New,8,512,Unlocked,1438.08,137.63,4.0,0,51,0,0
Apple,New,8,256,T-Mobile,939.65,83.23,4.78,0,68,0,0
Apple,Refurbished,6,128,Unlocked,704.56,140.63,4.69,0,54,0,1
Apple,New,6,64,Unlocked,586.96,157.05,5.0,0,112,0,0
Apple,New,16,512,AT&T,650.94,81.79,5.0,0,98,0,1
Apple,New,6,512,Unlocked,679.69,58.43,5.0,0,93,1,0
Xiaomi,OpenBox,8,128,Unlocked,211.76,102.63,4.25,1,79,1,0
Apple,New,12,256,Unlocked,701.36,114.21,5.0,1,15,0,0
Apple,OpenBox,6,128,T-Mobile,1007.68,10.8,3.94,0,22,1,0
OnePlus,New,8,128,Verizon,866.59,94.16,5.0,0,115,0,0
Samsung,New,8,512,T-Mobile,793.1,64.79,4.63,0,6,0,0
Google,New,8,512,Unlocked,493.17,54.78,4.67,1,87,0,0
Samsung,New,8,512,Unlocked,1081.09,38.54,4.89,1,70,0,0
OnePlus,Refurbished,8,128,Unlocked,962.6,42.46,3.72,1,88,1,0
Samsung,New,8,128,Unlocked,847.16,155.34,3.86,0,118,1,1
Samsung,New,6,512,Unlocked,365.45,58.16,4.46,1,48,0,0
Google,New,6,256,Unlocked,742.03,148.63,4.57,1,71,0,1
Samsung,New,8,128,Unlocked,945.42,87.86,5.0,1,2,0,0
Apple,New,8,256,AT&T,843.72,12.04,3.93,0,42,0,1
Samsung,OpenBox,16,64,Unlocked,892.23,91.45,5.0,2,33,0,1
Apple,New,6,256,Unlocked,1000.8,8.72,4.27,0,98,0,1
Google,New,8,512,Unlocked,884.04,116.43,4.26,1,40,0,1
Apple,New,8,64,Unlocked,992.93,67.53,4.32,2,37,0,1
Apple,New,12,128,AT&T,664.42,131.31,4.25,0,55,0,0
Apple,New,8,256,AT&T,580.99,166.01,4.64,0,70,0,1
OnePlus,New,6,256,AT&T,955.02,0.0,4.2,0,84,0,0
Apple,New,8,128,Unlocked,1000.13,52.33,3.69,3,116,1,1
Google,OpenBox,8,64,Unlocked,964.17,7.43,4.27,1,54,1,0
OnePlus,OpenBox,12,256,AT&T,878.95,209.5,4.63,1,73,1,0
Apple,OpenBox,6,128,T-Mobile,778.71,53.58,3.7,1,45,0,0
Google,New,12,256,Unlocked,896.42,1.09,4.69,1,71,0,0
Apple,New,8,256,Unlocked,933.45,214.42,4.99,0,30,0,0
Apple,OpenBox,12,128,AT&T,946.65,36.44,5.0,0,29,0,0
Google,New,6,256,T-Mobile,1423.57,0.0,4.57,0,92,0,0
OnePlus,New,12,256,Unlocked,647.42,10.5,3.5,1,80,0,0
Apple,New,12,256,Unlocked,1559.72,88.59,4.72,0,94,1,0
Samsung,OpenBox,8,256,AT&T,573.5,82.74,4.88,0,87,1,0
Apple,New,8,128,AT&T,934.85,29.84,4.05,0,44,1,0
Samsung,New,6,128,Unlocked,587.13,50.9,4.36,1,94,0,0
Samsung,New,8,128,Unlocked,917.37,83.18,4.64,0,26,0,0
Samsung,New,12,128,Verizon,1066.07,159.43,5.0,1,1,0,0
Samsung,New,8,128,AT&T,857.17,100.0,4.27,3,27,0,1
Apple,New,12,128,AT&T,1064.08,46.21,4.85,1,82,0,0
Google,New,12,256,Unlocked,756.79,66.29,4.56,0,79,0,0
Samsung,OpenBox,12,128,Unlocked,399.03,126.18,4.5,0,88,0,0
Google,OpenBox,12,512,AT&T,987.88,180.8,5.0,0,92,0,0
Apple,New,8,256,Unlocked,856.74,13.72,3.98,0,27,0,0
Samsung,Refurbished,8,64,Unlocked,744.48,146.85,4.52,1,94,0,0
Samsung,New,6,256,Unlocked,759.68,61.23,4.41,0,57,0,0
Apple,OpenBox,12,128,Unlocked,939.45,0.0,3.65,0,104,1,1
Apple,New,16,512,AT&T,670.8,0.0,5.0,0,3,0,0
Samsung,New,8,512,Unlocked,932.55,160.05,4.81,2,90,0,0
Google,New,16,256,AT&T,1111.5,167.2,4.42,2,83,1,0
Apple,New,16,256,Verizon,1303.22,45.86,4.27,0,58,1,0
OnePlus,New,8,512,Unlocked,1159.0,67.27,4.4,0,104,0,1
Samsung,New,12,256,T-Mobile,885.58,0.0,4.75,0,32,1,0
Google,New,8,512,Unlocked,906.69,125.72,4.43,2,44,0,0
Samsung,New,8,128,AT&T,761.95,78.3,4.07,0,45,0,1
Samsung,New,6,512,Unlocked,747.56,0.0,4.14,3,58,1,0
Samsung,Refurbished,8,256,T-Mobile,1041.85,92.28,4.39,1,34,0,0
Xiaomi,New,12,128,Unlocked,782.35,0.0,3.93,0,81,0,1
Samsung,Refurbished,8,512,Verizon,930.54,113.45,4.57,0,12,0,0
Samsung,New,12,256,Unlocked,638.25,15.03,4.0,1,4,1,0
Samsung,New,12,512,Unlocked,1151.47,100.22,3.92,1,18,1,0
Google,New,12,64,Unlocked,779.06,40.82,5.0,0,53,0,0
Apple,New,8,256,Unlocked,1089.36,0.0,5.0,0,2,0,0
Samsung,New,8,256,Unlocked,695.16,139.77,4.47,0,76,0,0
Samsung,OpenBox,6,64,Unlocked,683.52,143.06,4.83,3,24,0,0
Xiaomi,New,8,256,AT&T,1142.17,48.69,4.91,2,90,0,0
Samsung,OpenBox,6,256,Unlocked,712.28,96.47,4.36,0,100,0,0
Samsung,New,6,128,Unlocked,505.06,106.29,4.54,0,102,0,1
Xiaomi,New,8,256,T-Mobile,621.21,108.23,4.27,0,64,0,0
Samsung,New,8,128,Verizon,1038.48,183.54,5.0,0,64,1,0
Apple,Refurbished,8,256,Unlocked,1017.34,105.01,5.0,0,47,0,0
Apple,New,8,512,Unlocked,682.25,58.54,5.0,1,16,0,0
Apple,New,12,128,Unlocked,711.02,105.67,4.53,0,29,0,0
Apple,New,8,256,Verizon,998.06,54.2,5.0,0,30,0,0
Samsung,New,16,128,T-Mobile,1139.5,16.07,4.36,1,71,1,0
Google,Refurbished,8,128,Verizon,834.86,153.18,5.0,0,3,1,1
Google,OpenBox,6,512,T-Mobile,971.93,112.05,4.17,1,116,0,0
Apple,OpenBox,16,128,AT&T,1042.16,0.0,3.75,0,15,1,0
Samsung,Refurbished,12,128,T-Mobile,1323.66,38.98,5.0,1,42,1,0
Apple,OpenBox,8,128,Verizon,595.74,125.46,4.73,0,40,0,0
Xiaomi,New,8,256,Verizon,702.88,0.0,4.66,1,101,1,0
Apple,New,8,256,AT&T,738.58,34.82,4.22,0,75,0,0
Samsung,New,8,128,AT&T,1032.06,239.69,3.98,0,112,1,0
Apple,New,12,128,Unlocked,794.58,60.13,4.02,0,109,1,0
Samsung,New,8,128,Unlocked,918.69,144.96,4.47,0,94,1,0
Samsung,New,6,128,Unlocked,876.81,170.03,4.32,0,18,0,0
Google,Refurbished,6,128,Unlocked,850.38,25.49,3.43,0,71,1,0
Apple,Refurbished,6,256,T-Mobile,873.63,95.98,5.0,1,72,0,0
OnePlus,New,8,256,AT&T,1076.58,203.53,4.19,1,36,1,0
Samsung,OpenBox,8,64,Unlocked,636.47,107.57,5.0,0,5,0,0
Google,New,12,256,Unlocked,817.34,221.93,4.05,0,4,0,0
OnePlus,New,8,256,Unlocked,582.64,41.79,4.48,0,46,1,0
Xiaomi,New,8,128,AT&T,899.84,187.83,4.89,0,88,0,0
Apple,New,8,128,T-Mobile,806.98,81.0,4.82,0,20,0,0
Apple,New,8,256,Unlocked,1085.23,60.35,4.27,1,114,0,0
Apple,New,8,64,Unlocked,848.94,118.4,4.65,0,35,0,0
Apple,New,8,256,T-Mobile,752.36,73.31,4.74,1,83,1,0
Samsung,New,16,256,Verizon,795.72,74.93,4.33,2,6,1,0
Xiaomi,Refurbished,16,512,T-Mobile,1229.15,109.11,3.84,0,5,0,0
Xiaomi,New,12,64,Unlocked,504.58,0.0,4.09,3,61,1,0
Samsung,New,12,128,Unlocked,711.95,32.08,4.21,1,17,0,0
Samsung,New,8,512,Verizon,857.92,123.36,4.41,0,76,1,0
OnePlus,New,8,128,Unlocked,709.99,139.49,5.0,0,47,1,0
Xiaomi,New,8,128,AT&T,957.95,101.43,4.85,1,28,0,0
Apple,New,12,256,AT&T,837.57,96.55,3.99,1,118,0,0
Samsung,New,6,64,Unlocked,906.32,104.14,5.0,1,48,0,0
OnePlus,New,8,256,Unlocked,875.92,137.47,4.36,2,11,1,1
Apple,New,6,512,AT&T,827.33,0.0,4.74,1,17,0,0
Samsung,New,8,256,T-Mobile,566.02,49.43,3.93,0,38,0,0
Xiaomi,New,12,128,Unlocked,888.74,75.53,4.17,0,60,0,0
Xiaomi,New,6,512,AT&T,462.05,91.75,4.92,2,66,1,1
OnePlus,New,8,256,Unlocked,702.17,0.0,3.96,0,54,0,0
Google,New,8,64,T-Mobile,957.63,4.56,4.43,0,14,0,0
Apple,New,12,256,Verizon,1111.73,79.0,4.64,0,31,0,0
Apple,New,6,64,Unlocked,1366.87,140.79,3.89,1,14,0,0
Samsung,New,6,128,AT&T,755.78,54.86,3.51,0,62,0,0
Samsung,New,8,256,AT&T,659.67,39.99,4.85,2,9,1,0
Samsung,New,8,128,AT&T,964.9,111.72,5.0,0,93,1,0
Samsung,New,12,64,Unlocked,1261.39,60.32,4.63,0,60,0,0
Samsung,New,8,256,AT&T,1187.2,132.85,4.73,0,34,0,0
Google,OpenBox,16,128,AT&T,622.28,66.72,3.96,0,35,0,0
Apple,Refurbished,8,256,Unlocked,819.09,13.09,5.0,0,5,1,1
Apple,Refurbished,8,128,Unlocked,1037.08,165.24,4.21,0,5,0,0
Apple,New,16,256,T-Mobile,1052.34,154.24,4.98,1,79,0,0
Apple,New,6,512,Verizon,980.21,22.67,4.7,1,60,0,0
OnePlus,New,12,64,Unlocked,751.28,103.74,4.72,1,16,0,0
Samsung,New,6,256,T-Mobile,978.25,60.4,4.7,1,87,0,0
Apple,New,8,128,Unlocked,1054.46,117.14,4.68,1,116,1,0
Google,New,6,128,AT&T,644.96,27.46,4.54,0,80,0,1
Samsung,New,8,128,Unlocked,1142.65,132.31,4.88,0,106,1,0
Apple,New,12,128,Unlocked,1068.23,151.7,4.04,0,82,1,0
Apple,New,6,64,T-Mobile,686.77,23.16,4.28,1,110,0,0
Apple,New,6,256,AT&T,1053.48,84.06,5.0,0,66,0,0
Samsung,Refurbished,8,256,Unlocked,1028.89,152.96,4.49,1,97,0,0
Apple,New,8,512,T-Mobile,1037.25,19.92,4.24,0,93,0,0
Apple,New,8,512,T-Mobile,1196.71,39.87,4.92,1,40,0,0
Apple,Refurbished,16,128,AT&T,847.7,119.7,4.82,0,8,1,1
Samsung,New,6,128,Unlocked,922.93,70.36,3.75,0,51,1,0
Apple,New,8,64,Unlocked,269.48,0.0,4.76,1,23,1,1
OnePlus,New,8,256,AT&T,1095.48,60.79,4.47,0,104,1,1
Apple,New,8,512,T-Mobile,1074.31,184.79,4.76,0,84,0,0
Samsung,New,8,128,Unlocked,1148.33,203.77,4.41,1,107,1,0
Samsung,OpenBox,12,128,Unlocked,643.93,41.77,4.63,2,40,0,1
Samsung,OpenBox,8,128,Unlocked,1061.65,25.2,3.48,1,65,0,0
Apple,OpenBox,12,512,Unlocked,1074.12,52.52,3.95,1,29,0,1
Google,Refurbished,8,128,Verizon,706.8,188.11,4.77,0,57,0,0
OnePlus,New,8,256,Unlocked,1082.31,130.53,5.0,1,4,0,0
Apple,OpenBox,12,128,Verizon,951.87,167.85,4.58,2,42,0,0
Apple,New,12,128,Verizon,476.44,139.92,4.05,1,104,0,0
OnePlus,New,16,128,Unlocked,978.59,0.84,4.47,1,74,1,0
Samsung,OpenBox,8,256,T-Mobile,681.21,23.07,3.95,1,100,0,0
Apple,OpenBox,16,256,Unlocked,481.29,38.23,5.0,0,92,0,0
Apple,OpenBox,12,128,Unlocked,930.64,48.68,4.42,0,8,0,0
Samsung,New,12,128,Unlocked,835.63,39.3,4.93,0,58,0,0
Google,New,12,128,Unlocked,1158.84,46.28,4.32,0,37,1,0
Samsung,New,16,64,Unlocked,889.98,118.43,4.97,0,15,0,0
Xiaomi,New,8,128,T-Mobile,1021.27,88.15,3.59,0,26,0,0
Samsung,OpenBox,12,128,Unlocked,961.94,153.19,4.41,0,2,0,0
Apple,OpenBox,12,256,Unlocked,1074.61,95.11,4.67,1,25,0,1
Samsung,New,12,256,AT&T,654.99,39.42,4.27,0,81,1,0
Apple,New,12,256,T-Mobile,893.68,91.31,4.58,2,31,0,0
Apple,New,6,256,Unlocked,819.04,0.0,4.57,0,87,1,0
Apple,New,8,512,Unlocked,993.81,0.0,4.92,0,36,0,0
Apple,New,8,512,Unlocked,906.28,118.59,4.71,0,7,1,1
Google,Refurbished,12,128,Unlocked,714.91,141.1,4.6,1,85,0,0
Apple,New,12,128,Unlocked,775.65,84.33,4.84,0,20,0,0
Samsung,Refurbished,12,128,Verizon,1212.67,56.52,3.72,0,116,0,0
Samsung,New,12,512,Unlocked,477.24,0.0,4.02,0,52,0,1
Samsung,OpenBox,8,128,Unlocked,1006.06,150.02,3.71,0,6,0,0
Google,New,6,128,AT&T,1123.12,109.55,4.67,0,29,1,0
Google,New,8,256,Unlocked,977.34,97.47,4.61,0,39,1,0
Google,New,12,256,Unlocked,1283.62,79.71,5.0,0,60,0,0
Apple,OpenBox,8,256,AT&T,1056.47,51.83,4.58,0,80,0,0
Samsung,Refurbished,12,256,Unlocked,934.51,13.2,4.08,0,38,0,1
Samsung,New,16,256,Unlocked,747.32,95.16,4.47,1,37,1,1
Apple,New,8,512,Unlocked,938.59,47.69,3.46,0,111,0,0
Apple,New,12,64,Verizon,999.97,54.56,4.2,1,23,0,0
Apple,OpenBox,8,512,Verizon,850.77,183.07,3.23,0,88,1,1
Samsung,New,8,256,Unlocked,686.58,77.12,4.56,0,20,0,0
Samsung,New,8,128,Unlocked,585.07,0.0,4.26,1,32,1,0
Apple,New,8,512,Unlocked,890.79,47.87,4.33,0,72,0,0
OnePlus,New,6,512,Unlocked,524.33,19.91,3.93,0,12,0,0
Xiaomi,OpenBox,8,256,AT&T,746.26,71.65,4.07,1,18,0,1
Apple,OpenBox,6,512,T-Mobile,315.02,0.0,4.75,1,102,1,1
Xiaomi,OpenBox,8,128,Unlocked,1033.26,106.02,3.68,0,12,0,0
Apple,OpenBox,8,128,Unlocked,1103.89,62.24,4.65,1,18,0,0
Xiaomi,OpenBox,8,128,AT&T,867.37,51.46,3.99,0,90,1,1
Xiaomi,New,12,512,Unlocked,1252.92,88.98,3.56,2,57,0,0
Apple,Refurbished,8,256,Unlocked,1146.43,75.4,5.0,1,41,0,0
Google,New,6,512,T-Mobile,955.55,71.92,5.0,1,98,0,0
Xiaomi,New,16,256,Unlocked,825.09,66.55,4.13,1,107,0,0
OnePlus,OpenBox,12,256,Unlocked,773.13,78.78,4.13,0,15,1,0
Xiaomi,New,12,128,Unlocked,973.75,100.59,4.27,0,60,0,0
Samsung,New,12,128,Verizon,818.93,93.08,3.99,1,111,0,1
Apple,New,6,128,Verizon,970.61,147.61,4.08,0,16,0,1
OnePlus,New,12,256,Unlocked,986.94,47.2,4.63,0,49,0,0
Samsung,Refurbished,8,128,AT&T,799.49,94.29,5.0,1,23,1,0
Samsung,New,8,512,Unlocked,1091.07,226.77,4.22,1,18,0,0
Samsung,New,6,256,T-Mobile,799.72,77.54,4.91,1,105,0,0
Samsung,New,12,128,Unlocked,854.69,79.87,4.58,0,78,0,0
Apple,New,8,512,Unlocked,634.94,4.2,3.56,1,15,0,1
Google,New,8,256,Verizon,790.46,37.21,4.39,0,41,1,0
Apple,New,6,256,Unlocked,1324.8,73.62,4.32,1,38,0,0
Google,New,12,128,Verizon,651.91,112.01,5.0,1,110,1,0
OnePlus,New,8,128,Unlocked,946.3,118.95,5.0,2,37,1,0
Samsung,New,8,64,Unlocked,750.01,99.58,4.59,0,14,1,0
Samsung,New,8,256,Unlocked,362.94,128.25,5.0,1,118,0,0
Apple,OpenBox,12,256,Unlocked,972.97,20.04,4.33,0,8,0,0
Xiaomi,New,8,512,Unlocked,727.65,109.33,4.96,1,116,0,0
Google,New,16,512,Unlocked,920.19,80.8,4.45,2,39,1,1
Samsung,Refurbished,8,64,Unlocked,1067.74,87.49,4.95,0,83,0,0
Apple,New,6,512,AT&T,901.61,58.26,5.0,1,65,0,0
Apple,New,8,128,AT&T,922.23,22.82,4.76,1,29,1,0
Samsung,OpenBox,6,64,Unlocked,659.05,7.09,4.03,0,65,0,0
Xiaomi,New,8,256,Unlocked,1005.5,99.24,4.19,0,22,0,1
Google,OpenBox,8,512,Unlocked,808.27,109.87,4.78,0,61,1,1
Apple,OpenBox,12,512,Unlocked,410.35,72.23,4.85,0,8,1,0
OnePlus,Refurbished,8,256,Unlocked,1031.99,79.11,4.48,0,28,1,0
Samsung,Refurbished,8,128,Unlocked,1099.26,36.79,4.24,0,8,0,0
OnePlus,New,8,128,T-Mobile,1175.85,110.18,4.5,0,75,0,0
Apple,OpenBox,6,64,AT&T,1327.58,83.64,4.26,0,112,0,0
Samsung,New,6,256,Unlocked,1020.18,58.06,4.26,0,6,0,0
Xiaomi,New,8,128,Unlocked,963.07,131.97,5.0,0,72,1,0
Apple,New,6,128,Unlocked,1090.14,118.7,4.16,0,60,0,0
Google,New,6,128,Unlocked,654.86,0.0,4.65,1,24,1,0
Xiaomi,New,16,256,Unlocked,482.17,82.95,4.48,0,83,1,1
Apple,New,12,256,Unlocked,745.06,22.51,3.79,2,93,0,1
Apple,New,16,128,Unlocked,1130.99,88.37,3.77,3,111,1,0
Samsung,New,8,128,Unlocked,704.56,0.0,4.36,2,10,0,0
Apple,Refurbished,12,256,Verizon,952.43,91.83,3.42,1,22,0,0
Apple,New,8,256,Unlocked,976.13,122.72,5.0,2,63,0,0
Samsung,OpenBox,6,128,T-Mobile,903.74,73.35,4.22,0,92,1,0
Google,OpenBox,12,64,Unlocked,568.92,10.12,4.18,2,24,1,1
Apple,OpenBox,6,512,Unlocked,925.4,197.38,5.0,1,43,1,0
Apple,New,8,256,Unlocked,757.26,149.36,4.33,1,54,0,0
OnePlus,OpenBox,12,128,Unlocked,1224.63,48.14,4.73,0,79,1,0
Samsung,OpenBox,8,256,Unlocked,1100.11,64.34,4.11,0,28,1,0
OnePlus,OpenBox,8,256,Unlocked,765.02,0.0,4.42,1,36,0,1
Samsung,Refurbished,8,128,Unlocked,1238.46,108.4,4.88,1,17,0,0
Xiaomi,New,6,128,Unlocked,925.62,0.0,3.97,1,26,1,1
Samsung,New,16,512,Unlocked,482.24,119.98,4.66,0,111,0,0
Apple,OpenBox,6,256,Verizon,832.77,141.56,3.19,1,90,1,0
OnePlus,New,8,128,Verizon,1209.76,75.78,5.0,1,110,0,0
Samsung,OpenBox,8,256,Verizon,669.64,16.13,4.12,2,112,0,0
Apple,New,16,128,T-Mobile,834.99,154.94,4.36,0,59,0,0
Apple,New,12,256,Unlocked,550.83,80.13,4.35,1,21,0,0
Google,New,8,128,T-Mobile,585.75,85.59,3.91,1,94,1,0
Apple,New,16,64,Unlocked,666.47,24.11,3.87,0,118,0,0
Apple,Refurbished,6,128,Unlocked,579.97,91.58,4.66,1,25,0,0
Apple,New,12,512,Verizon,713.98,67.83,4.68,0,92,1,0
Samsung,OpenBox,6,256,Unlocked,1232.42,0.29,3.96,0,48,0,0
Samsung,New,8,256,Unlocked,842.06,160.4,4.67,1,111,0,1
Samsung,Refurbished,6,64,Unlocked,1022.81,185.55,4.68,1,27,1,1
Apple,New,16,256,Unlocked,1090.15,141.09,4.21,0,79,1,0
Apple,New,16,128,Unlocked,606.14,132.13,3.75,0,10,1,0
Samsung,New,8,256,AT&T,667.07,185.91,4.38,0,111,0,0
Samsung,New,8,128,Unlocked,1018.48,17.15,4.58,0,51,0,0
Samsung,Refurbished,8,256,Unlocked,710.46,16.43,4.37,0,59,1,1
Apple,Refurbished,8,64,Unlocked,1003.91,55.14,4.1,0,89,1,0
Apple,New,8,64,T-Mobile,1219.01,97.87,4.63,0,28,1,0
Apple,New,6,256,T-Mobile,529.82,62.44,5.0,1,89,0,0
Samsung,New,12,128,Verizon,771.47,18.8,4.01,0,14,0,0
Samsung,New,8,64,Unlocked,806.38,80.34,4.25,0,53,1,0
Google,New,16,512,Unlocked,734.2,74.34,5.0,2,40,1,1
Samsung,New,8,128,Unlocked,716.25,130.48,4.55,0,54,0,0
Samsung,New,8,256,AT&T,741.73,82.67,3.77,1,69,0,0
Samsung,OpenBox,8,256,Unlocked,846.64,0.0,4.16,1,72,0,0
Apple,New,6,256,AT&T,886.27,103.13,4.02,2,25,1,0
Samsung,New,8,64,Unlocked,1059.75,174.91,4.59,0,112,1,0
Apple,New,12,256,T-Mobile,844.47,81.74,4.55,1,79,0,0
Samsung,New,6,256,Unlocked,1096.0,139.22,4.08,0,18,0,0
Apple,New,8,128,Unlocked,719.8,49.69,5.0,0,19,0,1
Google,New,12,256,Unlocked,585.7,113.94,4.44,1,49,0,0
Xiaomi,New,8,512,Verizon,782.95,35.32,4.17,0,116,1,0
Apple,OpenBox,8,128,T-Mobile,951.75,65.21,3.79,2,108,0,0
Samsung,OpenBox,12,128,Unlocked,1039.3,65.68,3.95,2,29,1,0
Google,Refurbished,8,256,T-Mobile,1171.25,108.6,3.78,2,66,0,0
Apple,New,6,128,Unlocked,913.84,30.55,4.3,0,40,1,1
Google,New,12,256,Unlocked,1015.67,0.0,3.96,0,95,0,0
Samsung,New,16,128,Unlocked,1151.13,108.21,4.79,0,89,0,0
Xiaomi,New,6,64,Unlocked,678.57,105.95,4.11,0,56,0,0
Xiaomi,Refurbished,6,256,AT&T,803.77,86.75,4.82,0,42,0,0
Apple,Refurbished,12,512,Unlocked,1459.6,135.97,4.65,0,110,0,0
Samsung,New,8,64,Unlocked,1038.41,67.84,4.72,0,50,1,0
Samsung,New,8,512,Unlocked,962.35,96.88,4.85,0,106,0,0
Apple,New,8,128,AT&T,1046.61,59.0,5.0,1,4,1,0
Apple,New,12,64,T-Mobile,556.15,64.48,3.98,1,54,0,0
Xiaomi,Refurbished,8,256,AT&T,707.7,100.41,4.82,1,65,0,1
Apple,New,6,128,Unlocked,627.29,216.0,4.6,0,1,0,0
Samsung,New,6,256,Unlocked,942.09,124.54,4.93,1,8,1,0
OnePlus,New,8,128,Unlocked,768.83,112.92,4.46,1,68,0,0
Apple,New,16,128,T-Mobile,870.99,126.41,4.99,0,90,0,0
Samsung,New,8,128,Unlocked,781.58,0.0,3.75,0,25,0,1
Xiaomi,OpenBox,8,256,T-Mobile,492.19,99.15,3.9,1,107,0,0
Samsung,New,16,512,AT&T,1044.69,134.63,4.12,0,29,0,0
Apple,New,8,128,AT&T,462.32,85.07,4.36,1,7,0,0
Apple,New,8,128,AT&T,689.92,77.41,4.42,0,52,1,0
Xiaomi,New,6,512,Unlocked,560.6,23.6,4.03,0,14,0,0
Apple,New,12,128,Unlocked,656.46,54.0,3.9,1,54,0,0
Samsung,New,12,256,Unlocked,894.41,29.99,4.07,0,5,0,1
Apple,New,12,256,Unlocked,1121.71,139.97,3.55,0,103,0,0
Samsung,New,8,512,AT&T,506.58,170.1,4.26,1,77,0,0
Xiaomi,OpenBox,8,128,Unlocked,727.41,196.1,4.37,0,4,1,0
Samsung,OpenBox,6,128,T-Mobile,465.21,29.0,4.62,1,110,0,0
Xiaomi,Refurbished,16,128,T-Mobile,716.81,39.9,4.48,2,36,1,0
Apple,New,6,64,Unlocked,865.82,35.02,5.0,1,61,0,1
Samsung,OpenBox,8,128,Unlocked,1018.76,18.89,4.81,1,76,1,0
OnePlus,New,12,512,Unlocked,383.92,19.85,4.77,0,49,0,0
Samsung,New,6,128,Unlocked,971.12,49.07,4.58,0,75,0,0
Apple,New,8,64,Verizon,636.02,132.47,4.67,0,20,0,0
OnePlus,New,6,128,AT&T,582.44,36.93,4.29,0,38,1,0
Samsung,OpenBox,8,128,AT&T,864.85,143.18,4.45,0,81,0,1
Samsung,New,16,256,Unlocked,987.97,162.05,5.0,0,22,0,0
Xiaomi,New,8,64,AT&T,827.9,97.11,4.36,1,38,0,0
Apple,Refurbished,16,256,Verizon,609.51,153.75,3.73,0,33,0,0
Apple,New,6,256,T-Mobile,827.78,0.0,4.75,0,15,0,0
Apple,Refurbished,8,128,AT&T,690.46,46.51,4.84,1,107,1,0
Samsung,OpenBox,16,256,AT&T,982.89,91.36,4.48,0,118,0,1
Apple,OpenBox,12,128,Unlocked,1086.58,93.39,3.46,1,32,0,1
Google,OpenBox,8,128,AT&T,1072.52,165.75,5.0,0,102,1,0
Apple,New,12,512,Unlocked,845.66,20.07,4.51,0,59,0,0
Samsung,New,12,512,Unlocked,1096.99,47.78,4.24,2,29,0,0
Apple,OpenBox,12,128,Unlocked,625.38,74.9,4.99,0,113,0,1
Apple,OpenBox,8,128,Unlocked,1242.23,48.88,3.39,0,16,1,0
Apple,New,6,128,Unlocked,624.15,17.44,4.46,0,15,0,0
Google,New,6,256,Unlocked,403.37,51.41,4.13,0,49,0,0
Samsung,New,8,256,AT&T,1150.4,65.27,5.0,2,104,0,1
Samsung,New,8,64,Verizon,693.77,166.85,4.52,1,36,0,0
OnePlus,New,8,512,T-Mobile,875.68,18.79,3.97,0,89,0,0
Samsung,OpenBox,8,256,AT&T,623.22,128.91,4.97,0,105,0,0
Apple,OpenBox,8,64,Unlocked,1369.99,156.33,3.17,1,58,0,0
OnePlus,New,8,512,AT&T,1250.8,49.24,4.65,0,15,0,0
Apple,New,8,256,Verizon,1190.24,95.59,3.77,0,113,1,0
Apple,New,8,128,Unlocked,869.44,114.56,4.17,1,96,0,0
Samsung,New,6,256,T-Mobile,1065.75,104.66,4.28,2,9,1,0
Apple,New,12,512,T-Mobile,838.33,84.93,4.86,0,70,0,0
Apple,New,8,512,Unlocked,1096.88,39.27,5.0,0,102,0,0
Google,New,6,128,AT&T,759.67,119.75,3.51,0,68,1,1
Apple,New,8,256,Unlocked,1198.63,57.53,4.62,2,24,0,0
Google,New,8,512,T-Mobile,748.61,81.72,5.0,0,112,0,0
Xiaomi,New,8,512,Verizon,773.6,90.55,4.11,0,43,0,0
Samsung,New,8,64,Unlocked,747.36,131.36,4.08,0,1,0,0
Google,New,8,256,AT&T,892.34,195.68,4.52,0,15,0,1
Google,New,12,512,Unlocked,764.6,35.73,4.81,1,55,0,0
Xiaomi,New,6,64,Unlocked,957.2,83.15,4.73,0,59,1,0
Apple,New,8,128,AT&T,744.18,0.0,4.22,0,75,1,0
Apple,New,6,256,AT&T,1023.97,168.89,4.0,1,21,1,0
Samsung,Refurbished,8,256,Unlocked,1184.04,82.63,5.0,1,12,0,0
Samsung,New,8,256,AT&T,867.06,62.02,4.01,1,31,1,1
Apple,New,12,64,Unlocked,1338.03,83.13,3.44,1,7,1,0
Samsung,New,6,256,Unlocked,1098.06,86.17,3.67,0,8,0,0
Apple,OpenBox,8,128,Verizon,1320.41,36.09,4.11,1,77,0,0
Xiaomi,OpenBox,8,256,Unlocked,836.54,151.28,5.0,0,37,0,0
Apple,New,8,128,Unlocked,484.48,118.68,3.81,0,19,1,0
Apple,New,12,64,T-Mobile,694.65,127.05,5.0,1,20,0,1
Apple,New,6,512,AT&T,717.09,39.2,5.0,1,96,0,0
Apple,New,8,256,Verizon,640.33,35.95,4.51,0,82,0,1
Apple,New,8,128,Verizon,366.9,73.19,3.13,1,6,1,0
Apple,New,12,128,T-Mobile,1075.42,128.0,3.81,0,76,0,0
Apple,Refurbished,6,256,T-Mobile,440.8,110.1,4.08,2,74,1,0
Apple,OpenBox,16,512,Unlocked,1054.35,33.34,5.0,0,80,0,0
Samsung,New,16,128,Unlocked,1330.82,120.07,4.12,1,94,1,0
Samsung,Refurbished,12,512,Unlocked,678.77,21.67,4.01,1,81,0,1
Apple,New,8,128,Unlocked,935.27,40.3,4.49,0,85,0,0
Apple,New,12,256,Unlocked,762.3,89.46,3.7,0,13,1,0
Apple,OpenBox,6,128,Verizon,1031.96,9.71,4.39,0,110,0,0
Apple,New,12,64,AT&T,587.23,22.19,4.0,0,26,0,0
Apple,New,8,512,T-Mobile,821.01,173.13,5.0,0,91,0,0
Google,New,6,128,Unlocked,1096.66,161.98,3.94,1,88,1,0
Xiaomi,New,8,512,Unlocked,839.25,217.38,5.0,0,58,0,0
Xiaomi,New,12,128,Unlocked,491.7,107.03,3.83,0,58,0,0
Samsung,New,12,128,Unlocked,1123.16,118.69,4.53,0,107,0,0
Samsung,New,8,512,Unlocked,564.89,70.7,4.65,1,75,1,0
Apple,New,8,256,T-Mobile,867.32,58.97,4.47,0,31,1,0
Google,New,12,128,Unlocked,978.18,132.31,4.44,1,7,1,0
Google,OpenBox,12,256,AT&T,876.37,161.72,4.83,1,17,1,0
OnePlus,New,12,128,Unlocked,1408.24,127.2,4.61,0,46,0,0
OnePlus,New,8,512,Unlocked,1011.44,29.61,4.31,0,80,0,0
Samsung,OpenBox,8,64,T-Mobile,805.48,103.5,4.06,0,53,0,0
Google,OpenBox,12,256,T-Mobile,982.59,33.79,4.32,3,91,1,0
Google,New,6,64,Unlocked,896.19,60.53,4.31,1,83,0,1
Apple,OpenBox,8,256,T-Mobile,859.76,178.17,4.3,1,85,0,0
Xiaomi,OpenBox,6,512,Unlocked,903.63,8.03,4.44,3,109,0,0
Apple,New,8,256,AT&T,754.5,210.12,3.7,1,10,1,0
Xiaomi,OpenBox,12,128,Unlocked,896.84,112.97,3.89,0,69,0,0
Google,OpenBox,6,128,Unlocked,738.79,52.03,4.82,1,41,0,0
Apple,New,8,128,AT&T,432.84,84.09,3.27,0,91,0,0
Samsung,New,6,512,AT&T,1100.84,38.9,5.0,0,97,0,0
Apple,OpenBox,12,64,AT&T,725.6,47.19,4.12,0,77,0,1
Google,Refurbished,12,256,Unlocked,881.11,84.4,5.0,2,88,0,0
Google,New,8,128,T-Mobile,682.71,60.26,5.0,0,109,0,0
Samsung,OpenBox,12,512,Unlocked,689.35,24.02,4.24,0,67,0,0
OnePlus,OpenBox,6,256,Unlocked,621.42,66.72,4.29,0,97,0,0
Apple,OpenBox,12,256,Unlocked,1058.63,1.12,5.0,0,13,1,1
Apple,Refurbished,12,512,Unlocked,1111.74,3.69,5.0,0,30,1,0
Samsung,New,6,512,Unlocked,855.71,3.08,4.89,0,109,0,0
Apple,New,16,256,Verizon,731.94,180.28,4.97,0,27,0,0
Samsung,New,6,256,Unlocked,477.52,104.34,3.86,0,2,0,1
Apple,New,8,256,Verizon,1024.99,115.75,4.5,1,109,0,0
Samsung,New,6,128,Unlocked,701.16,80.68,4.01,0,43,0,1
Samsung,OpenBox,12,64,AT&T,604.2,110.38,3.84,1,72,0,0
OnePlus,Refurbished,6,256,Unlocked,856.44,150.55,4.48,1,92,0,0
Apple,New,6,256,Unlocked,776.49,104.47,4.19,0,54,0,0
OnePlus,OpenBox,8,128,Verizon,516.03,178.42,4.32,0,3,0,0
Samsung,New,16,128,T-Mobile,546.24,77.77,4.15,2,84,0,0
Apple,New,8,256,T-Mobile,924.04,115.93,3.77,1,78,0,0
Samsung,New,8,128,Unlocked,705.75,122.24,5.0,1,34,0,0
Samsung,New,8,256,T-Mobile,962.26,24.08,4.48,1,79,0,0
Apple,New,12,256,Verizon,882.24,82.56,3.68,1,97,0,0
Samsung,OpenBox,8,128,T-Mobile,1080.46,0.0,4.49,1,117,0,1
Apple,New,8,128,Unlocked,666.93,72.21,5.0,0,63,0,0
Apple,New,16,128,Unlocked,901.2,63.25,4.88,0,8,1,0
Samsung,New,8,128,Unlocked,990.42,59.66,4.14,0,104,0,0
Samsung,New,8,256,AT&T,712.23,55.55,4.15,0,52,0,0
OnePlus,Refurbished,12,256,Unlocked,1097.98,110.72,3.92,0,77,1,0
Apple,Refurbished,8,512,Unlocked,483.42,26.85,4.03,0,106,0,1
Xiaomi,New,8,64,Verizon,666.75,191.6,4.07,0,31,0,0
Google,New,8,256,T-Mobile,475.19,114.05,3.67,0,1,0,0
Xiaomi,New,12,128,Verizon,688.11,31.82,4.18,0,115,0,0
OnePlus,New,16,256,AT&T,815.99,118.83,4.57,0,20,0,0
Apple,New,8,64,Unlocked,1032.93,139.69,4.19,0,48,0,0
Samsung,New,8,256,T-Mobile,815.84,102.15,4.51,1,95,0,0
Apple,New,8,256,Unlocked,719.02,19.65,5.0,0,92,0,0
Google,New,6,128,Unlocked,509.17,214.24,5.0,0,20,0,0
Samsung,New,6,512,Unlocked,582.88,118.37,4.37,1,31,1,0
Apple,New,6,128,Unlocked,918.25,5.15,4.84,0,82,0,1
Xiaomi,New,6,128,Verizon,1043.92,92.55,4.32,0,50,0,0
Apple,New,12,256,Verizon,757.77,66.78,4.16,1,60,0,0
Samsung,New,6,256,Unlocked,1116.42,80.39,3.84,0,88,1,0
Google,New,6,128,Unlocked,641.02,8.38,4.44,0,103,0,1
Apple,New,8,128,Unlocked,764.08,83.26,4.94,0,83,0,0
Samsung,OpenBox,8,128,Unlocked,782.65,30.12,3.76,0,21,0,0
Google,Refurbished,6,512,T-Mobile,1186.47,59.03,4.26,1,112,1,0
Apple,New,6,256,Verizon,879.41,103.25,4.23,2,67,0,0
Samsung,OpenBox,8,128,Unlocked,454.34,51.4,4.52,0,95,0,0
Apple,OpenBox,8,128,Unlocked,1059.36,62.57,4.53,0,73,1,0
Samsung,New,12,512,AT&T,1256.1,129.21,4.67,1,39,0,0
Apple,New,12,512,AT&T,795.06,26.68,5.0,0,78,0,1
Xiaomi,New,12,64,T-Mobile,652.64,41.09,3.96,0,103,0,0
OnePlus,New,8,256,Unlocked,1040.14,4.72,3.94,0,99,1,0
Apple,Refurbished,16,128,Unlocked,1282.14,30.63,4.52,0,110,1,1
Apple,New,8,128,Unlocked,1036.72,87.75,5.0,0,7,0,1
Samsung,New,8,512,AT&T,492.94,118.37,3.67,3,114,0,0
Google,New,8,512,Unlocked,1016.03,31.63,4.57,0,39,0,0
Samsung,New,8,64,Verizon,938.93,116.59,4.3,0,108,0,0
Apple,New,8,512,Unlocked,639.98,86.31,4.83,0,63,0,0
Apple,New,6,256,AT&T,1133.54,0.0,4.71,2,83,1,1
Xiaomi,New,12,256,Unlocked,946.44,90.47,4.42,1,94,0,0
Samsung,OpenBox,6,256,AT&T,1139.29,151.66,4.64,1,95,0,0
OnePlus,New,12,256,Unlocked,616.48,0.0,4.07,2,39,0,0
Samsung,New,12,512,AT&T,937.73,200.31,4.8,1,78,1,0
Xiaomi,OpenBox,8,128,Unlocked,653.08,43.37,5.0,1,68,0,1
Apple,New,6,256,Verizon,904.49,0.0,4.45,2,39,0,0
Apple,New,8,128,AT&T,1174.99,88.31,4.2,0,5,0,0
Xiaomi,OpenBox,8,256,Unlocked,536.19,129.87,4.33,1,98,0,0
Xiaomi,New,16,64,Unlocked,548.82,63.17,4.79,0,51,1,0
Apple,New,12,128,Unlocked,1060.2,98.7,4.38,0,28,0,0
Apple,New,12,256,Unlocked,846.89,207.18,3.8,0,41,0,0
Samsung,New,8,128,Verizon,1107.68,92.34,4.88,0,52,1,0
Samsung,New,12,128,Unlocked,672.4,258.95,3.91,0,119,0,0
Apple,New,12,128,Unlocked,861.26,155.88,4.61,0,41,0,0
OnePlus,New,6,256,Unlocked,1001.39,83.09,3.47,0,16,0,0
Apple,New,8,128,Unlocked,896.24,97.49,4.45,1,21,1,0
Google,New,6,128,Unlocked,456.48,60.83,4.37,0,110,0,0
Apple,New,8,256,AT&T,1470.97,94.97,3.42,2,96,0,0
Apple,New,12,512,Unlocked,896.71,113.69,4.57,1,1,1,0
Samsung,Refurbished,8,256,T-Mobile,555.11,55.75,3.85,1,57,0,0
Apple,New,8,128,AT&T,919.12,0.0,4.44,0,33,0,0
Samsung,New,16,512,Unlocked,944.41,159.28,4.19,1,63,0,0
Apple,New,6,256,T-Mobile,1068.66,138.41,3.66,0,72,0,1
Xiaomi,New,6,256,Verizon,1053.97,0.0,3.88,1,60,0,1
Google,New,16,256,Verizon,802.95,90.26,3.92,0,58,0,0
OnePlus,OpenBox,16,64,Unlocked,471.14,141.62,4.89,0,83,0,1
Apple,New,12,256,Verizon,951.5,135.42,4.82,1,85,1,0
Apple,New,8,256,Unlocked,488.67,38.36,5.0,0,21,0,0
Samsung,New,16,128,Unlocked,1117.35,138.93,4.14,0,82,0,0
Samsung,OpenBox,12,64,Unlocked,688.79,80.91,4.13,0,60,0,0
Apple,New,12,128,Unlocked,989.69,103.32,4.47,0,49,0,0
Apple,New,8,256,Verizon,705.64,24.83,4.22,0,31,1,0
Samsung,OpenBox,8,128,Unlocked,741.75,0.0,4.11,0,66,1,1
Apple,OpenBox,12,256,Unlocked,673.79,33.36,4.43,2,116,0,1
Samsung,New,12,256,AT&T,1007.54,112.19,4.75,0,56,0,0
Apple,Refurbished,8,128,Unlocked,713.3,67.67,3.34,1,8,0,0
Apple,OpenBox,8,64,Unlocked,1019.08,119.01,4.11,1,29,0,0
Samsung,New,12,128,Unlocked,719.06,146.37,3.7,0,111,0,1
Samsung,OpenBox,8,128,T-Mobile,799.09,60.17,4.32,0,96,0,0
Apple,New,8,256,Verizon,857.82,54.26,4.62,1,8,0,0
Samsung,New,6,256,Verizon,883.84,0.0,4.96,0,96,0,0
Google,New,6,512,AT&T,646.68,0.0,4.18,0,14,0,0
Samsung,OpenBox,12,512,Verizon,1004.84,0.0,4.45,2,36,0,0
Samsung,New,6,128,AT&T,790.31,113.4,3.56,1,108,1,0
Xiaomi,New,6,256,Verizon,969.66,60.77,3.97,0,78,1,0
Samsung,New,16,128,T-Mobile,846.43,47.95,4.5,0,78,0,0
OnePlus,New,12,128,Verizon,979.02,41.08,3.72,0,26,0,0
Google,Refurbished,6,128,Unlocked,759.5,33.26,5.0,1,39,0,0
Apple,OpenBox,8,128,Unlocked,676.29,135.41,4.66,1,12,1,0
Samsung,New,12,256,Unlocked,943.91,85.6,3.95,2,71,0,0
Google,OpenBox,8,256,Unlocked,741.38,139.48,3.66,0,58,1,0
Xiaomi,OpenBox,8,128,T-Mobile,1170.93,0.0,4.04,1,20,0,0
Samsung,New,8,128,AT&T,864.88,111.96,3.95,1,35,1,0
Apple,New,8,256,AT&T,547.8,50.97,3.79,1,8,0,0
Samsung,New,12,256,Verizon,721.2,63.11,3.7,1,8,0,0
Apple,New,6,256,T-Mobile,630.15,161.17,4.28,0,6,0,0
Google,New,8,64,AT&T,1086.04,56.61,4.77,0,39,0,1
Samsung,New,6,128,Unlocked,1020.18,109.51,4.04,1,33,0,1
Google,Refurbished,6,256,Unlocked,836.57,18.92,4.62,0,23,1,0
OnePlus,New,6,256,Unlocked,913.82,82.17,4.24,1,22,0,0
Samsung,OpenBox,12,64,Unlocked,830.71,0.0,4.71,0,113,1,0
Samsung,Refurbished,6,128,Unlocked,1039.29,76.56,4.01,0,48,0,0
Google,New,8,128,Unlocked,964.36,103.12,4.54,2,62,0,1
OnePlus,New,6,256,Unlocked,1003.99,146.38,4.46,2,105,0,0
OnePlus,OpenBox,12,128,Unlocked,807.79,30.93,5.0,0,119,0,0
Apple,OpenBox,8,256,T-Mobile,711.06,48.26,4.68,0,46,0,0
Samsung,New,16,512,Unlocked,996.31,41.35,4.53,2,92,0,0
Apple,New,12,128,AT&T,1191.29,64.76,3.67,0,48,0,0
OnePlus,New,8,128,Unlocked,1093.32,22.17,4.14,0,32,0,0
Samsung,OpenBox,12,64,T-Mobile,1197.96,0.0,4.0,0,15,0,0
Samsung,OpenBox,6,64,AT&T,885.65,17.44,3.99,3,42,0,0
Apple,New,16,512,T-Mobile,636.6,77.06,4.41,2,118,0,0
Apple,New,16,512,Unlocked,656.14,71.11,4.52,1,21,1,0
Google,New,8,64,Verizon,1153.51,113.13,4.54,0,18,0,0
Apple,Refurbished,8,512,Unlocked,440.37,130.53,5.0,0,31,0,0
Apple,Refurbished,8,128,Unlocked,1181.05,53.03,4.64,1,41,1,1
OnePlus,OpenBox,8,256,AT&T,676.72,0.0,3.79,1,46,1,0
Google,New,12,256,Unlocked,1273.15,104.19,4.5,1,113,0,0
Apple,New,16,128,Unlocked,834.47,79.41,4.69,0,111,0,1
Apple,New,8,256,T-Mobile,1008.97,64.49,5.0,0,55,1,0
Xiaomi,New,12,256,Unlocked,1374.71,153.23,4.32,2,106,1,1
Google,New,12,128,AT&T,777.37,107.03,4.33,0,41,1,0
Samsung,OpenBox,8,512,Unlocked,773.67,87.37,4.94,1,47,0,0
Apple,New,8,128,Unlocked,697.14,89.83,4.49,0,86,0,0
Apple,New,12,64,Unlocked,629.61,130.98,3.6,2,104,0,0
Apple,Refurbished,12,512,Unlocked,777.44,38.63,3.49,2,4,0,0
Google,New,16,128,AT&T,727.94,27.19,5.0,0,70,0,0
Apple,New,6,128,T-Mobile,574.94,65.95,3.54,2,39,0,1
Apple,Refurbished,8,128,Unlocked,803.69,9.32,4.32,0,47,1,0
Google,New,6,64,Unlocked,948.95,77.27,4.84,0,70,0,0
Xiaomi,New,6,128,AT&T,652.9,85.82,3.52,1,62,0,0
Google,New,8,128,Unlocked,814.26,75.87,3.86,1,118,0,0
Samsung,OpenBox,12,256,Unlocked,1159.43,58.31,3.78,0,53,1,0
Samsung,New,8,128,Unlocked,537.7,179.18,5.0,0,116,1,0
Samsung,New,12,512,AT&T,1274.97,136.44,5.0,1,81,0,0
Apple,New,8,512,Unlocked,701.71,74.17,4.03,0,75,0,1
Samsung,New,8,128,Unlocked,894.2,85.58,4.69,0,64,1,0
Samsung,OpenBox,12,512,T-Mobile,1131.42,162.58,4.55,1,41,0,0
Samsung,New,12,512,T-Mobile,1198.55,44.93,4.26,0,70,0,0
OnePlus,New,8,512,Verizon,953.36,22.06,3.59,0,66,0,0
Xiaomi,New,16,256,Verizon,697.21,93.61,5.0,1,13,0,0
Apple,New,8,128,T-Mobile,677.78,104.83,3.49,1,112,0,0
Samsung,New,6,128,Verizon,723.52,109.31,4.51,2,106,0,1
Apple,New,8,512,AT&T,1265.64,129.67,4.08,0,80,0,0
Apple,New,12,256,Unlocked,765.71,36.05,4.9,0,80,1,0
Apple,New,8,512,Unlocked,921.2,0.0,4.82,0,18,0,0
Apple,OpenBox,12,256,AT&T,620.37,44.93,3.91,0,72,0,0
Google,Refurbished,8,128,Verizon,595.6,114.91,4.0,0,116,0,0
Samsung,New,8,128,Unlocked,855.81,24.69,3.62,1,15,0,0
OnePlus,New,12,512,Verizon,778.56,0.0,4.5,0,108,0,0
Apple,New,8,64,AT&T,794.62,88.66,4.76,1,42,1,0
Apple,New,8,256,Unlocked,524.6,45.97,4.18,1,26,1,0
Samsung,New,6,512,AT&T,833.83,0.0,4.28,0,108,0,0
Apple,Refurbished,8,128,Unlocked,1190.84,84.47,5.0,2,79,0,0
Apple,OpenBox,8,128,Verizon,662.33,56.82,4.87,0,96,0,0
Xiaomi,New,6,256,T-Mobile,1047.44,180.56,5.0,0,105,0,0
Apple,Refurbished,8,256,T-Mobile,200.0,85.33,3.28,0,2,0,0
Apple,New,6,256,T-Mobile,673.48,115.17,4.67,0,27,0,0
Samsung,New,8,64,Verizon,429.71,78.97,4.53,0,29,1,0
Samsung,New,8,128,Unlocked,1121.96,44.15,3.77,2,110,1,0
Samsung,New,8,128,Verizon,1043.33,50.74,3.88,0,63,0,0
Samsung,OpenBox,8,128,Unlocked,622.45,144.86,4.29,0,22,1,0
OnePlus,New,12,128,Verizon,913.64,124.87,3.73,0,84,1,1
Apple,New,8,256,Unlocked,1114.38,0.0,4.0,1,43,0,0
Samsung,New,6,64,Unlocked,1148.58,5.08,4.17,0,69,1,0
Google,Refurbished,8,256,Unlocked,760.73,8.42,4.69,0,113,0,1
OnePlus,New,6,512,Unlocked,364.05,143.61,4.05,0,33,0,0
Samsung,New,8,256,Unlocked,652.32,0.0,4.18,0,113,1,1
Samsung,New,12,256,Unlocked,1018.55,127.19,4.91,0,89,0,0
Apple,Refurbished,8,128,Unlocked,1311.76,103.9,3.52,2,3,0,1
Apple,New,8,256,Unlocked,838.05,88.81,4.51,1,47,1,0
Apple,New,16,128,T-Mobile,716.5,51.62,4.59,0,104,0,0
Google,OpenBox,6,128,Unlocked,1377.86,151.32,4.61,0,102,0,0
Apple,New,12,256,AT&T,939.26,86.81,4.15,0,83,0,0
Google,New,12,64,Unlocked,579.89,0.0,3.87,2,83,0,0
Apple,New,8,128,T-Mobile,823.84,7.32,5.0,0,104,0,0
OnePlus,New,6,256,AT&T,1069.98,0.0,3.97,0,17,1,0
OnePlus,New,6,128,T-Mobile,834.52,152.02,3.84,0,55,1,0
Apple,New,16,128,T-Mobile,1024.76,165.46,4.41,0,42,0,0
Apple,New,8,64,AT&T,496.9,145.18,4.03,1,117,0,0
Apple,New,12,128,Unlocked,534.48,71.41,4.93,1,92,0,0
OnePlus,New,8,256,Unlocked,688.33,0.0,4.27,0,90,0,0
Apple,Refurbished,8,256,Unlocked,787.92,16.76,4.99,0,12,0,0
Samsung,New,8,128,T-Mobile,923.47,20.67,4.62,0,91,0,1
Samsung,New,8,256,T-Mobile,990.09,77.26,4.21,0,100,0,0
Google,New,8,512,Unlocked,1392.55,163.25,4.96,1,51,0,0
Samsung,OpenBox,16,256,Verizon,687.52,163.01,4.07,0,103,0,0
Samsung,New,8,256,Unlocked,780.92,50.7,4.24,0,47,0,0
Xiaomi,New,16,256,Verizon,693.66,0.0,4.66,0,78,1,0
Apple,New,16,512,Verizon,1087.47,9.98,4.51,1,25,1,0
OnePlus,New,6,512,Unlocked,1099.47,151.32,4.06,0,61,0,0
Apple,OpenBox,8,64,T-Mobile,751.52,93.9,3.63,1,7,1,0
Samsung,OpenBox,6,128,Unlocked,1304.46,58.66,4.39,1,15,1,1
OnePlus,OpenBox,8,128,AT&T,694.04,54.48,4.04,1,108,1,0
Samsung,New,16,256,Verizon,1076.58,34.95,4.41,1,84,1,0
Google,New,12,64,Unlocked,1169.99,7.77,4.19,0,71,1,0
Apple,New,16,512,Unlocked,550.45,204.32,4.04,0,49,1,0
Samsung,OpenBox,8,64,Unlocked,977.08,183.11,4.27,1,67,0,0
Samsung,Refurbished,8,256,Verizon,250.49,30.69,4.36,1,85,0,0
Samsung,Refurbished,8,128,T-Mobile,1031.33,0.0,4.75,0,41,1,0
Samsung,New,12,128,Unlocked,607.65,90.14,4.61,1,39,0,0
Apple,OpenBox,6,128,Unlocked,974.84,71.15,5.0,0,89,0,1
Apple,New,6,256,Unlocked,1016.1,117.69,4.47,0,65,0,0
Apple,OpenBox,6,128,Unlocked,1096.43,131.28,4.06,1,49,0,1
Samsung,New,6,128,Unlocked,1045.85,9.8,4.32,0,54,1,0
Apple,New,6,256,Verizon,862.3,156.81,4.68,1,97,0,0
OnePlus,New,6,512,Unlocked,766.3,58.81,4.9,0,62,0,0
Samsung,Refurbished,12,256,AT&T,833.63,116.47,5.0,0,10,1,0
Apple,New,12,256,Unlocked,604.48,64.31,3.89,0,99,0,0
Google,New,8,128,Verizon,803.43,135.35,5.0,3,30,1,1
OnePlus,New,12,512,Unlocked,786.05,0.0,4.38,0,9,0,0
Apple,New,8,128,Unlocked,676.59,124.3,3.94,1,34,0,1
Apple,Refurbished,12,512,Unlocked,466.94,30.08,4.3,2,15,0,0
Apple,New,8,256,AT&T,569.07,84.41,5.0,1,3,0,0
Apple,New,8,128,T-Mobile,200.0,154.68,4.63,1,84,1,0
Google,OpenBox,8,64,Unlocked,782.27,31.81,3.79,0,79,0,0
Xiaomi,New,6,256,Unlocked,929.31,22.4,3.8,1,37,1,0
Apple,New,8,256,Verizon,259.84,57.68,3.78,0,84,0,0
Google,New,12,256,Unlocked,902.08,53.9,4.03,1,5,0,0
Apple,New,12,512,AT&T,823.06,16.99,4.44,0,50,0,0
Samsung,New,8,256,Unlocked,591.11,86.38,3.84,0,69,0,0
Google,New,8,128,T-Mobile,755.13,89.49,4.19,0,95,0,0
Apple,New,12,256,Verizon,1081.18,107.78,5.0,0,33,0,1
Apple,OpenBox,6,64,Unlocked,635.68,30.83,5.0,2,114,0,0
Samsung,OpenBox,6,256,AT&T,867.35,23.36,5.0,0,45,0,0
Xiaomi,OpenBox,8,512,Unlocked,926.25,72.88,3.5,1,88,1,1
Apple,New,8,64,AT&T,669.11,65.3,5.0,3,22,0,0
Apple,New,8,256,AT&T,1071.82,66.45,4.45,0,81,0,0
Apple,Refurbished,6,256,Verizon,938.85,37.57,4.44,1,67,0,0
Samsung,OpenBox,8,128,Unlocked,794.58,99.8,4.91,0,54,1,0
Samsung,New,12,256,Unlocked,1369.91,23.45,4.75,1,31,0,0
Google,New,12,256,Unlocked,1072.77,72.67,3.47,0,66,0,1
Google,New,12,128,Verizon,479.04,61.62,4.09,0,49,0,0
OnePlus,New,8,128,Verizon,764.39,77.99,4.22,1,35,1,1
Google,New,16,128,Unlocked,1392.66,151.12,3.73,2,63,0,0
Apple,New,12,256,AT&T,633.92,1.13,4.9,1,30,1,0
Samsung,Refurbished,8,128,AT&T,864.59,0.0,5.0,1,78,0,1
Apple,New,8,128,Verizon,1120.82,44.35,4.39,1,4,1,0
Apple,New,8,512,Unlocked,993.51,10.92,4.55,1,30,0,0
Xiaomi,New,8,256,Unlocked,1025.22,0.0,4.39,0,58,0,0
Google,OpenBox,12,256,Unlocked,1012.27,184.78,4.45,0,16,1,0
Xiaomi,OpenBox,12,512,AT&T,855.59,113.58,4.96,0,27,0,1
Samsung,New,16,64,AT&T,675.69,120.03,3.52,0,51,0,0
Samsung,New,16,128,T-Mobile,945.65,62.87,4.64,1,56,1,1
Samsung,New,8,256,Unlocked,761.39,105.25,4.41,2,41,0,0
Apple,OpenBox,16,128,AT&T,744.1,54.64,4.04,1,97,1,0
Apple,New,16,128,T-Mobile,1176.14,128.86,4.15,0,61,0,0
Samsung,OpenBox,6,256,Unlocked,766.18,91.34,5.0,0,44,0,0
Apple,New,8,64,Unlocked,1225.35,77.81,3.74,1,62,0,0
Xiaomi,New,6,256,Unlocked,906.49,82.34,4.32,0,39,1,0
Apple,New,8,256,Verizon,814.99,167.93,5.0,1,7,0,0
Apple,New,8,256,Unlocked,450.14,90.04,3.76,1,54,0,0
Google,New,8,128,Unlocked,1316.37,18.22,4.17,0,44,0,0
Apple,New,6,64,Unlocked,848.69,100.17,4.42,2,59,0,1
OnePlus,OpenBox,8,512,AT&T,350.43,109.34,4.61,1,62,0,0
Google,New,6,512,T-Mobile,1067.3,71.32,4.36,0,33,0,0
Apple,Refurbished,12,128,AT&T,838.96,76.87,3.95,0,55,0,1
Google,New,12,64,T-Mobile,645.11,16.03,4.62,2,72,0,0
Samsung,New,16,256,Verizon,1054.86,85.82,4.35,1,29,0,0
Google,Refurbished,8,128,AT&T,289.28,7.13,4.71,0,4,1,0
OnePlus,OpenBox,8,128,Unlocked,692.9,64.95,4.86,1,23,1,0
Google,New,12,128,T-Mobile,784.13,39.84,3.66,2,58,1,1
Samsung,OpenBox,6,128,T-Mobile,1037.48,138.97,4.92,1,83,1,0
Apple,New,16,128,Verizon,1342.86,173.0,4.27,0,78,1,0
Google,New,12,128,Unlocked,796.15,11.34,4.81,1,93,0,0
Xiaomi,New,8,256,Unlocked,951.19,79.72,4.65,1,56,0,0
Samsung,New,6,128,Unlocked,1454.65,61.38,5.0,0,105,0,0
Samsung,New,6,128,Unlocked,851.04,107.87,4.4,0,117,0,0
Samsung,New,8,128,Unlocked,953.0,85.77,4.2,2,3,1,0
Google,Refurbished,8,512,Unlocked,577.78,56.76,4.14,0,19,0,0
Xiaomi,OpenBox,12,64,Unlocked,1281.02,85.63,3.88,3,48,1,0
Apple,OpenBox,8,128,T-Mobile,693.15,67.12,4.8,0,54,0,0
Apple,OpenBox,8,256,Verizon,909.09,175.35,3.85,0,25,0,1
Samsung,New,8,256,AT&T,902.85,32.38,4.8,1,35,0,0
Samsung,New,8,256,Unlocked,868.77,95.45,4.29,2,6,0,0
Samsung,New,6,128,Unlocked,754.45,110.58,3.52,0,108,1,0
Apple,New,12,128,Unlocked,903.09,106.31,5.0,0,94,0,0
Samsung,New,8,128,T-Mobile,1236.62,62.13,2.71,1,22,0,1
Samsung,New,12,256,Unlocked,1351.81,162.1,4.36,0,48,0,0
Samsung,New,8,128,Verizon,811.47,0.0,4.52,0,63,0,0
Samsung,New,8,128,Unlocked,751.12,14.36,3.25,1,54,1,0
Google,New,12,64,Unlocked,672.07,119.81,4.62,0,51,0,0
Samsung,New,12,512,Unlocked,1440.95,27.19,4.07,1,66,1,0
Google,New,12,64,Unlocked,878.34,23.69,4.28,0,110,0,0
Samsung,Refurbished,8,128,Unlocked,1095.31,51.97,5.0,1,63,0,0
Samsung,New,12,512,T-Mobile,1003.27,32.86,4.47,0,67,0,0
Samsung,OpenBox,8,256,Unlocked,1335.85,118.23,4.22,0,31,0,1
Apple,OpenBox,8,256,Unlocked,795.51,134.26,4.31,0,56,0,0
Apple,New,12,256,Unlocked,606.44,85.3,5.0,1,81,0,0
Samsung,New,6,64,T-Mobile,1259.08,143.28,4.6,2,70,1,0
OnePlus,New,12,256,Verizon,1048.73,0.0,3.96,0,58,1,1
Samsung,New,8,128,Verizon,950.38,84.55,4.16,1,85,0,0
Apple,New,6,512,Unlocked,1187.74,160.88,3.8,1,26,1,0
Samsung,Refurbished,6,128,T-Mobile,962.93,138.61,4.17,1,4,1,0
Apple,Refurbished,12,256,Unlocked,1195.38,166.18,5.0,1,38,0,1
Google,New,12,256,AT&T,904.25,44.6,4.32,1,30,0,0
OnePlus,New,8,128,AT&T,1048.43,135.03,3.73,0,109,0,0
Samsung,New,6,128,Unlocked,965.81,54.39,4.62,0,29,0,0
Samsung,OpenBox,8,256,Unlocked,778.44,115.71,4.2,0,109,1,0
Apple,New,8,128,Unlocked,804.81,158.65,4.68,0,50,0,0
Samsung,New,12,512,Unlocked,763.57,32.36,4.28,2,86,0,0
OnePlus,OpenBox,8,128,Unlocked,908.41,0.0,5.0,0,69,1,0
Google,New,8,256,Unlocked,749.72,190.85,3.94,0,1,1,0
Samsung,New,6,256,Unlocked,945.9,109.29,3.82,2,109,0,1
Samsung,New,8,128,AT&T,938.42,73.58,4.87,0,57,0,1
Apple,New,12,256,Unlocked,895.13,70.28,3.4,0,68,0,0
Apple,New,12,256,Verizon,898.95,0.0,4.31,0,32,0,0
Apple,New,8,256,Unlocked,725.45,92.52,4.8,1,22,0,1
Samsung,New,16,256,Unlocked,787.97,48.17,3.3,1,5,1,1
Xiaomi,Refurbished,8,256,Unlocked,482.47,83.15,4.43,0,63,0,0
Samsung,New,12,128,T-Mobile,823.63,81.82,3.65,1,38,0,1
Apple,Refurbished,8,64,Unlocked,633.12,0.0,3.48,0,52,1,0
Apple,New,6,128,Verizon,871.97,109.4,3.87,0,117,1,0
Apple,OpenBox,12,256,AT&T,692.81,91.34,4.31,0,77,0,0
Google,New,8,512,Verizon,398.85,99.4,4.05,2,88,0,1
Samsung,OpenBox,12,64,Unlocked,1345.54,68.99,4.95,2,76,0,0
Google,New,6,256,Unlocked,799.09,82.94,4.44,0,21,0,0
Google,New,8,128,Verizon,1168.35,90.37,4.16,3,79,0,0
Apple,New,12,256,AT&T,734.06,96.46,3.75,4,106,0,0
Samsung,New,8,256,AT&T,1223.59,108.54,4.51,1,119,0,1
Xiaomi,Refurbished,6,256,Verizon,596.63,96.97,5.0,1,6,0,1
Samsung,Refurbished,8,256,Unlocked,888.73,190.98,4.05,0,4,1,1
Apple,OpenBox,8,256,AT&T,609.7,36.44,4.11,0,117,0,0
Xiaomi,New,12,64,Verizon,1422.16,57.5,3.87,0,91,0,0
OnePlus,OpenBox,8,256,T-Mobile,795.16,181.58,4.99,0,2,0,0
Samsung,OpenBox,16,128,AT&T,1032.26,70.72,4.86,0,102,0,0
Samsung,New,8,512,Unlocked,949.13,135.9,4.18,3,112,0,0
Apple,New,8,256,Verizon,844.39,88.13,4.1,0,30,0,0
Google,New,8,128,Verizon,963.9,66.33,3.93,2,26,0,0
Samsung,New,8,128,Unlocked,1149.02,139.17,4.26,1,91,0,0
Apple,New,12,128,Unlocked,997.01,111.11,4.91,0,37,0,0
Google,OpenBox,6,512,Unlocked,885.74,0.0,4.42,1,13,0,0
Xiaomi,New,8,128,Unlocked,964.25,90.41,5.0,1,83,1,1
OnePlus,New,12,256,AT&T,1271.31,20.3,4.04,0,65,1,0
Apple,New,8,128,Unlocked,758.3,156.27,3.24,0,33,0,1
Apple,OpenBox,6,256,AT&T,442.14,185.22,5.0,0,39,0,0
Xiaomi,Refurbished,12,256,Unlocked,608.77,192.44,4.51,0,56,0,0
Xiaomi,OpenBox,8,128,AT&T,625.13,101.45,4.79,3,28,1,1
Samsung,New,12,256,AT&T,656.12,52.31,4.01,0,7,0,0
Samsung,New,12,64,AT&T,663.68,99.31,3.72,0,78,0,0
Samsung,New,6,256,Unlocked,844.81,23.62,4.48,1,35,0,0
Samsung,New,8,128,T-Mobile,904.43,220.73,3.4,0,48,0,0
Apple,New,8,256,Unlocked,902.07,151.66,4.27,0,37,0,0
Apple,New,12,128,AT&T,689.34,98.27,4.91,2,20,0,0
Apple,OpenBox,8,256,Unlocked,1068.66,139.82,4.62,1,65,1,0
OnePlus,New,12,128,Unlocked,967.58,50.5,4.53,1,73,0,0
Apple,OpenBox,8,256,Verizon,1197.89,13.52,5.0,2,60,1,1
Apple,New,8,64,Unlocked,1036.29,0.0,4.59,0,61,0,0
Samsung,New,6,128,Unlocked,773.1,84.98,3.45,0,86,0,0
Apple,New,8,256,Unlocked,1137.21,67.51,4.33,2,6,1,0
Apple,New,8,128,Unlocked,910.19,111.16,5.0,0,93,0,0
Samsung,New,8,128,T-Mobile,1025.56,80.78,4.25,0,98,0,1
Samsung,New,16,256,Verizon,1008.49,108.43,5.0,1,19,0,0
Samsung,New,8,128,Unlocked,822.65,128.67,4.91,0,118,0,0
OnePlus,New,12,512,AT&T,872.72,0.0,4.2,1,55,1,0
Apple,New,6,128,Verizon,821.1,132.13,3.86,1,41,1,0
OnePlus,OpenBox,12,512,AT&T,662.35,55.61,4.57,0,36,0,0
OnePlus,OpenBox,6,512,Verizon,378.17,111.05,5.0,1,118,0,0
OnePlus,New,12,128,Unlocked,697.36,141.33,3.61,0,66,1,0
Samsung,New,6,128,Unlocked,893.82,141.75,4.46,0,119,0,0
Samsung,New,6,256,AT&T,1088.83,87.75,3.38,1,86,0,1
Samsung,New,8,256,AT&T,1025.12,90.71,4.23,2,56,1,0
Google,New,8,128,AT&T,788.49,133.51,3.57,0,4,0,0
Apple,New,8,128,Unlocked,700.36,0.0,4.68,1,110,0,0
Xiaomi,New,8,128,AT&T,810.43,22.91,4.06,0,28,0,0
Samsung,Refurbished,16,256,Unlocked,635.5,63.24,4.98,0,94,0,0
Google,New,8,256,Verizon,384.64,0.03,4.13,0,16,1,0
Samsung,OpenBox,8,128,Unlocked,510.07,63.7,4.08,1,100,1,1
Apple,New,12,256,AT&T,1152.44,60.42,3.59,1,4,1,0
Samsung,New,12,256,T-Mobile,1258.6,85.23,4.6,1,15,1,1
Samsung,Refurbished,8,512,Unlocked,1015.87,76.59,4.65,1,36,0,1
Samsung,New,8,128,AT&T,837.21,144.16,4.87,0,93,1,0
Apple,New,6,128,Verizon,543.54,114.38,4.73,0,119,0,0
Apple,Refurbished,8,128,Unlocked,814.55,75.74,4.6,2,29,1,0
Samsung,New,8,256,Unlocked,984.6,60.0,4.7,0,69,0,0
Samsung,New,12,128,AT&T,1032.57,77.15,4.75,0,89,1,0
Xiaomi,New,12,128,Unlocked,1001.54,78.21,4.85,0,106,1,0
Apple,New,6,256,Unlocked,1116.1,231.13,3.64,1,29,0,0
Apple,New,6,256,T-Mobile,1277.45,0.0,4.17,1,14,0,0
Apple,New,8,128,Verizon,760.9,24.42,3.59,2,94,0,0
Samsung,OpenBox,8,128,AT&T,1467.17,15.62,4.57,0,4,0,0
Samsung,New,8,128,Verizon,405.61,96.16,5.0,0,107,0,0
Samsung,New,8,128,Unlocked,678.77,93.78,4.85,0,48,0,0
Xiaomi,New,8,128,AT&T,894.0,45.62,4.1,0,60,1,0
Apple,New,16,128,Unlocked,970.79,133.77,4.65,1,60,0,0
Google,Refurbished,8,64,Unlocked,810.04,102.18,4.57,1,52,0,0
Apple,New,6,512,Verizon,740.93,136.29,4.52,0,2,0,0
Apple,New,8,512,T-Mobile,1334.57,152.21,3.75,0,18,0,0
Samsung,OpenBox,8,64,Unlocked,730.43,0.0,5.0,0,43,0,0
Apple,OpenBox,8,256,T-Mobile,625.74,121.14,3.81,0,29,0,0
Samsung,Refurbished,8,64,AT&T,1221.98,2.6,4.22,2,98,1,0
Samsung,New,8,256,Unlocked,1036.81,94.96,4.88,0,119,0,0
Google,New,12,512,Unlocked,1090.84,75.63,4.21,1,25,0,0
Samsung,New,16,256,Unlocked,893.09,78.19,4.44,0,87,0,0
Samsung,New,8,256,Verizon,547.28,7.72,4.46,1,61,1,0
Samsung,OpenBox,6,128,Unlocked,868.62,141.83,4.43,0,92,0,0
Apple,New,8,128,Unlocked,516.99,2.57,4.46,1,91,0,0
Apple,New,8,128,Unlocked,903.31,125.03,4.51,1,97,0,0
Samsung,Refurbished,16,128,T-Mobile,993.75,0.0,4.44,1,115,0,0
Xiaomi,Refurbished,8,256,Unlocked,1086.59,78.93,3.95,0,70,0,0
Apple,New,12,128,Unlocked,829.67,188.26,3.62,1,110,0,0
Samsung,Refurbished,16,128,Unlocked,1014.58,221.7,4.9,1,53,0,0
Google,New,8,256,Unlocked,651.15,0.0,4.92,0,6,0,0
OnePlus,New,8,256,Unlocked,1062.66,37.73,4.57,1,42,0,1
Samsung,New,8,256,AT&T,998.41,48.64,4.56,0,83,0,0
Samsung,Refurbished,8,256,Verizon,673.94,215.3,3.94,2,4,0,1
Google,Refurbished,8,256,Unlocked,966.68,75.9,3.18,0,99,0,0
OnePlus,New,16,64,AT&T,1089.74,144.48,4.28,1,97,0,0
Apple,New,8,256,Unlocked,867.3,97.98,3.45,1,28,0,1
Xiaomi,New,8,128,AT&T,669.05,8.05,4.49,1,103,0,0
Apple,New,6,128,Unlocked,889.11,0.0,5.0,0,93,1,0
OnePlus,OpenBox,6,512,T-Mobile,971.54,43.21,4.09,1,41,1,0
Apple,New,8,128,T-Mobile,667.4,219.01,4.12,0,111,0,1
Apple,OpenBox,12,128,AT&T,628.32,95.46,3.9,0,62,0,0
Apple,New,8,128,Unlocked,964.76,143.26,4.42,1,54,0,0
Samsung,New,8,512,Unlocked,1031.13,0.0,4.38,1,69,0,0
Apple,New,6,512,AT&T,1322.95,60.49,3.89,1,118,0,0
Apple,Refurbished,8,64,Unlocked,996.46,126.73,4.86,1,79,0,0
Samsung,New,8,256,Unlocked,584.0,14.53,5.0,0,62,1,0
Samsung,New,12,128,Unlocked,1298.75,76.16,4.99,1,78,0,0
Google,New,8,256,Unlocked,1082.1,27.21,4.34,0,88,0,0
OnePlus,Refurbished,12,128,Unlocked,408.84,129.59,4.34,0,24,0,0
Samsung,OpenBox,12,128,Unlocked,623.34,103.91,4.14,0,64,1,0
Apple,OpenBox,8,256,Verizon,741.86,121.0,4.13,1,82,0,0
Apple,New,8,512,Unlocked,1034.38,132.26,4.88,0,23,0,0
OnePlus,OpenBox,12,128,Unlocked,326.52,66.34,4.9,0,90,0,0
Apple,New,16,64,Unlocked,823.8,140.19,3.82,1,2,0,1
Samsung,OpenBox,8,512,T-Mobile,1021.83,44.61,4.58,1,3,0,0
Xiaomi,New,8,128,Verizon,226.5,117.54,4.96,2,47,0,0
Xiaomi,New,8,128,Verizon,1014.29,0.0,4.22,0,74,0,0
Samsung,Refurbished,12,256,AT&T,1040.73,35.22,4.29,1,15,1,0
Samsung,Refurbished,16,128,Verizon,663.74,218.95,4.75,1,50,0,0
Samsung,New,16,128,Unlocked,596.28,116.66,4.76,0,23,1,0
Google,New,6,128,Verizon,660.3,116.68,4.61,1,106,0,0
Apple,OpenBox,8,64,Unlocked,262.14,30.57,4.53,1,88,0,0
Apple,Refurbished,12,256,Verizon,778.24,14.35,4.59,0,113,0,0
Samsung,OpenBox,8,256,Unlocked,898.31,64.14,4.26,0,45,0,0
Apple,New,16,128,T-Mobile,581.75,75.97,3.84,1,70,1,0
Samsung,New,8,256,Unlocked,1063.85,194.87,3.62,0,43,0,0
Apple,OpenBox,12,128,Unlocked,872.56,141.14,4.7,0,48,0,1
OnePlus,OpenBox,12,64,Verizon,907.2,86.54,4.45,1,66,0,0
Google,OpenBox,6,256,Unlocked,761.56,83.94,4.63,1,112,0,0
Samsung,New,6,128,Unlocked,1013.47,125.49,3.99,0,104,0,0
Google,New,12,256,T-Mobile,1133.92,0.87,4.45,0,33,1,0
Apple,New,6,128,AT&T,760.35,0.0,4.44,0,37,0,0
Samsung,OpenBox,12,256,AT&T,1017.43,124.6,5.0,2,59,0,0
Apple,New,8,512,Unlocked,1019.85,84.32,4.83,2,91,0,0
OnePlus,New,8,128,Unlocked,941.93,1.27,4.03,0,43,1,0
OnePlus,OpenBox,8,512,Unlocked,1218.95,0.0,4.65,2,8,1,0
OnePlus,OpenBox,16,128,Verizon,690.17,133.63,4.03,1,19,1,0
OnePlus,New,12,64,Verizon,757.26,48.71,3.09,1,48,0,0
Xiaomi,OpenBox,12,128,Unlocked,679.07,104.02,5.0,2,107,0,0
Apple,New,12,256,Unlocked,1009.5,64.17,4.21,1,83,1,1
Xiaomi,New,8,256,Unlocked,790.05,77.95,4.92,0,30,1,0
Samsung,New,16,512,Unlocked,696.94,44.46,4.07,2,71,0,1
Samsung,New,8,256,Unlocked,1215.89,75.41,4.0,0,95,1,0
Samsung,Refurbished,8,128,Unlocked,1248.09,114.62,4.13,0,34,1,0
Apple,Refurbished,8,512,Unlocked,777.69,63.46,4.53,0,90,1,0
Apple,New,8,512,Unlocked,549.17,60.03,4.49,1,77,1,0
Apple,OpenBox,12,256,Unlocked,1259.97,116.45,4.65,0,80,1,0
Apple,New,8,256,Unlocked,953.56,120.45,4.15,0,16,1,0
Samsung,OpenBox,12,256,AT&T,942.56,11.75,4.42,1,13,0,0
OnePlus,OpenBox,16,128,Unlocked,873.1,78.27,3.98,1,55,0,0
Samsung,New,8,512,Unlocked,673.93,48.57,5.0,0,48,1,0
Samsung,New,6,512,Unlocked,759.08,80.82,3.74,0,37,0,0
Samsung,New,12,256,Unlocked,999.1,166.04,3.99,1,111,1,0
Samsung,New,6,128,Unlocked,751.54,101.54,4.19,0,30,0,0
Apple,Refurbished,12,128,Unlocked,945.26,209.85,5.0,1,44,0,0
OnePlus,New,8,512,Unlocked,852.94,93.18,4.78,1,6,0,0
Apple,New,8,512,AT&T,617.48,70.01,3.97,0,3,0,0
Google,New,8,256,AT&T,1206.65,78.82,4.81,0,39,0,0
Google,Refurbished,8,512,Unlocked,980.69,88.56,4.66,2,87,0,0
Samsung,New,8,256,Unlocked,922.74,99.37,4.54,3,71,0,1
OnePlus,OpenBox,8,512,T-Mobile,972.1,20.48,4.75,2,82,1,1
Apple,New,8,128,Unlocked,455.56,66.01,4.43,1,90,0,0
OnePlus,New,12,128,T-Mobile,741.5,36.54,4.49,0,70,0,0
Google,New,6,256,AT&T,513.99,141.78,3.62,1,54,0,0
Google,New,8,128,Unlocked,877.43,0.0,5.0,0,44,1,1
Samsung,New,6,128,Unlocked,921.7,89.41,4.18,1,5,0,0
OnePlus,OpenBox,8,256,Unlocked,881.09,0.0,3.78,1,39,1,0
Xiaomi,OpenBox,6,64,AT&T,1109.29,105.93,4.15,0,60,0,0
Samsung,New,12,256,Unlocked,520.58,56.07,4.17,0,28,1,1
Google,New,6,64,Verizon,674.16,0.0,4.0,1,17,0,0
Google,New,12,256,Unlocked,941.16,136.53,4.79,1,71,1,0
Samsung,New,8,128,AT&T,908.07,0.0,4.89,0,58,0,0
Xiaomi,OpenBox,8,256,AT&T,560.61,78.11,3.42,1,119,1,0
Samsung,OpenBox,6,256,Unlocked,1113.24,121.47,4.14,0,98,0,0
Samsung,OpenBox,12,128,Unlocked,1189.51,162.6,4.18,0,94,0,1
Apple,New,16,128,Unlocked,943.63,0.0,4.31,0,60,0,0
Apple,New,8,64,AT&T,518.0,49.04,5.0,1,78,0,0
OnePlus,New,16,128,AT&T,885.14,145.02,3.99,0,106,0,0
Samsung,Refurbished,8,128,Unlocked,924.88,149.07,5.0,0,68,0,0
Samsung,New,8,128,AT&T,790.19,156.84,4.33,0,31,1,0
Apple,Refurbished,12,256,Unlocked,1146.39,233.69,5.0,2,84,0,1
Samsung,New,6,128,Unlocked,824.49,49.48,4.24,1,15,0,0
Google,New,8,128,T-Mobile,1313.0,102.34,4.19,1,60,0,0
OnePlus,OpenBox,6,128,Unlocked,1022.29,59.25,4.39,0,102,0,0
Apple,New,12,128,AT&T,910.74,0.0,5.0,0,101,0,0
Samsung,New,8,256,Unlocked,1052.49,74.6,4.48,0,93,0,0
Samsung,New,12,256,Verizon,1186.79,0.0,4.5,1,70,0,0
Samsung,Refurbished,8,256,Unlocked,1047.79,48.75,4.72,0,42,0,1
Samsung,New,16,128,Unlocked,833.32,0.0,3.96,1,30,0,0
Samsung,Refurbished,6,128,Unlocked,704.82,106.33,4.57,0,60,1,0
Samsung,New,8,128,AT&T,603.14,33.29,4.09,0,68,0,0
Samsung,New,8,256,Unlocked,313.04,0.0,5.0,1,39,0,0
Samsung,New,6,128,Unlocked,888.33,131.94,4.61,0,30,0,0
Samsung,New,6,256,Unlocked,764.71,43.77,4.75,0,92,0,0
Google,Refurbished,12,256,Unlocked,776.49,54.07,3.38,1,64,0,1
Google,Refurbished,8,256,Verizon,1076.35,21.33,4.75,1,58,0,0
Apple,Refurbished,8,256,Verizon,825.34,148.94,4.31,0,96,0,0
Google,Refurbished,16,512,Verizon,1266.92,96.23,3.68,1,116,0,0
OnePlus,New,8,128,Unlocked,723.92,43.21,4.45,0,87,0,0
Apple,New,6,128,Unlocked,636.39,0.0,3.64,3,93,0,0
Samsung,OpenBox,6,512,Unlocked,573.32,230.64,4.71,1,33,0,1
Apple,New,6,256,Unlocked,1009.01,198.76,5.0,0,103,0,0
Google,OpenBox,8,128,T-Mobile,1103.33,166.59,3.5,1,87,0,0
Apple,New,12,128,Unlocked,719.23,37.81,4.39,0,67,1,0
Samsung,New,8,128,T-Mobile,615.92,49.94,4.32,1,15,0,0
Apple,New,6,256,Unlocked,1186.66,104.04,3.41,0,63,1,0
Samsung,New,8,128,AT&T,530.91,26.37,4.86,0,77,0,0
Xiaomi,New,8,64,AT&T,1072.25,20.64,4.71,1,24,0,0
Samsung,New,8,64,Verizon,724.38,167.51,5.0,0,38,0,0
OnePlus,New,16,512,Verizon,937.36,76.69,4.65,1,94,1,1
Xiaomi,New,8,256,Unlocked,1086.92,12.81,3.96,0,74,1,0
OnePlus,New,8,128,AT&T,954.78,137.16,4.66,2,29,0,0
Apple,New,12,512,Unlocked,785.04,45.57,5.0,1,103,0,0
Google,New,12,128,Unlocked,1157.14,0.0,4.17,0,101,0,0
Apple,OpenBox,12,256,Unlocked,913.6,11.91,4.83,0,16,1,0
Samsung,New,12,256,Unlocked,1660.15,49.01,3.22,1,8,0,0
OnePlus,New,8,128,T-Mobile,474.87,93.2,5.0,1,83,1,0
Google,New,8,256,Unlocked,471.62,90.3,4.8,0,9,0,0
Samsung,New,12,512,Unlocked,1068.74,153.67,3.13,0,82,0,1
Samsung,New,12,128,Unlocked,843.01,65.78,4.59,0,65,1,0
Google,New,12,64,Verizon,1024.37,52.06,3.41,0,91,0,0
Google,New,8,256,AT&T,608.36,154.7,4.09,0,4,1,0
Samsung,New,12,128,T-Mobile,861.91,138.72,4.74,1,116,0,0
OnePlus,New,8,256,Verizon,950.61,67.19,4.33,1,11,0,0
Apple,New,6,128,Unlocked,730.38,97.52,5.0,1,58,0,0
Apple,New,8,256,Unlocked,901.0,51.48,4.43,0,97,0,0
Samsung,New,8,256,Unlocked,550.46,10.27,4.38,0,17,1,0
Xiaomi,New,12,512,Verizon,936.86,211.83,4.95,1,90,1,0
Apple,OpenBox,8,128,T-Mobile,1168.0,47.49,4.23,0,83,1,0
Apple,New,12,512,Unlocked,577.73,97.7,4.39,0,105,0,0
Apple,New,8,256,Unlocked,564.45,0.0,4.45,0,65,0,0
OnePlus,New,6,256,Verizon,1111.78,124.19,4.37,0,37,0,0
Apple,New,8,256,Verizon,560.56,7.65,4.98,1,97,0,0
Samsung,New,8,128,Verizon,1034.93,180.68,4.07,0,19,0,0
Xiaomi,OpenBox,12,256,Unlocked,862.18,187.84,3.98,0,95,0,0
Apple,OpenBox,8,128,Unlocked,758.08,113.94,3.87,0,20,0,0
Samsung,New,8,128,Unlocked,1172.64,86.89,3.33,0,88,1,0
Samsung,New,8,256,Unlocked,1054.19,68.76,5.0,0,5,0,0
Google,OpenBox,6,64,AT&T,911.54,77.15,3.95,0,48,1,0
Apple,New,6,256,Unlocked,376.41,104.55,4.28,0,106,0,0
Samsung,New,16,128,Unlocked,1006.7,85.38,5.0,0,57,0,0
Apple,OpenBox,6,128,T-Mobile,614.41,138.9,4.33,1,4,0,1
Google,New,6,256,Unlocked,801.3,24.9,4.66,0,110,1,0
Google,New,12,128,Unlocked,851.61,171.68,3.69,0,72,0,0
Apple,New,12,512,T-Mobile,1267.4,54.64,5.0,1,52,0,0
Samsung,New,8,512,Unlocked,794.29,35.25,4.34,2,106,0,0
OnePlus,New,8,128,AT&T,536.99,101.76,3.89,0,70,1,0
Apple,New,16,128,Unlocked,1173.32,105.59,3.89,0,72,0,1
Apple,New,6,64,T-Mobile,1009.66,0.0,5.0,0,82,1,1
Samsung,New,8,256,Unlocked,1017.85,51.13,4.11,0,21,0,0
Apple,New,12,128,Unlocked,1177.45,0.0,3.9,3,14,1,0
Apple,OpenBox,12,512,T-Mobile,1229.11,39.46,4.18,2,73,0,1
Samsung,New,16,512,Verizon,653.82,42.04,4.42,2,92,0,0
Apple,OpenBox,8,128,Unlocked,543.98,97.85,4.48,2,115,1,0
Samsung,New,16,256,Unlocked,1035.34,32.73,4.62,0,2,0,0
Google,New,8,128,Unlocked,792.26,46.94,4.52,0,10,0,0
Samsung,New,12,256,Unlocked,812.21,158.23,4.72,1,117,0,0
Apple,New,12,128,Unlocked,603.23,203.85,4.26,0,21,0,0
OnePlus,New,6,256,Unlocked,978.46,24.75,5.0,0,68,0,0
Apple,OpenBox,8,128,T-Mobile,938.47,141.16,4.16,0,57,0,0
Google,Refurbished,8,512,AT&T,815.79,103.27,5.0,0,20,0,0
Samsung,OpenBox,12,128,T-Mobile,544.56,0.0,4.1,0,92,0,0
Google,New,6,256,Unlocked,1116.01,32.53,3.69,1,94,0,0
Apple,New,12,512,Unlocked,906.25,0.0,3.57,2,34,0,0
Apple,New,8,256,Verizon,1095.93,99.41,4.55,0,101,0,0
Samsung,New,8,256,Unlocked,387.34,15.39,4.98,0,73,0,0
Apple,OpenBox,8,128,Unlocked,862.5,88.04,3.82,2,25,1,0
Apple,OpenBox,16,128,AT&T,692.28,234.26,3.96,1,32,0,1
Google,New,6,128,Verizon,857.95,175.59,4.59,2,5,0,0
OnePlus,Refurbished,8,512,Unlocked,1057.51,33.98,4.4,2,68,1,0
Apple,OpenBox,6,128,Unlocked,931.39,19.47,4.11,0,63,1,0
OnePlus,New,16,128,Unlocked,853.99,157.58,3.76,2,22,1,0
Google,Refurbished,12,256,Verizon,852.81,19.71,4.55,0,77,0,0
OnePlus,New,8,128,Unlocked,506.85,139.47,4.73,0,37,1,1
Google,New,8,512,T-Mobile,650.56,244.15,4.65,1,21,1,1
Samsung,New,8,128,Unlocked,1096.68,120.53,4.41,1,22,0,1
Samsung,New,8,64,Unlocked,738.78,151.04,3.87,0,67,0,0
Samsung,New,12,256,AT&T,1100.89,144.08,4.56,0,111,0,0
OnePlus,Refurbished,8,256,T-Mobile,1031.8,46.57,4.52,1,63,0,1
Apple,New,8,512,AT&T,1043.43,97.41,3.74,0,74,0,0
Apple,New,12,128,Unlocked,923.24,22.61,4.25,0,103,0,0
Apple,New,8,128,Unlocked,754.08,157.4,4.58,0,78,1,0
Xiaomi,New,6,128,Verizon,816.75,14.89,4.36,1,98,1,0
Samsung,OpenBox,6,128,AT&T,990.88,122.06,3.42,1,64,1,1
Samsung,New,8,256,T-Mobile,382.36,147.9,4.08,0,16,0,0
OnePlus,Refurbished,8,128,Unlocked,1123.63,50.5,4.05,1,79,0,0
Xiaomi,New,6,256,Verizon,739.97,36.74,4.68,0,85,1,0
Apple,New,8,512,Unlocked,831.02,69.82,5.0,0,54,0,1
Google,New,8,128,Unlocked,832.91,26.45,4.47,1,60,0,0
OnePlus,New,12,256,Unlocked,841.24,89.38,3.8,0,12,0,1
Apple,Refurbished,6,128,Unlocked,561.0,24.98,4.32,1,56,0,1
Google,New,8,256,Unlocked,883.38,29.33,4.41,2,110,0,1
Apple,New,6,128,Unlocked,980.76,112.81,4.78,1,20,1,0
Samsung,New,8,256,Verizon,400.22,117.05,5.0,0,77,0,0
Samsung,OpenBox,6,128,Verizon,563.83,62.39,5.0,0,89,1,0
Apple,New,8,64,Unlocked,1047.09,0.0,4.67,1,86,0,0
Apple,OpenBox,12,128,Verizon,1006.16,150.25,4.4,0,104,0,0
Apple,OpenBox,6,128,Unlocked,915.72,53.1,5.0,3,24,1,0
Apple,New,12,512,Unlocked,699.93,203.74,4.23,1,25,1,0
Samsung,New,8,128,T-Mobile,1007.43,72.06,4.43,0,40,1,0
Apple,New,8,512,Unlocked,585.36,88.15,4.28,0,4,0,0
Apple,New,8,128,Unlocked,819.79,54.09,3.33,1,1,0,1
Google,Refurbished,8,128,Verizon,562.57,94.6,5.0,0,73,1,1
Google,New,12,128,Unlocked,814.36,288.59,4.74,0,36,0,0
Samsung,OpenBox,12,128,Unlocked,623.31,59.06,3.21,1,117,1,1
Xiaomi,New,12,256,AT&T,1016.28,156.58,4.9,0,102,0,0
Samsung,New,8,128,Verizon,945.3,85.44,4.25,1,81,1,0
OnePlus,OpenBox,12,512,Unlocked,724.47,150.43,4.89,0,98,0,0
Apple,New,6,64,T-Mobile,1089.87,0.0,4.44,0,31,0,0
Google,New,8,128,Unlocked,639.61,196.69,3.72,0,84,0,0
Xiaomi,New,6,128,Unlocked,842.24,100.46,4.41,2,104,1,1
OnePlus,New,6,256,Unlocked,714.74,63.93,3.95,2,19,0,0
Samsung,OpenBox,8,256,Unlocked,1013.32,134.2,3.79,2,65,0,0
Samsung,New,12,512,T-Mobile,991.56,88.63,4.83,0,118,0,0
Apple,OpenBox,6,128,AT&T,1136.43,11.13,4.6,0,61,0,0
Samsung,New,8,64,Unlocked,868.26,0.0,5.0,2,98,0,0
Google,New,8,256,Unlocked,200.0,189.56,4.2,2,7,0,0
Xiaomi,New,16,256,Unlocked,755.21,66.63,3.92,0,42,1,0
Samsung,OpenBox,12,256,Verizon,1194.36,43.22,4.72,0,8,0,0
Apple,New,6,128,Unlocked,778.5,47.89,3.98,0,86,0,0
Samsung,New,6,256,T-Mobile,428.14,167.87,4.24,0,69,1,0
Apple,New,8,128,Unlocked,948.85,50.59,4.66,0,24,0,0
Apple,New,8,512,Unlocked,965.29,118.66,4.34,0,96,0,1
Apple,OpenBox,16,128,T-Mobile,690.02,59.92,4.16,1,65,0,0
Google,New,16,256,T-Mobile,795.72,4.71,3.7,0,90,1,0
Apple,Refurbished,16,128,Unlocked,663.59,134.08,4.87,0,85,1,0
Apple,New,8,256,Unlocked,964.97,146.18,4.22,0,112,1,0
Apple,New,12,512,T-Mobile,862.45,39.24,4.71,1,28,1,1
OnePlus,New,12,512,Verizon,593.53,77.73,4.64,0,60,0,1
Google,OpenBox,6,128,Verizon,847.9,85.82,4.95,0,20,0,0
Apple,New,8,128,Verizon,688.73,106.71,4.28,0,74,1,0
Apple,New,8,256,T-Mobile,1171.43,198.28,4.23,2,44,0,0
Samsung,New,8,256,Unlocked,1046.61,60.57,3.85,0,75,1,0
Apple,New,16,256,Unlocked,823.1,60.2,4.13,2,9,0,0
Samsung,New,12,128,Unlocked,867.83,69.48,4.57,2,46,0,0
Samsung,Refurbished,8,128,AT&T,1073.03,23.47,3.99,2,56,0,0
Xiaomi,New,8,128,Unlocked,811.81,0.0,4.56,3,1,0,0
Apple,New,6,256,Unlocked,1016.85,88.03,5.0,1,16,0,1
Samsung,New,8,128,Verizon,1175.02,111.64,4.18,0,100,0,0
Apple,New,6,128,Unlocked,742.01,80.15,3.74,0,59,0,0
Xiaomi,New,8,256,T-Mobile,1212.15,76.24,4.19,0,8,0,0
Xiaomi,Refurbished,12,256,Unlocked,1148.13,26.08,3.69,0,17,0,0
Google,New,12,512,AT&T,904.68,95.14,5.0,2,115,0,0
Samsung,OpenBox,12,128,Verizon,752.34,90.19,4.44,1,21,1,0
Apple,New,6,128,Unlocked,901.94,108.49,4.04,0,101,0,0
Google,OpenBox,12,256,Unlocked,796.21,99.42,4.12,1,30,0,0
Google,New,6,128,Unlocked,675.59,103.63,3.81,0,13,0,0
Apple,Refurbished,8,256,AT&T,967.1,159.13,4.91,0,100,0,0
Samsung,New,8,128,AT&T,624.82,114.33,5.0,3,15,1,0
Samsung,New,6,256,Unlocked,775.52,108.84,3.65,1,98,0,1
OnePlus,New,6,128,Unlocked,778.41,0.0,4.92,0,88,0,1
Google,New,8,256,T-Mobile,549.64,143.21,4.28,0,118,1,0
Samsung,New,6,256,Unlocked,994.86,62.13,5.0,0,65,0,0
Samsung,New,16,64,T-Mobile,799.77,84.75,3.48,2,111,0,1
Apple,OpenBox,8,128,Unlocked,1135.75,3.63,4.51,1,78,1,0
Samsung,OpenBox,8,128,Unlocked,796.18,205.39,4.2,1,3,0,1
Apple,New,16,256,Unlocked,760.55,0.0,4.73,0,35,0,0
Google,OpenBox,8,64,Unlocked,650.98,169.29,4.43,0,2,1,1
Samsung,New,8,128,T-Mobile,858.59,105.51,4.41,1,106,0,0
Samsung,New,16,256,Verizon,859.83,0.0,4.35,1,49,0,0
Apple,New,8,256,Verizon,1013.19,202.18,5.0,1,65,0,0
Apple,New,6,256,Verizon,864.74,110.83,4.31,0,96,1,0
Samsung,New,8,128,Verizon,1310.66,0.0,4.83,2,68,0,0
Apple,New,8,512,AT&T,950.37,54.65,4.71,2,110,1,0
Apple,New,12,64,Verizon,632.9,112.07,4.84,0,118,0,0
Google,New,6,64,AT&T,614.28,182.79,3.89,2,25,0,0
Samsung,OpenBox,8,256,Verizon,967.66,55.45,4.75,2,92,0,0
Samsung,New,12,128,Unlocked,625.97,0.0,4.57,0,23,0,0
Samsung,OpenBox,16,256,Unlocked,980.87,167.54,3.81,1,82,1,0
Google,New,6,128,Unlocked,1047.04,109.89,4.29,0,64,0,0
Apple,New,8,128,Unlocked,1052.34,0.0,5.0,2,104,0,1
Google,New,16,256,Unlocked,658.78,100.56,4.2,0,22,1,0
Xiaomi,OpenBox,8,128,Unlocked,1052.72,106.91,4.22,1,118,0,1
Samsung,New,6,256,Unlocked,920.97,60.52,4.63,0,61,0,0
Samsung,New,6,256,AT&T,716.27,30.36,4.13,2,97,0,0
Google,OpenBox,12,64,AT&T,814.93,43.42,4.47,1,97,0,1
Samsung,OpenBox,8,256,Unlocked,953.68,60.48,4.18,0,96,1,1
Samsung,New,8,512,T-Mobile,701.97,101.28,4.6,1,29,0,0
Samsung,New,12,256,T-Mobile,916.41,127.3,4.37,1,23,0,1
Apple,New,8,64,T-Mobile,1168.03,0.0,5.0,0,11,0,0
Apple,New,6,256,Unlocked,1062.09,95.36,4.42,0,104,0,0
Samsung,OpenBox,8,512,Unlocked,868.04,109.28,4.29,0,73,1,0
Apple,New,12,256,Unlocked,901.51,90.15,4.91,1,105,1,0
Samsung,New,8,128,AT&T,731.63,55.71,3.7,1,40,0,1
Samsung,New,12,128,Verizon,737.82,165.19,5.0,0,72,1,0
Xiaomi,New,6,256,Verizon,511.82,160.66,3.91,0,7,0,0
Apple,New,6,256,AT&T,905.24,58.03,5.0,1,78,1,0
Samsung,New,16,512,T-Mobile,1000.15,75.02,5.0,1,108,0,0
Samsung,New,6,512,Verizon,834.41,126.31,4.14,1,75,0,0
Apple,New,6,128,T-Mobile,656.99,156.96,4.19,0,102,0,0
Apple,New,12,256,AT&T,864.55,31.07,4.35,0,65,0,1
Apple,New,8,128,Unlocked,1145.19,17.23,4.71,0,52,0,0
Apple,New,8,64,AT&T,1047.56,96.45,3.9,0,22,0,0
Apple,New,12,64,Unlocked,843.52,12.59,4.35,0,29,0,0
Samsung,OpenBox,6,512,Unlocked,1300.43,0.0,4.24,1,79,1,0
Samsung,Refurbished,12,128,T-Mobile,1443.72,30.78,3.82,0,48,1,0
Apple,Refurbished,8,128,Unlocked,744.37,105.03,3.88,0,46,0,0
Apple,New,6,128,Unlocked,795.91,173.22,4.46,0,67,0,0
Apple,New,12,128,T-Mobile,1002.53,37.47,4.46,0,64,0,0
Samsung,New,8,256,Unlocked,649.15,72.54,4.02,0,96,0,0
Apple,OpenBox,12,64,Unlocked,1036.81,89.33,4.44,0,108,0,0
Samsung,New,16,128,Unlocked,872.32,41.08,4.08,1,16,0,0
Apple,New,12,128,Unlocked,931.76,36.37,5.0,1,13,0,0
Apple,New,8,256,Unlocked,723.4,100.1,4.35,1,99,0,1
Xiaomi,New,8,256,Unlocked,676.71,8.15,4.95,1,114,1,0
Apple,OpenBox,12,256,AT&T,413.2,33.96,3.55,1,65,1,0
Apple,New,8,128,Unlocked,1176.65,67.84,4.56,1,68,0,0
Apple,New,12,128,Verizon,1057.12,99.35,4.7,0,87,0,0
Xiaomi,Refurbished,12,128,Unlocked,998.14,0.0,4.33,0,114,1,0
Samsung,New,8,512,Unlocked,926.63,72.15,4.13,0,43,0,1
Samsung,New,6,128,Verizon,343.07,2.55,4.32,0,24,1,0
Xiaomi,New,8,128,Unlocked,684.76,38.95,4.77,1,98,0,0
Apple,New,8,512,Unlocked,793.66,127.32,3.79,1,7,1,1
Xiaomi,New,8,512,Unlocked,612.1,75.57,4.75,1,13,0,0
Apple,New,8,128,Unlocked,477.43,180.14,4.56,0,74,0,0
Samsung,Refurbished,12,256,Unlocked,634.98,75.67,4.27,1,38,0,0
Samsung,New,8,128,Unlocked,860.81,138.08,4.29,0,63,0,0
Samsung,New,8,128,Unlocked,860.87,127.69,4.43,2,60,0,0
Xiaomi,New,12,128,Unlocked,1049.66,79.21,5.0,0,88,0,1
Apple,Refurbished,12,512,Unlocked,1303.9,1.06,4.57,1,21,0,0
Xiaomi,New,16,128,AT&T,1000.87,73.69,3.93,2,72,1,0
Samsung,Refurbished,6,256,Unlocked,811.38,48.03,4.18,0,90,0,0
Samsung,New,12,64,Verizon,1246.07,45.71,3.83,1,62,1,0
Xiaomi,New,12,256,Verizon,501.97,89.35,3.46,0,37,0,1
Apple,OpenBox,12,256,Unlocked,392.65,0.0,3.82,1,108,0,1
Xiaomi,New,8,256,Unlocked,654.92,27.57,4.46,0,16,0,0
Samsung,New,6,512,Unlocked,1028.68,19.28,5.0,0,39,1,0
Google,Refurbished,8,256,Unlocked,887.08,64.75,4.9,1,66,0,0
Apple,New,8,256,Unlocked,601.77,33.91,3.82,0,33,0,0
Samsung,New,8,128,Unlocked,690.04,37.85,4.0,0,78,0,0
Samsung,OpenBox,16,512,T-Mobile,576.87,88.13,3.93,0,96,1,0
Samsung,Refurbished,6,128,AT&T,576.87,53.26,3.11,0,64,0,0
Apple,Refurbished,16,128,Unlocked,1191.23,80.29,4.32,1,42,0,0
Apple,OpenBox,8,256,T-Mobile,818.44,13.06,4.8,1,72,0,0
OnePlus,New,12,128,Unlocked,1239.31,30.29,4.27,2,68,0,0
Apple,Refurbished,8,256,Unlocked,654.2,202.45,3.77,3,97,0,0
Google,New,8,128,Unlocked,958.05,38.16,3.98,1,74,0,0
Xiaomi,New,8,128,T-Mobile,899.96,0.0,4.24,0,1,0,0
Apple,New,16,512,Unlocked,1043.53,100.53,4.79,2,36,0,0
Apple,OpenBox,6,512,AT&T,906.0,37.52,4.31,0,44,0,0
Samsung,New,8,128,Verizon,1066.72,94.63,4.72,1,43,0,0
Apple,OpenBox,16,512,Unlocked,971.92,74.63,4.36,0,103,1,0
Samsung,New,6,128,Unlocked,609.92,112.99,4.52,0,5,0,0
Google,New,8,128,Unlocked,1011.2,74.02,3.93,0,89,0,1
Samsung,New,6,512,AT&T,827.32,66.41,4.06,0,34,0,0
Samsung,New,6,256,Unlocked,679.12,148.88,3.77,1,66,1,1
Google,New,8,256,Unlocked,1002.68,0.0,4.7,1,39,0,1
Samsung,New,8,128,Unlocked,1052.74,0.47,4.25,1,9,1,1
Apple,New,8,128,AT&T,743.62,30.49,2.6,1,2,0,1
Samsung,New,8,64,Verizon,772.88,0.0,4.64,1,47,0,0
OnePlus,New,12,512,Unlocked,544.83,51.24,4.89,1,98,0,0
Samsung,New,16,128,Unlocked,452.96,45.32,3.99,0,42,0,0
Samsung,New,8,128,Unlocked,796.69,138.48,4.64,1,106,0,0
Apple,New,8,128,Unlocked,1024.25,74.7,4.3,0,110,0,0
Apple,New,8,256,Unlocked,723.88,67.22,3.34,1,22,1,0
Apple,New,12,128,Verizon,1164.11,57.21,5.0,1,100,0,0
Apple,New,8,256,Unlocked,804.88,16.88,4.3,0,73,1,0
Xiaomi,New,12,256,Unlocked,805.78,133.45,4.5,0,67,1,0
Apple,New,8,128,Unlocked,786.4,152.6,4.09,0,53,0,0
Google,New,8,64,Unlocked,1065.95,7.27,4.25,2,114,1,0
Apple,New,12,128,Verizon,639.04,177.2,4.48,1,16,0,0
Apple,New,8,256,Verizon,821.63,39.74,3.88,1,1,0,1
Samsung,New,8,256,Unlocked,729.58,34.85,5.0,0,3,1,0
Apple,Refurbished,8,128,Unlocked,726.46,108.37,4.82,0,106,0,0
Google,New,8,256,Verizon,857.73,113.72,4.66,1,79,0,0
Xiaomi,New,8,128,Verizon,825.07,75.72,4.33,0,61,0,0
OnePlus,Refurbished,12,512,AT&T,1081.37,59.22,4.02,1,10,1,0
Apple,New,8,512,AT&T,847.63,150.34,4.92,0,16,0,0
Google,New,6,256,AT&T,972.1,42.6,4.71,0,107,0,0
Apple,OpenBox,8,64,AT&T,888.01,75.87,4.2,1,104,0,0
OnePlus,New,8,128,T-Mobile,1158.83,181.63,3.86,1,94,0,0
Samsung,OpenBox,16,512,Verizon,783.48,0.0,3.61,1,105,0,0
Apple,New,8,128,Verizon,784.09,52.48,4.41,1,87,1,0
Apple,New,8,256,AT&T,1013.91,141.51,4.28,0,90,0,0
Apple,New,8,512,Unlocked,780.48,111.68,4.99,1,101,1,0
Apple,New,16,256,Unlocked,959.65,133.64,4.9,1,54,0,1
OnePlus,Refurbished,12,256,T-Mobile,1364.34,0.63,4.42,0,13,0,0
Google,New,6,256,Unlocked,634.63,99.27,4.36,0,15,0,1
Xiaomi,New,8,512,Unlocked,1186.97,62.89,3.82,2,75,0,0
Apple,New,12,128,Unlocked,741.71,216.35,4.93,2,24,0,0
Samsung,OpenBox,12,512,Unlocked,1144.29,128.56,4.37,0,25,1,0
Apple,New,8,128,Unlocked,1000.93,78.66,4.7,2,106,0,0
Samsung,OpenBox,12,256,Unlocked,982.07,97.15,4.99,1,62,1,0
Apple,New,8,512,Unlocked,816.79,83.26,4.12,0,57,0,0
Apple,OpenBox,8,256,Unlocked,794.89,121.94,3.99,0,43,0,0
Samsung,New,6,128,Unlocked,691.16,28.62,5.0,1,32,1,0
Apple,New,8,64,Unlocked,851.38,161.91,4.7,0,15,1,0
Samsung,New,6,256,Unlocked,809.54,0.52,4.26,1,112,0,0
Samsung,New,8,256,Unlocked,892.02,92.3,5.0,0,88,0,0
Apple,New,12,128,Verizon,539.66,30.54,4.25,0,103,0,0
Xiaomi,New,12,512,Unlocked,854.98,82.57,4.56,0,36,1,0
Samsung,OpenBox,6,512,T-Mobile,1127.78,139.28,4.12,0,13,0,0
Google,OpenBox,6,512,Verizon,1057.69,0.0,4.39,0,15,0,0
Samsung,OpenBox,12,256,Unlocked,855.06,69.83,4.26,0,117,0,0
Google,Refurbished,8,512,Unlocked,1413.73,0.0,4.02,0,105,1,0
Google,Refurbished,6,512,Unlocked,722.98,63.24,4.52,1,111,0,0
OnePlus,New,12,128,Unlocked,830.93,0.0,4.08,0,17,0,0
Samsung,New,8,512,T-Mobile,530.89,89.71,4.69,1,50,0,0
Apple,OpenBox,6,256,Verizon,761.2,54.43,4.25,0,25,1,1
Apple,Refurbished,12,512,AT&T,1243.32,124.83,3.54,1,70,0,0
Samsung,Refurbished,8,256,Verizon,769.59,153.71,4.71,1,3,0,0
Apple,OpenBox,8,256,T-Mobile,513.88,80.64,4.72,3,48,0,0
Apple,New,12,128,T-Mobile,1041.84,133.62,5.0,1,62,0,0
Apple,Refurbished,16,64,Unlocked,935.63,162.95,4.41,0,33,0,0
Samsung,Refurbished,6,128,Unlocked,1032.74,24.67,4.49,1,99,0,0
Apple,New,8,256,Unlocked,784.65,166.1,4.64,0,9,0,0
Samsung,OpenBox,8,512,Unlocked,628.43,77.78,4.91,1,102,1,0
Google,New,8,64,Unlocked,809.6,21.3,4.88,1,2,0,0
OnePlus,Refurbished,8,128,Unlocked,972.07,97.91,4.56,1,89,1,0
Apple,New,8,256,AT&T,834.09,75.67,4.38,1,79,0,0
Samsung,OpenBox,6,128,Unlocked,935.35,0.0,4.82,1,57,0,0
Samsung,New,12,128,AT&T,731.9,13.94,4.36,0,6,1,0
Samsung,New,8,64,Unlocked,943.52,178.24,3.76,1,106,1,0
Samsung,New,12,256,Unlocked,849.34,96.71,3.65,0,109,0,1
Apple,New,8,256,AT&T,694.71,168.91,4.25,1,92,1,0
Xiaomi,New,12,512,Unlocked,880.79,55.01,4.46,2,114,1,0
Apple,Refurbished,8,128,AT&T,764.93,31.9,5.0,0,106,0,0
OnePlus,New,8,128,T-Mobile,985.78,0.0,4.34,0,99,0,1
Samsung,OpenBox,12,256,Unlocked,1042.09,138.08,4.42,1,29,0,0
Apple,New,12,512,Unlocked,960.34,104.64,4.2,1,99,0,0
Google,New,8,128,Unlocked,490.3,55.55,4.71,1,72,0,0
Apple,OpenBox,8,512,Unlocked,637.75,32.44,4.54,1,10,0,0
Google,OpenBox,8,256,T-Mobile,709.95,147.61,4.08,0,3,0,0
Samsung,New,8,512,AT&T,674.81,69.36,3.89,0,31,0,0
Apple,OpenBox,8,128,Unlocked,730.57,70.01,4.2,1,63,0,0
Apple,OpenBox,12,128,Verizon,1053.55,43.95,3.98,1,116,0,0
Google,New,8,128,T-Mobile,1003.7,55.55,4.28,0,105,0,0
Apple,Refurbished,8,256,Unlocked,756.75,113.01,4.47,0,116,0,0
OnePlus,OpenBox,8,512,Unlocked,980.19,0.0,4.15,0,88,1,0
Google,New,16,128,AT&T,922.35,84.84,5.0,0,16,1,1
Google,New,8,64,AT&T,842.77,137.34,4.98,1,93,1,1
Apple,New,8,64,Unlocked,1102.61,74.91,4.29,0,46,0,0
Google,New,6,256,Unlocked,704.51,143.25,3.92,0,38,0,0
Xiaomi,OpenBox,12,512,Unlocked,861.61,160.44,4.39,0,64,0,0
Apple,OpenBox,8,128,Verizon,618.81,134.21,4.33,0,48,0,0
Apple,New,8,256,Verizon,629.36,47.76,4.37,1,76,0,0
Apple,New,8,256,Unlocked,550.63,77.87,4.2,1,118,1,0
Samsung,New,12,512,AT&T,633.11,100.75,3.88,0,39,0,0
Google,New,8,256,Unlocked,868.28,51.82,4.42,1,32,0,0
Samsung,Refurbished,8,128,AT&T,783.45,49.81,4.22,0,116,1,0
Samsung,New,6,256,Verizon,790.63,46.2,4.27,0,11,1,0
Apple,New,6,256,Unlocked,784.18,232.61,4.45,1,101,1,1
Apple,New,6,512,Unlocked,1240.0,63.73,4.37,2,47,1,0
Apple,New,8,256,Unlocked,599.82,144.12,4.44,0,115,0,0
OnePlus,OpenBox,8,128,AT&T,576.3,27.84,4.2,1,92,0,0
Samsung,Refurbished,8,256,Verizon,664.01,182.11,4.58,0,17,0,0
Samsung,New,8,256,Unlocked,834.18,57.29,4.04,0,63,1,0
Google,New,6,128,T-Mobile,963.25,83.18,3.86,0,32,0,0
Apple,New,8,512,AT&T,986.09,0.0,3.96,1,6,0,0
Apple,New,6,128,Unlocked,1057.82,147.0,4.06,1,74,1,0
Apple,New,6,512,Unlocked,826.19,159.99,3.76,0,80,0,0
Xiaomi,New,6,128,Unlocked,762.81,8.76,3.55,1,98,0,1
Google,OpenBox,12,64,Unlocked,1209.36,150.49,4.65,1,88,0,1
Samsung,New,16,256,T-Mobile,237.47,0.0,5.0,1,73,0,1
Apple,New,8,256,Verizon,863.81,117.92,4.68,1,72,0,0
Apple,New,6,512,Unlocked,944.6,62.72,4.16,0,74,0,0
Samsung,OpenBox,16,256,Unlocked,1262.21,160.18,3.54,2,21,0,0
Samsung,New,16,64,Unlocked,484.68,94.95,4.5,0,77,1,0
Xiaomi,New,8,512,Unlocked,757.57,135.89,3.6,0,23,0,1
Google,OpenBox,6,256,Unlocked,551.33,154.27,4.36,1,69,1,0
Samsung,New,12,128,AT&T,454.38,62.54,4.0,1,49,0,1
Google,Refurbished,16,512,AT&T,805.0,78.27,3.26,1,101,1,1
Xiaomi,New,12,128,T-Mobile,1033.28,13.33,5.0,0,43,0,1
Samsung,OpenBox,8,64,Unlocked,1115.31,62.0,3.77,0,1,1,0
Samsung,Refurbished,8,256,Unlocked,732.99,195.62,4.22,2,13,1,1
OnePlus,New,16,256,AT&T,996.64,125.35,4.34,1,25,0,0
Apple,New,6,256,Unlocked,806.5,17.32,4.16,1,103,1,0
OnePlus,New,6,512,Unlocked,972.45,177.89,4.63,0,91,1,0
Apple,OpenBox,12,128,T-Mobile,1103.98,103.34,4.03,0,111,1,0
Samsung,Refurbished,6,512,AT&T,807.27,129.83,4.59,2,88,1,0
Google,OpenBox,8,64,T-Mobile,1086.93,109.43,4.56,2,18,1,0
Samsung,Refurbished,8,128,Unlocked,583.13,105.19,3.71,1,6,0,0
Samsung,New,8,128,Verizon,994.43,0.0,4.52,0,67,0,0
Samsung,New,6,64,Unlocked,1077.41,146.42,3.87,1,64,0,0
Apple,New,8,128,Unlocked,1054.65,0.0,3.82,1,52,1,0
Apple,OpenBox,8,512,Unlocked,589.3,140.96,4.55,1,71,0,0
Apple,OpenBox,8,256,AT&T,804.72,85.97,4.2,0,49,0,0
Samsung,New,8,256,Unlocked,916.48,130.13,4.59,0,28,0,0
Samsung,New,16,64,Verizon,947.47,89.5,4.59,0,70,1,0
Apple,New,8,512,T-Mobile,875.49,142.63,3.69,0,48,1,1
OnePlus,OpenBox,16,128,AT&T,1164.42,80.97,4.77,0,55,0,1
Samsung,Refurbished,8,256,Unlocked,564.96,96.86,4.54,0,99,0,0
Samsung,New,6,256,Verizon,797.14,104.29,4.11,0,54,1,0
Samsung,New,12,128,Unlocked,478.69,192.72,4.33,0,112,0,0
Apple,New,12,256,Unlocked,986.67,116.02,4.78,1,18,0,0
Google,New,6,512,Unlocked,972.02,0.99,4.24,0,78,1,0
Samsung,Refurbished,8,128,Verizon,1586.69,46.16,5.0,1,85,1,0
Apple,New,12,256,AT&T,1075.8,115.88,5.0,1,12,0,0
Xiaomi,New,6,512,T-Mobile,922.9,155.58,4.46,1,70,0,0
Google,New,8,128,Unlocked,906.08,36.67,4.29,0,86,1,0
Google,New,8,128,Unlocked,780.35,214.39,4.31,3,7,0,1
OnePlus,Refurbished,6,128,Unlocked,878.71,90.54,4.1,0,98,0,0
OnePlus,New,12,256,T-Mobile,910.77,105.23,4.46,1,45,1,0
Apple,New,8,128,AT&T,417.75,4.76,4.74,2,77,0,0
Samsung,New,12,128,T-Mobile,893.32,146.93,3.73,0,26,0,0
Samsung,Refurbished,12,128,Unlocked,872.22,53.25,4.72,0,17,0,0
Apple,Refurbished,16,512,Unlocked,1235.88,35.25,4.87,0,47,0,0
Apple,New,8,512,Verizon,821.03,60.97,4.69,0,19,0,0
Apple,New,8,256,Unlocked,681.58,162.97,4.34,1,15,0,0
Samsung,New,8,512,Unlocked,909.08,107.94,4.67,0,69,0,0
Google,New,8,256,Unlocked,866.36,26.65,5.0,0,73,1,0
Google,New,8,512,Unlocked,821.27,48.18,4.37,0,111,1,0
Apple,OpenBox,12,128,Unlocked,568.62,164.57,4.41,0,70,1,0
Apple,Refurbished,8,128,T-Mobile,815.68,65.82,5.0,1,66,1,1
Samsung,New,6,512,AT&T,722.58,113.62,4.55,1,71,0,1
Samsung,New,12,128,AT&T,802.37,128.31,3.9,1,119,0,1
OnePlus,New,12,128,Unlocked,1011.07,0.0,4.84,0,44,1,0
OnePlus,New,8,256,AT&T,701.61,155.86,4.6,0,82,1,0
OnePlus,New,12,256,Unlocked,801.33,28.86,4.07,1,86,0,0
OnePlus,New,8,128,Unlocked,969.07,58.36,3.85,0,21,1,0
Xiaomi,Refurbished,12,128,Unlocked,790.73,172.36,4.52,0,101,1,0
Samsung,New,8,128,Unlocked,1424.02,166.82,4.37,1,51,0,0
Apple,OpenBox,8,128,T-Mobile,904.75,109.57,3.78,0,50,1,0
Apple,New,6,128,AT&T,576.78,123.71,4.36,1,27,1,1
Samsung,New,6,256,Unlocked,665.35,138.68,4.32,0,52,1,1
Apple,New,12,256,Verizon,643.21,165.81,4.37,0,70,0,0
Apple,Refurbished,8,128,Unlocked,668.49,173.45,4.65,2,107,1,0
Xiaomi,New,6,128,Unlocked,968.14,86.46,3.52,1,38,1,0
Apple,New,6,256,Verizon,606.57,35.76,3.84,0,73,0,0
Xiaomi,OpenBox,8,128,AT&T,777.13,64.69,4.16,1,104,1,0
Google,OpenBox,12,128,AT&T,1101.4,87.63,5.0,1,61,0,0
Samsung,New,8,128,Unlocked,735.65,76.82,5.0,2,24,1,1
Samsung,New,12,256,Unlocked,997.73,19.27,4.4,2,88,1,0
Apple,New,12,128,Unlocked,479.75,106.21,4.42,0,68,0,0
Samsung,OpenBox,8,128,Unlocked,768.46,0.0,3.18,0,37,1,0
Apple,New,12,256,Unlocked,655.09,85.12,4.85,0,103,0,0
Xiaomi,New,6,256,Unlocked,915.95,88.97,4.62,0,4,1,0
Apple,New,8,256,Unlocked,622.35,86.91,4.54,0,116,0,0
Apple,New,6,512,Unlocked,1305.32,131.07,3.78,2,84,0,0
Google,Refurbished,6,256,Verizon,489.34,123.12,5.0,1,82,1,0
Samsung,OpenBox,6,128,Unlocked,1099.87,213.36,5.0,1,77,0,0
Samsung,New,6,128,Unlocked,1043.22,48.94,4.55,1,118,0,0
Samsung,Refurbished,12,64,T-Mobile,918.17,96.76,4.9,2,51,1,1
Apple,New,8,128,T-Mobile,861.98,92.91,4.43,0,118,0,0
Samsung,New,16,128,Unlocked,1258.09,90.09,4.81,0,6,0,0
Apple,New,8,128,Unlocked,1393.61,4.11,3.75,0,111,0,0
Apple,OpenBox,8,256,Unlocked,804.4,8.99,3.26,0,112,0,0
Apple,New,6,256,T-Mobile,884.71,80.39,3.77,1,33,0,0
Apple,New,8,128,Unlocked,728.47,0.0,4.0,0,87,0,0
Apple,OpenBox,8,256,Unlocked,592.76,59.95,4.08,1,47,0,0
Samsung,New,16,128,AT&T,951.88,41.15,4.62,0,46,0,0
Apple,Refurbished,16,256,AT&T,904.92,62.12,4.27,1,63,0,1
Apple,New,6,256,Unlocked,495.75,147.94,4.39,0,24,0,0
Samsung,New,8,128,Unlocked,950.32,15.3,3.81,0,28,1,0
Apple,New,8,128,Unlocked,912.29,132.19,3.76,1,67,0,0
Google,New,8,512,Unlocked,717.73,45.72,4.42,0,119,1,0
Xiaomi,New,6,256,Unlocked,703.37,53.19,4.13,0,3,0,0
Samsung,New,12,256,AT&T,943.23,107.93,4.4,2,55,0,0
OnePlus,Refurbished,12,64,AT&T,1203.95,63.55,4.67,0,55,1,1
Apple,OpenBox,8,128,Verizon,937.65,26.45,5.0,1,90,0,1
Apple,OpenBox,8,128,Verizon,1021.71,57.78,4.39,2,118,0,0
Google,New,6,512,Unlocked,666.92,0.0,5.0,2,67,0,1
Google,New,16,128,Unlocked,758.86,102.87,4.6,0,88,1,0
OnePlus,New,6,128,AT&T,983.76,0.0,4.74,1,17,0,1
Apple,New,8,512,Unlocked,551.16,133.28,4.93,0,118,0,0
Google,OpenBox,8,128,Unlocked,895.58,116.92,4.76,0,114,0,0
Samsung,New,12,128,Unlocked,958.55,176.09,4.0,0,48,0,0
Apple,New,12,256,AT&T,841.52,210.92,4.94,1,86,1,0
Apple,New,6,128,Verizon,920.26,136.15,4.21,0,11,1,1
Xiaomi,New,6,512,Unlocked,862.72,42.36,4.55,0,70,1,0
Apple,New,12,64,Unlocked,713.12,210.36,4.47,1,115,0,0
OnePlus,New,8,256,AT&T,590.82,8.36,4.97,2,19,0,0
Samsung,New,6,128,Unlocked,830.13,0.0,4.6,1,103,0,0
Google,New,16,256,Unlocked,1136.99,191.15,3.71,0,117,0,1
Google,New,6,256,AT&T,1075.36,116.09,5.0,0,67,0,0
OnePlus,OpenBox,8,256,Verizon,774.03,0.0,4.82,2,94,0,0
Apple,New,8,512,Unlocked,769.46,0.0,4.12,0,28,0,0
Apple,New,12,256,Unlocked,753.26,113.08,3.83,1,54,1,1
Samsung,New,12,128,T-Mobile,753.29,27.8,4.87,0,88,0,0
Apple,New,8,64,Unlocked,913.3,36.43,3.89,0,52,0,0
Apple,OpenBox,12,128,T-Mobile,1082.65,197.99,4.8,1,3,0,0
Apple,New,16,128,AT&T,1347.82,208.89,4.93,0,98,0,0
Apple,Refurbished,12,128,T-Mobile,667.43,88.81,4.08,0,109,0,0
Apple,OpenBox,8,256,Unlocked,993.26,70.97,4.03,0,71,0,0
Apple,New,8,256,Unlocked,969.31,134.15,4.16,0,83,0,1
OnePlus,New,12,512,Unlocked,777.46,46.3,3.91,0,19,1,0
Apple,New,6,128,Unlocked,624.28,0.0,4.51,1,21,0,0
Xiaomi,New,6,256,Unlocked,910.58,0.0,4.59,0,110,1,1
Xiaomi,New,8,256,Unlocked,1316.37,75.58,4.76,1,20,1,0
Apple,New,12,512,Unlocked,909.19,132.91,3.98,0,112,1,1
Google,New,6,256,Verizon,676.81,80.96,4.82,0,7,0,0
Samsung,New,8,128,Unlocked,815.4,128.6,3.91,0,57,0,0
Google,New,8,64,Unlocked,599.16,134.59,4.82,2,92,1,0
Apple,New,6,512,Unlocked,854.07,163.16,3.66,0,12,0,1
Apple,Refurbished,8,256,Verizon,1000.35,91.18,5.0,0,16,0,0
Apple,New,8,256,Unlocked,697.63,96.55,4.14,2,88,0,0
Samsung,New,8,256,AT&T,200.0,77.79,4.7,0,62,0,0
Xiaomi,Refurbished,16,256,Unlocked,910.91,64.5,4.74,0,96,0,0
Samsung,New,6,256,Verizon,739.66,0.0,3.77,0,43,0,1
Google,New,12,512,AT&T,684.85,150.32,4.82,0,89,1,0
Xiaomi,New,8,512,Unlocked,682.95,56.97,4.12,1,66,0,0
Samsung,New,6,128,Verizon,938.06,53.54,4.25,1,8,0,0
Apple,OpenBox,6,64,T-Mobile,760.26,47.5,4.06,0,83,1,1
OnePlus,New,8,64,Unlocked,1054.7,0.0,5.0,1,110,1,0
Samsung,New,8,128,Unlocked,1059.54,74.87,3.82,0,25,0,0
Apple,New,8,256,T-Mobile,790.46,110.99,4.62,0,95,0,1
Samsung,New,16,256,AT&T,735.41,37.68,4.09,0,24,1,0
Xiaomi,New,8,128,Verizon,878.1,142.26,4.95,0,111,1,0
Apple,OpenBox,16,128,Unlocked,818.01,57.9,5.0,3,41,1,1
Samsung,New,6,256,Unlocked,464.45,0.0,4.08,0,77,0,0
Apple,New,6,256,T-Mobile,1271.1,162.42,4.47,1,112,0,0
Apple,New,8,256,Verizon,1007.15,91.91,4.21,0,67,0,0
Apple,Refurbished,8,128,Unlocked,748.03,131.8,4.92,0,53,1,0
Google,New,6,128,Unlocked,428.4,133.21,4.28,1,59,0,0
OnePlus,New,6,256,AT&T,810.3,23.23,4.85,0,31,0,0
Apple,New,6,256,Verizon,720.65,48.69,4.2,1,6,1,0
Apple,OpenBox,12,256,T-Mobile,836.67,142.06,5.0,0,62,1,1
Apple,New,8,512,Unlocked,373.95,190.11,3.3,0,94,0,0
Apple,OpenBox,16,128,Unlocked,746.11,83.8,4.59,1,22,0,0
Samsung,New,6,128,Unlocked,759.51,42.37,4.39,1,110,1,0
Google,Refurbished,8,128,Unlocked,807.7,180.94,4.38,0,92,0,0
Samsung,Refurbished,8,128,Unlocked,798.03,42.4,4.54,1,79,0,0
Samsung,New,8,128,Unlocked,861.5,99.74,4.43,0,38,1,0
Samsung,New,12,64,Unlocked,1184.66,54.33,4.51,0,86,0,0
Apple,New,12,64,Unlocked,736.7,96.14,4.6,0,117,0,0
Apple,New,6,256,AT&T,649.55,23.27,5.0,0,35,0,0
Xiaomi,New,8,128,Unlocked,469.99,57.52,3.02,0,75,0,0
Google,New,12,256,Unlocked,737.56,42.36,5.0,0,51,0,0
Xiaomi,Refurbished,6,128,Verizon,541.72,119.73,5.0,2,73,0,0
OnePlus,New,8,128,Unlocked,1061.22,89.79,3.52,1,31,0,0
Samsung,New,8,128,Unlocked,828.86,132.81,4.42,2,35,0,0
Xiaomi,New,8,64,AT&T,1056.68,30.45,5.0,0,105,0,0
Samsung,New,8,128,Verizon,1172.45,67.49,4.86,1,22,0,0
Apple,New,8,256,Unlocked,659.69,117.5,5.0,0,100,0,0
Apple,New,12,512,AT&T,773.58,131.52,4.59,1,10,0,0
Apple,New,8,64,T-Mobile,1142.97,0.0,3.38,0,107,0,0
Apple,Refurbished,16,64,AT&T,891.63,99.07,5.0,1,102,0,0
Apple,New,12,128,Unlocked,964.73,31.2,4.72,0,111,1,0
Google,Refurbished,8,256,Verizon,1077.26,134.56,5.0,1,117,0,0
Google,New,8,128,Unlocked,1047.23,191.63,3.63,1,114,1,0
Samsung,New,8,128,Unlocked,940.28,0.0,3.79,0,26,0,0
Apple,New,12,512,Unlocked,1157.2,40.64,4.41,0,105,1,0
Google,New,6,512,AT&T,834.98,95.83,5.0,0,119,0,0
Apple,OpenBox,16,256,Unlocked,964.27,79.77,5.0,0,65,0,0
Apple,New,8,128,T-Mobile,811.11,136.38,4.04,1,74,0,0
Apple,New,8,128,T-Mobile,1074.52,84.74,4.2,2,106,0,0
Apple,OpenBox,8,128,Unlocked,695.83,48.22,5.0,1,94,1,0
Apple,New,8,256,Unlocked,479.77,18.78,4.12,2,95,0,0
Google,OpenBox,12,256,T-Mobile,994.08,8.69,4.74,1,118,0,1
Google,New,12,128,Unlocked,625.57,35.44,4.17,1,100,1,0
Google,Refurbished,8,512,AT&T,603.77,46.09,4.64,0,117,0,0
Apple,New,8,128,Unlocked,1128.28,103.03,3.97,2,110,0,0
Google,New,8,256,Unlocked,1062.58,70.6,3.98,0,68,0,0
Samsung,New,8,64,Unlocked,774.65,40.95,4.21,0,70,0,1
Apple,New,8,128,Unlocked,200.0,19.44,4.13,1,63,1,0
Samsung,Refurbished,6,64,T-Mobile,967.31,37.84,4.25,1,38,0,0
Samsung,New,12,256,Unlocked,995.75,46.16,4.66,0,81,1,1
Samsung,New,8,64,Unlocked,963.7,35.11,5.0,0,72,0,0
Apple,New,8,128,Verizon,953.59,120.39,4.1,1,27,0,0
Samsung,Refurbished,12,256,T-Mobile,810.09,162.08,3.91,1,103,0,1
Apple,New,12,256,Unlocked,759.7,9.44,4.4,0,47,1,1
Apple,OpenBox,12,256,AT&T,606.64,147.16,3.97,0,56,0,0
Apple,New,8,256,Unlocked,696.57,121.59,3.58,0,99,0,0
Xiaomi,Refurbished,6,256,AT&T,920.73,90.79,4.93,0,73,0,0
Apple,New,12,256,AT&T,924.34,171.6,4.44,0,14,0,0
Apple,New,8,128,T-Mobile,1023.76,69.78,4.49,1,38,1,0
Apple,New,6,64,Verizon,540.59,104.11,3.44,1,55,0,0
OnePlus,New,6,128,T-Mobile,484.97,87.42,4.11,0,88,0,1
Samsung,Refurbished,8,64,Unlocked,766.46,82.96,3.69,0,38,0,0
OnePlus,Refurbished,16,128,AT&T,625.61,107.54,4.39,0,56,0,1
Apple,New,6,128,AT&T,890.92,82.79,4.47,0,70,1,0
Apple,Refurbished,8,128,Unlocked,561.83,107.97,4.47,1,65,0,0
Samsung,New,16,256,T-Mobile,1109.65,39.81,4.07,0,23,1,1
Apple,New,16,256,AT&T,669.15,41.69,3.97,1,60,0,1
Google,New,8,256,T-Mobile,1200.39,39.54,4.3,1,111,0,1
OnePlus,New,12,512,Unlocked,965.35,58.11,4.58,0,79,1,0
Samsung,New,6,128,AT&T,617.85,140.8,4.11,0,95,0,0
Xiaomi,New,12,128,Unlocked,1310.84,52.27,3.93,1,87,0,0
Samsung,New,6,128,T-Mobile,908.4,119.15,3.95,0,10,1,0
Apple,OpenBox,8,256,Unlocked,886.55,95.93,4.07,0,55,1,0
Samsung,OpenBox,8,128,Verizon,835.65,53.51,4.17,0,39,1,1
Apple,New,12,512,Unlocked,952.64,158.55,3.85,3,60,0,0
Google,New,6,128,AT&T,965.59,124.17,4.18,2,6,0,0
Apple,OpenBox,8,128,Unlocked,659.71,80.11,5.0,1,28,0,0
Apple,New,12,256,T-Mobile,803.02,75.13,4.25,0,15,0,0
Samsung,OpenBox,6,128,T-Mobile,875.45,85.62,3.78,1,7,0,0
Apple,New,12,256,Unlocked,978.2,0.0,3.27,0,51,1,1
Apple,New,8,256,AT&T,981.93,30.5,5.0,0,94,0,0
Google,New,6,256,Verizon,886.2,107.75,4.97,0,40,1,0
Apple,OpenBox,8,256,Unlocked,728.93,0.0,4.54,1,93,0,0
Samsung,Refurbished,8,128,Unlocked,717.65,35.14,4.98,1,62,0,0
Apple,New,6,128,Unlocked,587.87,56.45,4.66,0,80,0,0
Apple,Refurbished,8,256,Unlocked,980.37,254.22,4.36,1,35,0,0
Apple,Refurbished,8,128,Unlocked,714.49,120.42,3.78,1,51,0,0
Google,New,8,128,Unlocked,807.81,145.84,5.0,1,40,0,0
Xiaomi,OpenBox,8,128,Unlocked,902.3,31.69,4.18,1,51,0,0
Apple,New,12,256,T-Mobile,850.87,101.72,4.21,0,115,0,1
Xiaomi,New,8,64,Unlocked,848.77,0.0,4.42,1,14,0,0
Samsung,New,8,512,T-Mobile,650.91,60.16,4.43,0,105,0,0
Samsung,Refurbished,12,128,AT&T,909.15,110.32,4.69,0,110,0,0
Google,OpenBox,8,128,AT&T,781.18,0.0,4.63,0,2,1,1
Google,New,8,128,Unlocked,830.99,103.59,4.11,0,49,1,0
Google,New,16,128,Unlocked,1104.75,108.56,4.41,0,72,0,0
Samsung,New,8,128,T-Mobile,961.17,43.85,4.67,0,36,0,0
Samsung,OpenBox,16,256,AT&T,724.42,29.91,4.07,0,17,0,1
Apple,Refurbished,8,128,AT&T,817.24,37.09,5.0,0,47,1,0
Apple,New,8,128,Unlocked,1201.88,59.18,4.39,1,94,0,0
Samsung,New,8,128,Verizon,782.38,60.99,5.0,0,58,0,0
Apple,New,6,128,Unlocked,858.77,110.58,3.7,1,100,0,1
Apple,New,16,512,Verizon,996.11,47.94,4.73,0,45,1,1
Apple,New,8,128,AT&T,897.34,176.13,3.95,1,79,0,0
Apple,New,16,256,Unlocked,767.98,175.69,4.08,0,93,0,0
Samsung,New,12,128,Unlocked,686.45,94.17,4.85,0,81,0,0
Samsung,New,16,128,Unlocked,847.78,59.32,4.29,0,54,0,1
Samsung,Refurbished,16,256,Unlocked,994.76,48.0,5.0,0,102,0,0
Apple,New,8,64,Unlocked,1140.6,99.01,4.66,1,20,0,0
Samsung,New,16,512,Unlocked,527.62,109.5,4.05,0,13,0,0
Apple,OpenBox,12,128,Unlocked,1237.81,67.94,4.66,3,5,0,0
Google,Refurbished,8,128,Verizon,786.55,56.41,4.28,1,85,0,1
Samsung,New,12,512,AT&T,1053.46,101.16,4.82,0,42,0,0
Samsung,New,6,128,Unlocked,687.74,84.14,4.25,0,15,1,0
Samsung,New,6,512,Unlocked,495.62,45.67,4.6,0,23,0,0
Xiaomi,New,8,512,AT&T,561.15,86.78,4.5,0,6,1,0
Google,New,8,128,Unlocked,777.19,43.68,4.44,0,49,1,0
Samsung,New,8,128,Unlocked,965.3,34.9,4.92,1,76,1,0
Samsung,New,8,256,Unlocked,856.86,79.7,3.5,1,31,0,0
Apple,New,12,128,T-Mobile,794.95,45.52,4.45,0,33,1,0
Xiaomi,OpenBox,12,256,Unlocked,1095.97,36.02,4.05,1,116,0,1
Apple,New,12,128,T-Mobile,850.44,142.74,3.73,0,6,0,0
Apple,New,16,128,Unlocked,911.55,56.47,3.98,2,101,0,0
Xiaomi,New,12,256,Unlocked,1534.43,190.6,4.09,1,8,0,1
Google,OpenBox,8,256,Unlocked,848.23,117.6,4.28,1,94,0,1
Apple,New,8,256,AT&T,696.91,30.76,4.57,0,117,1,0
Apple,New,16,256,Unlocked,955.81,149.59,4.67,0,37,0,0
Apple,New,6,128,Verizon,1011.5,37.0,4.2,0,27,0,0
Samsung,New,6,128,T-Mobile,916.22,198.4,5.0,1,29,1,0
Apple,Refurbished,8,128,Unlocked,884.52,93.57,4.21,0,49,0,0
Xiaomi,OpenBox,8,128,Unlocked,1176.09,112.55,3.43,0,32,1,0
Xiaomi,New,12,128,AT&T,1148.59,81.86,4.23,0,32,1,1
Samsung,New,6,256,Unlocked,824.24,95.95,4.42,2,20,0,0
Samsung,New,12,128,Verizon,708.43,66.25,2.76,3,112,0,1
Apple,New,6,64,T-Mobile,944.42,24.45,5.0,1,36,0,1
Apple,New,8,256,Unlocked,707.17,100.38,4.35,2,9,1,0
Google,Refurbished,8,64,Unlocked,1044.74,141.49,3.82,0,38,0,0
Apple,OpenBox,8,512,Verizon,943.29,8.56,3.92,0,65,0,0
Apple,New,12,128,Unlocked,1437.41,172.43,4.78,0,14,0,0
Apple,New,6,64,Unlocked,1174.13,116.07,4.84,2,57,0,0
Apple,New,6,512,Unlocked,612.68,53.79,4.08,0,118,0,0
Samsung,New,6,256,Unlocked,735.87,52.71,3.72,1,83,0,0
Google,New,12,256,Unlocked,428.93,191.85,4.47,0,42,1,0
Google,Refurbished,16,128,Verizon,379.7,136.32,4.56,1,107,1,0
Samsung,OpenBox,12,128,Unlocked,875.04,148.4,4.68,1,40,0,1
OnePlus,New,8,256,Unlocked,587.68,64.94,4.12,1,1,1,0
Samsung,New,16,128,T-Mobile,1211.06,113.33,4.34,0,29,0,0
OnePlus,New,8,256,Unlocked,1104.74,100.96,4.41,0,2,0,0
Samsung,OpenBox,6,128,Unlocked,790.27,69.52,4.88,0,59,0,1
Apple,New,8,128,T-Mobile,777.77,86.56,5.0,0,45,0,0
Xiaomi,New,8,64,Unlocked,1176.78,146.6,5.0,1,9,0,0
Apple,New,8,256,T-Mobile,1227.21,175.98,5.0,2,48,0,1
Apple,New,8,128,Verizon,644.83,64.91,5.0,0,23,0,0
Apple,New,8,512,Unlocked,616.54,1.22,4.91,0,106,0,0
Samsung,New,8,128,Unlocked,783.76,178.62,4.11,1,72,0,1
Apple,New,8,128,Unlocked,944.86,179.37,5.0,0,34,1,0
Samsung,OpenBox,6,128,AT&T,736.99,104.02,3.71,1,90,0,0
OnePlus,New,12,256,Unlocked,949.49,187.56,5.0,0,101,0,1
Apple,New,12,256,AT&T,1279.07,99.66,3.91,0,92,0,0
Samsung,OpenBox,6,128,AT&T,540.67,25.46,4.84,0,11,1,1
Apple,New,6,128,AT&T,751.95,1.27,5.0,2,60,0,0
OnePlus,New,6,256,Unlocked,544.86,0.7,4.63,1,10,0,0
Apple,New,6,128,AT&T,665.95,80.27,3.37,0,75,0,0
Apple,New,6,256,AT&T,785.17,52.03,3.93,1,89,0,0
Samsung,OpenBox,6,256,Unlocked,690.01,45.27,4.58,1,4,0,0
Samsung,New,12,128,T-Mobile,964.4,73.59,4.72,0,91,0,0
Google,New,12,256,Unlocked,883.21,131.48,4.31,0,29,1,0
Samsung,New,12,256,T-Mobile,915.78,47.18,4.44,1,12,0,0
Google,New,8,128,Unlocked,782.53,37.08,3.67,1,34,1,0
Samsung,New,12,128,Unlocked,802.79,51.14,5.0,0,119,0,1
Apple,Refurbished,12,128,Verizon,772.85,135.26,4.21,1,35,0,1
Apple,OpenBox,12,256,Unlocked,795.3,75.8,4.79,0,10,1,0
Apple,OpenBox,12,256,Unlocked,942.18,96.79,5.0,0,10,0,0
Apple,New,12,128,Unlocked,426.83,173.18,3.82,0,106,1,1
Samsung,New,12,128,AT&T,913.35,250.6,4.46,1,78,0,0
Apple,OpenBox,8,64,Unlocked,658.88,118.42,4.54,0,24,0,0
Samsung,New,8,64,Verizon,775.45,112.48,4.27,1,75,1,0
Samsung,New,6,128,Verizon,506.46,8.93,4.86,1,3,0,1
Samsung,OpenBox,8,128,Unlocked,771.09,102.11,4.07,4,82,0,0
Samsung,New,6,128,Unlocked,911.13,83.72,4.43,1,102,0,0
Apple,New,6,256,Unlocked,950.56,133.53,4.21,1,93,0,0
Apple,Refurbished,6,256,T-Mobile,589.01,56.49,5.0,2,22,0,0
Samsung,New,8,64,AT&T,939.94,92.04,4.07,0,42,1,0
Samsung,New,16,256,T-Mobile,1100.75,116.31,4.77,0,64,0,0
Apple,New,8,128,AT&T,741.39,193.91,5.0,0,10,0,1
Apple,Refurbished,8,128,AT&T,850.2,173.83,3.94,1,99,1,0
Google,New,8,512,T-Mobile,394.92,155.96,4.45,0,73,1,0
Samsung,OpenBox,8,256,Unlocked,652.65,123.63,3.91,0,19,1,1
Apple,New,12,64,T-Mobile,909.51,54.12,3.39,1,90,1,0
Samsung,New,8,128,Unlocked,1060.2,123.59,4.01,0,89,0,0
OnePlus,New,6,256,Unlocked,718.16,33.66,4.11,0,20,0,0
Apple,New,8,128,Unlocked,1437.26,67.63,4.14,0,64,1,0
OnePlus,New,6,512,Unlocked,919.06,186.7,4.25,2,38,0,1
Apple,New,12,128,Unlocked,569.86,112.28,4.4,2,31,0,0
Samsung,New,16,64,Unlocked,1133.18,93.62,3.8,0,96,1,0
Samsung,New,16,256,Unlocked,574.35,101.34,4.58,0,5,0,0
Apple,OpenBox,8,256,T-Mobile,922.25,74.37,5.0,0,51,0,0
OnePlus,OpenBox,12,128,Unlocked,645.57,0.0,5.0,0,32,0,0
Samsung,New,12,512,Unlocked,551.36,4.14,4.27,1,40,0,0
Xiaomi,New,12,512,AT&T,1061.67,117.03,4.85,1,51,0,0
Apple,New,8,128,Verizon,792.85,24.77,4.06,0,69,1,1
OnePlus,New,8,64,AT&T,1229.65,73.54,4.23,1,44,0,0
Xiaomi,New,8,128,Unlocked,626.05,6.35,4.6,1,65,0,1
Samsung,New,6,256,Unlocked,506.88,36.88,4.23,0,86,0,0
Apple,New,12,256,T-Mobile,744.47,79.74,3.77,0,22,0,0
Google,New,8,128,Unlocked,1485.91,135.43,4.82,0,49,0,0
Samsung,Refurbished,8,512,Verizon,1033.46,147.46,3.99,0,64,0,1
Xiaomi,New,12,128,Unlocked,971.86,35.92,4.14,1,46,0,0
Samsung,New,8,256,Unlocked,979.13,98.4,4.93,2,67,0,1
Apple,New,16,256,AT&T,743.33,0.0,4.67,0,97,0,0
Apple,New,12,64,Unlocked,1450.46,83.38,4.49,1,73,0,0
Google,New,12,128,Unlocked,950.78,137.2,3.67,0,56,0,0
Xiaomi,New,12,128,AT&T,930.15,75.98,3.82,0,79,0,1
Apple,OpenBox,6,512,Unlocked,1066.67,158.94,4.6,0,118,0,0
Google,New,6,128,Unlocked,569.89,130.22,4.72,1,3,0,1
Xiaomi,New,16,256,Unlocked,656.54,94.48,4.53,0,69,0,0
Apple,New,6,128,Unlocked,795.99,65.02,4.16,1,1,0,0
Apple,OpenBox,8,128,Verizon,1068.09,47.94,4.15,0,112,0,0
Google,Refurbished,8,512,Unlocked,564.43,0.0,4.51,0,88,0,0
Samsung,OpenBox,8,128,Unlocked,835.18,2.29,3.77,0,105,0,1
Apple,New,8,256,Unlocked,804.05,139.7,4.45,0,69,0,0
OnePlus,New,8,128,T-Mobile,503.64,170.82,3.71,0,50,0,1
Samsung,New,8,128,Unlocked,738.04,15.14,3.87,1,1,0,0
OnePlus,OpenBox,12,64,T-Mobile,969.3,84.09,4.49,1,73,1,1
OnePlus,Refurbished,6,128,Unlocked,523.68,0.0,4.69,0,109,1,0
Google,OpenBox,8,256,Unlocked,1160.49,21.39,4.57,2,17,0,0
Samsung,New,6,128,AT&T,952.97,95.59,3.84,0,30,0,0
Apple,OpenBox,8,128,Unlocked,926.12,48.88,3.46,1,63,1,0
Samsung,OpenBox,6,128,Verizon,851.8,0.0,4.4,0,64,1,1
Apple,New,6,256,T-Mobile,609.69,183.13,3.45,0,51,0,0
Samsung,New,12,256,AT&T,707.07,77.05,4.87,0,18,0,0
Apple,New,8,256,Unlocked,929.61,13.74,3.86,1,58,1,1
Samsung,New,12,512,AT&T,706.64,87.68,5.0,0,60,0,0
Apple,New,8,64,Unlocked,891.52,75.15,3.92,2,22,0,0
Apple,New,8,64,AT&T,652.25,105.31,4.63,0,73,0,0
Apple,OpenBox,8,256,Unlocked,949.31,59.61,4.03,0,104,0,0
Samsung,Refurbished,12,128,Unlocked,965.74,98.86,4.32,1,11,0,0
Google,OpenBox,8,256,Unlocked,491.91,136.62,4.49,0,10,1,0
Apple,New,8,256,Unlocked,864.81,0.91,4.83,0,68,0,1
OnePlus,New,8,128,AT&T,515.23,38.4,4.91,1,93,0,1
OnePlus,New,8,512,Unlocked,440.57,130.36,4.76,1,13,1,1
Apple,OpenBox,12,64,Unlocked,719.34,46.92,4.92,1,113,0,0
Samsung,New,16,256,Verizon,1465.32,75.1,4.09,0,57,0,0
Samsung,Refurbished,8,128,Unlocked,1020.59,51.78,4.72,2,13,0,0
Apple,New,8,256,T-Mobile,1156.26,55.52,4.23,0,54,0,1
Samsung,New,8,64,Unlocked,983.85,50.42,4.89,0,52,0,0
Apple,OpenBox,16,512,Unlocked,895.2,4.48,4.46,1,47,1,0
OnePlus,New,8,512,Unlocked,1046.99,107.55,4.71,0,70,0,1
Xiaomi,Refurbished,6,256,Unlocked,709.29,143.74,4.55,0,30,0,0
OnePlus,New,16,256,Unlocked,953.51,69.41,4.78,1,118,0,0
Samsung,New,16,256,AT&T,1108.96,136.97,4.0,3,35,0,0
Samsung,New,8,256,Unlocked,1003.87,50.54,3.61,0,103,0,0
Xiaomi,OpenBox,8,256,T-Mobile,1123.41,46.99,4.89,1,98,1,0
Apple,New,12,256,Unlocked,890.17,104.64,5.0,1,50,0,0
Apple,OpenBox,12,512,Verizon,1222.26,105.64,4.34,2,23,0,0
Samsung,OpenBox,8,256,Unlocked,804.19,73.23,4.81,1,116,0,1
Apple,New,8,128,Unlocked,1315.89,120.6,3.59,0,69,0,1
Apple,OpenBox,8,512,Unlocked,976.19,2.78,4.09,0,40,0,0
Apple,Refurbished,8,128,Unlocked,765.53,61.76,4.44,1,18,0,0
Samsung,New,6,128,Verizon,590.59,137.89,3.53,0,41,0,0
Apple,OpenBox,12,512,Unlocked,672.24,137.73,3.64,0,78,1,0
Apple,New,6,128,Unlocked,638.94,130.16,4.48,3,61,0,1
Apple,New,8,128,T-Mobile,830.48,141.24,4.1,1,8,0,0
Samsung,New,12,256,Unlocked,569.73,57.65,4.23,2,93,1,0
OnePlus,OpenBox,8,256,Unlocked,1134.41,0.0,4.2,0,39,0,0
Apple,New,8,64,Unlocked,874.36,64.47,3.76,0,23,0,1
Samsung,New,16,128,Unlocked,865.43,118.16,4.29,0,84,0,0
Google,New,6,64,Unlocked,593.61,127.97,4.39,0,89,0,0
Apple,New,12,128,Verizon,680.81,48.42,4.11,0,98,0,1
OnePlus,OpenBox,6,128,Verizon,361.52,21.92,4.15,0,1,0,0
Google,Refurbished,8,128,Verizon,1205.92,27.89,4.3,0,47,1,1
Samsung,New,8,512,Unlocked,538.1,47.38,4.81,1,32,0,0
Apple,New,8,256,Unlocked,554.78,0.0,4.35,1,70,0,0
Apple,Refurbished,8,256,AT&T,1160.9,48.37,3.44,2,116,0,0
Xiaomi,New,8,512,Unlocked,935.26,82.87,3.8,3,15,1,0
Google,New,8,512,Unlocked,876.56,74.13,4.87,0,79,0,0
Xiaomi,Refurbished,6,256,Unlocked,924.86,60.18,4.06,0,53,0,0
OnePlus,OpenBox,12,128,AT&T,1059.86,38.64,4.36,1,56,0,0
Apple,New,8,256,Unlocked,871.97,45.63,5.0,0,113,0,0
Google,New,8,256,T-Mobile,510.42,46.69,4.72,0,88,0,0
Samsung,Refurbished,6,128,Unlocked,1011.3,122.33,3.33,0,12,0,0
Google,New,8,128,T-Mobile,942.92,79.94,5.0,1,52,0,0
Apple,New,8,128,Unlocked,1107.74,270.01,4.47,0,89,1,0
Apple,OpenBox,8,128,AT&T,575.2,60.06,4.58,1,13,1,0
Google,New,12,256,Unlocked,689.54,106.27,4.55,1,61,0,0
Google,New,6,128,AT&T,936.26,61.4,4.86,0,60,1,0
Samsung,New,8,128,Unlocked,642.21,59.94,4.36,1,9,0,0
Apple,New,12,64,T-Mobile,332.37,173.74,3.66,0,114,1,0
Apple,New,6,512,AT&T,893.41,139.85,4.56,2,45,0,0
Xiaomi,New,8,128,Verizon,1046.9,0.0,3.71,1,33,0,0
Samsung,New,12,128,Unlocked,821.63,18.65,5.0,1,11,0,0
Samsung,OpenBox,12,256,Unlocked,970.59,71.83,4.22,0,7,0,1
Samsung,New,6,256,T-Mobile,938.74,48.97,4.37,1,24,0,0
Samsung,New,6,256,T-Mobile,852.31,0.0,4.06,0,89,0,0
Samsung,New,8,256,Unlocked,879.91,86.95,4.57,0,32,1,0
Samsung,New,8,128,Unlocked,1146.81,0.0,4.63,2,55,1,0
OnePlus,OpenBox,8,512,Unlocked,637.86,87.61,4.06,0,79,0,0
OnePlus,New,8,256,Unlocked,1020.07,123.8,4.63,0,40,0,0
Xiaomi,New,12,256,Unlocked,590.21,132.36,4.43,1,49,1,0
Samsung,OpenBox,16,128,AT&T,675.15,71.34,4.35,3,59,0,0
Samsung,New,8,256,Unlocked,1113.1,170.65,4.02,0,108,0,0
Google,New,6,128,T-Mobile,583.84,99.9,5.0,0,111,0,0
OnePlus,OpenBox,8,128,T-Mobile,796.85,130.75,4.99,1,35,0,0
Samsung,New,6,256,Unlocked,1369.5,35.82,4.76,1,30,0,0
Google,OpenBox,8,256,Unlocked,1075.62,171.3,4.96,3,49,0,0
Google,OpenBox,12,128,Unlocked,687.82,79.82,4.55,1,24,0,1
Samsung,Refurbished,8,512,Unlocked,725.52,174.61,4.23,1,68,1,0
Google,New,6,128,AT&T,812.57,161.49,3.08,1,64,1,0
Apple,OpenBox,8,256,Verizon,1138.63,95.46,3.79,1,56,1,0
Samsung,OpenBox,16,128,Unlocked,629.64,104.34,5.0,1,56,0,0
Samsung,New,6,128,T-Mobile,616.32,69.2,4.98,0,103,1,0
Apple,Refurbished,12,512,Unlocked,1006.94,30.85,4.5,2,18,0,0
OnePlus,New,12,64,Unlocked,480.15,115.71,3.61,1,92,0,0
Samsung,OpenBox,8,512,T-Mobile,649.56,112.64,4.72,1,70,0,1
Apple,New,8,128,Unlocked,831.28,0.0,4.26,1,95,0,0
Google,New,8,256,Unlocked,842.56,75.03,4.75,1,69,0,0
Google,New,8,64,Unlocked,549.78,132.08,3.84,1,92,1,0
Google,Refurbished,8,256,Unlocked,927.82,167.94,4.16,0,73,0,1
Samsung,New,6,512,Unlocked,971.83,123.52,4.84,4,85,0,0
OnePlus,New,12,256,Verizon,704.25,0.0,5.0,1,50,1,0
Samsung,New,12,128,Unlocked,1215.37,16.73,4.07,0,107,1,0
Samsung,OpenBox,8,256,Verizon,924.71,59.24,3.9,0,35,0,0
Apple,New,8,256,Unlocked,628.93,163.93,4.91,0,86,0,0
Samsung,New,8,128,Unlocked,1206.57,43.58,3.77,0,40,1,0
Google,New,6,256,T-Mobile,734.87,143.52,3.81,0,95,0,1
Samsung,New,12,256,AT&T,889.35,42.61,4.53,2,100,0,0
Samsung,New,6,256,AT&T,742.91,111.96,5.0,0,22,1,0
Google,New,12,128,Unlocked,987.31,23.6,3.98,0,75,1,0
Google,Refurbished,8,128,Unlocked,744.06,68.37,4.22,1,63,0,0
Apple,OpenBox,12,512,AT&T,757.41,12.1,4.46,1,48,1,0
Xiaomi,New,8,256,T-Mobile,814.8,166.59,4.16,1,34,0,0
Google,New,8,256,AT&T,739.57,38.31,3.52,0,73,0,0
Xiaomi,New,12,512,Unlocked,1085.8,0.0,4.8,1,99,0,0
Xiaomi,Refurbished,8,128,Unlocked,573.29,0.0,4.49,0,42,0,0
OnePlus,New,8,128,Unlocked,841.83,74.87,4.58,1,40,0,0
Google,New,12,256,Unlocked,869.68,52.52,4.33,1,103,0,1
Samsung,Refurbished,8,256,Unlocked,822.58,118.92,5.0,2,90,0,0
Apple,New,6,512,Unlocked,1063.03,65.89,4.15,0,87,0,1
Samsung,New,8,256,Unlocked,519.13,149.96,3.86,0,71,1,0
Google,New,8,128,Verizon,974.94,56.88,5.0,1,13,0,0
Samsung,New,8,128,Verizon,576.11,141.59,3.3,1,18,1,0
OnePlus,New,12,64,Verizon,738.07,22.85,4.32,2,7,1,0
Apple,Refurbished,8,512,Unlocked,553.51,0.0,4.36,0,38,1,0
Samsung,New,8,128,Unlocked,776.94,30.6,4.34,1,4,0,0
Samsung,New,8,256,T-Mobile,722.79,12.28,3.62,0,57,0,0
Samsung,OpenBox,6,128,Unlocked,1210.42,5.56,3.81,0,4,0,1
Apple,OpenBox,12,128,T-Mobile,903.1,104.82,4.88,3,119,1,1
Apple,New,6,128,Unlocked,946.75,64.14,5.0,1,60,1,1
OnePlus,OpenBox,8,256,Verizon,606.35,88.51,4.19,0,2,0,0
Samsung,New,8,64,Unlocked,1012.82,111.65,3.93,1,22,1,0
Apple,New,12,512,Verizon,1210.41,0.0,3.51,0,23,0,0
Apple,New,6,512,T-Mobile,1041.38,114.2,4.87,1,81,0,0
Samsung,New,8,64,Unlocked,561.36,7.69,4.9,0,92,0,0
Apple,Refurbished,16,512,AT&T,747.89,45.39,2.99,2,58,0,0
Google,OpenBox,8,128,T-Mobile,873.87,0.0,3.19,1,87,0,0
Google,New,8,64,AT&T,723.02,119.27,4.47,0,12,0,0
Apple,New,12,128,Unlocked,1407.26,0.0,4.53,0,38,0,0
Samsung,Refurbished,16,256,Unlocked,743.9,7.99,4.16,0,1,0,0
Apple,New,8,256,T-Mobile,840.46,12.35,4.38,1,49,0,0
Apple,New,16,128,AT&T,717.95,72.27,4.28,0,5,1,0
OnePlus,New,6,256,T-Mobile,900.97,70.44,4.41,0,95,1,0
Samsung,New,16,256,Unlocked,1154.12,128.71,3.95,1,64,0,0
OnePlus,New,6,256,AT&T,875.27,73.73,4.39,0,90,0,0
Apple,Refurbished,8,256,AT&T,801.82,137.95,4.06,1,70,0,0
Apple,New,6,256,T-Mobile,613.74,102.76,4.02,1,5,0,0
Samsung,New,12,256,Verizon,1115.94,23.27,3.47,0,43,1,0
Samsung,OpenBox,16,128,Unlocked,818.39,39.97,4.31,0,2,0,0
Xiaomi,New,8,256,Verizon,808.93,170.64,4.8,2,10,0,1
Apple,OpenBox,8,128,Verizon,335.43,153.65,4.24,2,112,0,1
OnePlus,New,8,256,Unlocked,822.01,129.44,4.22,0,112,1,0
OnePlus,New,6,256,Unlocked,761.76,137.33,5.0,0,15,0,0
Samsung,New,12,128,T-Mobile,448.28,107.91,4.91,0,49,1,0
Apple,OpenBox,6,128,Unlocked,1067.71,100.11,5.0,2,35,0,0
Samsung,OpenBox,16,256,Unlocked,732.25,82.98,5.0,2,52,0,0
Apple,OpenBox,16,256,Verizon,1267.03,181.93,4.43,2,73,0,0
Google,New,6,256,T-Mobile,1161.18,52.12,3.82,1,46,0,1
Samsung,New,8,256,Verizon,691.62,94.42,4.14,1,97,0,1
Xiaomi,OpenBox,16,128,Unlocked,1151.25,0.0,4.69,0,8,0,0
Samsung,New,12,128,Unlocked,1204.32,0.0,5.0,0,70,0,0
Samsung,OpenBox,12,256,Unlocked,727.01,188.91,3.88,0,85,0,0
Google,New,6,128,Unlocked,622.81,117.01,4.53,0,67,0,0
Samsung,New,6,256,AT&T,375.82,67.24,4.0,0,80,0,0
OnePlus,OpenBox,12,128,Unlocked,933.7,84.7,4.33,0,74,0,0
Apple,New,8,64,Unlocked,635.87,0.0,4.32,1,20,0,0
Xiaomi,New,12,256,T-Mobile,940.31,54.31,4.59,0,94,0,0
Google,New,12,256,Unlocked,725.07,0.0,5.0,0,32,0,0
OnePlus,OpenBox,8,256,Unlocked,678.46,62.28,4.64,0,22,1,1
Samsung,New,6,128,Unlocked,726.47,120.82,4.19,0,66,0,0
OnePlus,New,8,256,Unlocked,564.04,107.2,4.1,1,76,1,0
Apple,OpenBox,12,128,Unlocked,726.37,175.35,4.3,0,45,0,0
Google,New,8,256,T-Mobile,687.95,97.68,3.96,0,8,1,0
Apple,Refurbished,6,256,AT&T,846.89,0.0,4.47,3,119,0,0
Apple,OpenBox,16,128,AT&T,872.94,197.04,3.19,0,97,1,1
Samsung,New,12,256,Verizon,614.34,29.56,4.29,0,60,1,0
Apple,Refurbished,8,256,Unlocked,1092.18,89.73,4.33,0,42,0,0
Samsung,New,12,256,AT&T,814.89,86.11,3.82,1,105,0,0
OnePlus,New,8,256,Unlocked,1180.54,94.45,4.21,4,43,0,0
Apple,New,16,64,Unlocked,903.04,82.88,4.96,2,25,0,0
Google,New,12,512,Unlocked,865.2,83.94,5.0,0,31,0,0
Apple,New,8,128,Unlocked,741.98,0.7,4.13,0,67,0,0
Google,New,8,128,Unlocked,985.26,235.22,4.66,0,89,0,1
Google,New,8,256,Unlocked,857.38,119.09,3.65,1,39,0,1
Samsung,New,12,128,Unlocked,1038.86,83.11,4.25,0,23,0,0
Google,New,8,512,Unlocked,1203.03,190.51,4.52,1,112,0,0
OnePlus,OpenBox,8,128,Unlocked,690.09,15.68,5.0,0,12,0,0
Google,New,16,128,Verizon,984.96,132.1,5.0,2,66,0,0
Samsung,New,8,64,Unlocked,978.73,46.69,4.5,1,22,0,0
Samsung,New,12,64,Verizon,950.78,104.14,3.94,2,78,1,0
Google,New,12,64,Unlocked,754.7,105.47,5.0,1,45,1,0
Apple,New,8,64,Unlocked,759.15,0.0,4.23,1,10,1,0
Google,New,6,128,Verizon,721.55,0.0,4.62,0,20,0,0
Apple,New,12,128,Verizon,717.18,175.19,4.34,2,59,0,0
Google,OpenBox,8,128,Unlocked,665.17,64.87,5.0,1,18,0,1
Apple,New,6,128,Unlocked,827.01,200.09,4.09,1,69,0,0
Apple,New,12,64,AT&T,683.28,158.61,4.86,0,96,1,1
Xiaomi,OpenBox,8,64,Unlocked,945.84,66.78,4.36,0,35,0,0
OnePlus,New,8,128,Unlocked,862.53,61.49,4.68,1,112,1,0
OnePlus,New,12,128,Unlocked,887.21,178.9,5.0,0,88,1,0
Xiaomi,New,8,128,AT&T,789.83,206.18,3.4,1,11,0,0
Samsung,New,8,128,Unlocked,865.16,62.8,4.37,1,56,0,1
Apple,New,8,512,T-Mobile,795.59,172.29,3.95,2,66,0,0
Apple,New,6,128,Verizon,1021.5,141.8,4.62,0,67,1,0
Samsung,New,8,128,Verizon,752.67,152.15,4.75,3,55,0,0
Apple,Refurbished,8,256,Unlocked,932.62,86.07,4.16,1,43,0,0
Xiaomi,New,6,128,Verizon,562.6,39.65,4.14,1,68,1,0
Apple,New,12,64,Unlocked,1006.66,16.74,4.5,0,81,1,0
Apple,New,6,256,Unlocked,726.96,1.74,3.76,1,101,1,0
Apple,OpenBox,16,256,Unlocked,649.3,194.65,4.57,1,13,0,0
Apple,New,8,512,Verizon,599.46,80.66,3.99,1,17,1,1
Apple,New,8,512,AT&T,582.06,11.31,4.77,0,61,0,0
Samsung,New,16,256,T-Mobile,744.08,140.15,3.74,1,51,0,1
Apple,OpenBox,8,256,Unlocked,1179.7,51.27,4.12,0,107,0,0
Samsung,New,8,128,T-Mobile,708.47,40.94,4.02,1,69,0,0
OnePlus,New,12,512,AT&T,363.98,204.08,4.25,0,28,0,0
Samsung,New,12,256,T-Mobile,930.4,0.16,5.0,1,102,0,0
Google,New,6,128,AT&T,604.86,94.1,4.82,4,104,1,0
Samsung,New,6,64,Unlocked,1029.26,44.54,4.16,0,5,1,0
Apple,New,16,256,T-Mobile,757.36,34.97,4.16,2,106,0,0
Apple,New,6,256,Verizon,789.72,0.0,4.84,2,44,0,0
Xiaomi,OpenBox,12,256,AT&T,1113.41,83.58,3.82,0,28,0,0
Samsung,Refurbished,8,128,Unlocked,985.9,27.57,4.41,0,14,0,0
Apple,New,8,256,Unlocked,575.8,115.48,4.1,2,10,1,0
Samsung,New,12,64,Unlocked,608.16,77.18,4.31,0,8,1,0
OnePlus,New,16,256,Unlocked,457.62,61.24,4.8,0,91,1,0
Samsung,New,6,128,Unlocked,1422.71,27.89,4.07,0,108,0,0
Samsung,New,8,128,T-Mobile,660.2,165.84,4.89,0,115,1,1
OnePlus,New,12,128,Unlocked,1107.36,124.14,5.0,1,61,0,0
Samsung,Refurbished,8,128,Unlocked,732.9,39.12,4.7,2,31,1,0
Samsung,New,12,128,Unlocked,612.43,0.0,4.36,0,106,0,1
Apple,OpenBox,8,256,Unlocked,854.74,0.0,4.98,0,109,0,0
Apple,New,6,128,Unlocked,778.13,148.24,3.85,0,48,1,0
Xiaomi,New,12,256,AT&T,1026.41,134.55,5.0,0,25,0,1
Samsung,New,16,256,T-Mobile,1029.16,142.79,4.02,0,100,1,1
Samsung,New,6,64,Unlocked,720.17,72.78,5.0,0,43,0,0
Samsung,New,12,512,Unlocked,533.21,128.36,4.04,1,64,1,1
Apple,New,8,256,AT&T,586.62,141.63,4.73,1,106,1,0
OnePlus,New,6,256,Unlocked,347.86,75.81,3.62,0,20,0,1
Apple,New,8,256,AT&T,789.62,58.51,4.29,0,37,0,0
Google,New,12,256,Verizon,847.4,21.42,3.86,0,26,1,0
Samsung,New,6,512,T-Mobile,598.58,105.57,3.68,0,90,0,0
Apple,New,6,128,Unlocked,572.0,113.55,5.0,1,14,0,0
Apple,Refurbished,12,64,T-Mobile,846.46,55.61,3.79,0,18,0,0
Google,New,8,256,T-Mobile,710.97,62.68,4.03,0,40,0,0
Apple,New,6,128,Unlocked,803.16,66.96,3.97,0,46,0,0
Apple,New,8,256,Unlocked,769.21,127.47,4.97,1,89,0,1
Google,New,12,128,Unlocked,904.72,0.0,4.91,1,112,0,0
Apple,New,8,128,Unlocked,725.64,13.68,5.0,0,71,1,1
Samsung,New,12,512,T-Mobile,742.48,14.86,4.01,0,27,0,0
Apple,New,6,128,Unlocked,436.0,71.09,5.0,1,79,0,0
OnePlus,New,8,128,Unlocked,838.93,98.92,4.0,2,84,1,1
Apple,New,12,256,Unlocked,869.51,15.87,4.02,3,11,1,0
Apple,Refurbished,8,256,Verizon,810.91,134.54,4.05,0,110,0,0
Apple,Refurbished,6,256,T-Mobile,1270.6,167.76,4.07,1,61,0,0
Apple,New,8,128,Verizon,885.81,104.83,4.35,0,94,0,0
Apple,New,8,512,Verizon,815.58,147.37,3.98,1,7,1,1
Apple,New,6,256,Unlocked,959.81,25.09,4.52,0,113,1,0
Apple,New,16,256,AT&T,1314.83,26.52,3.1,0,116,0,0
Samsung,New,8,64,Unlocked,905.6,110.88,4.51,0,113,0,1
OnePlus,New,8,128,Unlocked,360.83,77.7,3.86,1,63,1,0
Apple,New,6,256,Verizon,945.05,26.41,4.07,0,14,1,0
Apple,New,8,256,T-Mobile,656.57,165.5,4.08,1,54,0,0
OnePlus,New,8,64,AT&T,427.06,97.93,4.87,0,72,1,0
OnePlus,Refurbished,16,256,Verizon,1223.46,122.13,4.65,0,54,1,0
Samsung,Refurbished,8,256,Unlocked,1175.92,39.54,4.32,0,51,0,0
Apple,New,12,128,Unlocked,650.86,180.79,4.04,0,42,0,0
Samsung,New,8,256,Unlocked,652.3,70.64,4.79,1,82,0,0
Apple,New,8,128,Verizon,885.24,141.14,5.0,0,69,1,1
Apple,New,16,512,AT&T,655.26,45.03,4.39,1,89,0,0
Samsung,New,8,256,Verizon,820.28,90.12,3.6,0,10,1,0
Samsung,OpenBox,12,256,Unlocked,693.1,113.47,4.05,1,30,1,0
Apple,New,12,512,Unlocked,761.91,199.72,4.68,0,105,1,0
Samsung,New,16,256,Unlocked,541.04,53.62,4.18,0,96,0,0
Apple,Refurbished,8,128,AT&T,1031.92,92.15,3.97,2,81,0,0
Apple,New,6,256,T-Mobile,1114.83,115.51,3.95,1,49,0,0
Google,New,8,512,Unlocked,827.96,0.0,4.45,0,51,0,0
OnePlus,OpenBox,16,64,Verizon,842.03,0.0,3.63,1,79,0,0
Apple,OpenBox,8,256,Verizon,988.41,20.25,4.38,0,92,0,0
Samsung,New,8,128,Unlocked,850.42,138.03,4.44,0,51,0,0
Apple,OpenBox,8,256,Unlocked,1230.5,182.98,4.18,2,107,0,0
Apple,New,6,256,Unlocked,560.4,24.62,3.88,3,42,0,0
Google,New,6,512,T-Mobile,1039.41,7.0,4.91,1,39,1,0
Apple,New,6,256,Unlocked,824.88,172.08,3.73,0,83,0,0
Samsung,OpenBox,6,64,Unlocked,603.33,46.07,4.49,0,95,0,1
Samsung,OpenBox,12,256,Unlocked,1344.36,57.69,4.76,2,65,1,0
Apple,New,8,512,Verizon,1374.74,167.55,4.48,1,114,0,0
Apple,New,6,128,Unlocked,804.27,157.68,5.0,0,102,0,0
Apple,OpenBox,8,64,T-Mobile,947.84,136.04,3.83,0,25,0,0
Xiaomi,New,8,256,Unlocked,746.34,0.0,4.0,0,94,0,0
Samsung,New,8,256,T-Mobile,781.74,4.49,4.17,0,97,1,0
Samsung,OpenBox,8,64,Verizon,600.85,147.23,5.0,0,104,1,0
Apple,New,6,128,Unlocked,568.34,99.07,4.65,0,63,1,0
Samsung,New,12,128,AT&T,1255.71,33.34,4.75,1,92,0,0
Apple,New,6,256,Verizon,841.47,59.33,4.73,0,87,0,0
Samsung,New,8,128,Unlocked,861.13,146.66,4.44,1,110,0,0
Google,OpenBox,6,128,AT&T,671.69,171.66,4.92,1,36,0,0
Samsung,New,8,256,Verizon,891.79,79.64,3.46,1,19,1,0
Apple,New,6,128,Verizon,519.17,38.78,4.54,1,92,0,0
Apple,New,8,256,AT&T,679.78,63.47,4.61,1,77,0,0
Apple,New,8,128,Verizon,586.05,160.58,4.91,1,117,1,0
Samsung,New,6,128,Unlocked,1134.43,159.41,3.82,0,10,0,1
OnePlus,New,12,256,Unlocked,486.58,91.66,3.86,0,5,1,1
Apple,New,8,256,Unlocked,590.57,48.23,3.89,1,60,1,0
Samsung,New,6,512,Verizon,399.53,144.97,4.66,1,73,0,0
Google,New,8,128,Unlocked,654.2,177.38,4.67,0,103,1,1
Apple,New,6,128,Unlocked,748.91,0.0,3.93,1,80,1,1
Apple,New,12,128,AT&T,1065.11,66.05,5.0,0,87,1,0
Apple,New,6,256,Unlocked,801.16,149.36,4.54,1,47,1,0
Samsung,New,8,128,Unlocked,759.67,84.42,4.46,1,70,0,0
Samsung,New,16,512,AT&T,915.98,50.68,4.3,1,17,0,0
Google,New,6,256,AT&T,752.56,91.11,4.87,1,83,1,1
OnePlus,OpenBox,8,128,AT&T,1380.18,102.24,4.59,0,17,0,0
Google,New,8,128,Unlocked,719.98,12.39,5.0,0,21,1,0
Xiaomi,OpenBox,16,64,Verizon,941.02,85.45,3.79,0,20,0,1
Google,OpenBox,8,256,T-Mobile,1031.82,102.04,3.63,1,111,0,1
OnePlus,New,8,256,Unlocked,713.66,50.55,4.03,0,21,1,0
OnePlus,New,6,512,Unlocked,886.38,33.23,4.68,0,26,0,1
Google,New,8,256,Unlocked,739.81,47.73,4.19,1,119,0,0
Google,New,8,128,T-Mobile,910.28,21.75,5.0,2,20,1,0
Xiaomi,New,8,128,Unlocked,872.2,131.04,4.2,2,65,0,0
Samsung,New,6,128,Unlocked,819.14,20.98,4.94,1,17,1,0
Samsung,OpenBox,8,512,Unlocked,595.78,91.34,3.98,2,54,1,0
Samsung,New,8,256,T-Mobile,1260.01,57.55,4.99,1,112,0,1
OnePlus,OpenBox,12,256,Unlocked,979.01,37.63,5.0,0,40,0,0
Samsung,OpenBox,12,256,Unlocked,500.5,162.28,4.12,0,55,0,1
Google,New,12,64,T-Mobile,757.52,72.15,4.64,1,105,1,0
Google,Refurbished,16,256,Unlocked,504.73,39.84,4.53,1,64,0,0
Xiaomi,Refurbished,8,256,Verizon,1017.66,34.09,4.66,0,113,0,0
Apple,New,12,128,Unlocked,845.21,100.34,5.0,0,46,1,0
Google,New,6,128,Unlocked,850.9,129.6,4.89,1,28,0,1
Google,New,16,256,Unlocked,664.68,156.25,4.66,0,4,1,0
Xiaomi,New,8,512,Unlocked,780.58,69.94,4.73,2,48,0,0
OnePlus,New,8,128,Unlocked,1023.18,66.34,3.77,1,8,1,1
Samsung,New,8,512,AT&T,1082.28,87.86,4.38,1,69,0,0
Samsung,New,12,512,Unlocked,1036.21,90.03,3.85,0,2,0,0
Apple,OpenBox,12,512,Unlocked,508.52,33.68,4.39,1,13,0,0
Xiaomi,New,12,64,Verizon,809.05,167.74,4.96,1,65,1,0
Apple,New,8,128,T-Mobile,905.73,81.33,4.4,0,73,0,0
Google,New,8,256,Unlocked,688.35,112.08,3.15,1,24,1,0
Google,OpenBox,16,128,Unlocked,485.02,105.47,3.88,0,89,1,1
Samsung,New,8,64,Unlocked,566.94,104.24,4.69,0,48,1,0
Apple,New,8,256,T-Mobile,1179.95,19.75,4.13,0,23,0,0
Apple,New,8,64,AT&T,587.88,79.62,4.79,1,55,1,1
OnePlus,New,8,128,Unlocked,860.46,216.84,3.8,1,110,1,0
Samsung,OpenBox,12,512,Unlocked,815.61,175.23,4.59,0,64,1,0
Apple,New,8,128,Unlocked,816.17,89.42,4.62,0,102,1,0
Google,New,12,512,Verizon,779.63,57.99,4.79,0,107,0,0
Apple,New,12,128,Unlocked,1023.61,0.0,4.07,0,27,0,0
OnePlus,OpenBox,8,128,Unlocked,857.83,50.16,4.79,0,6,0,1
Apple,OpenBox,6,128,Unlocked,712.36,75.29,5.0,0,80,1,0
Apple,New,8,128,Verizon,861.3,60.96,3.26,2,59,0,0
Apple,OpenBox,8,128,T-Mobile,568.94,65.14,4.43,0,43,1,0
Samsung,New,8,256,Unlocked,954.71,117.35,3.5,1,16,0,1
Samsung,OpenBox,12,512,T-Mobile,700.19,19.98,3.97,0,18,0,0
Google,OpenBox,6,64,Unlocked,712.86,96.36,4.01,1,111,0,0
Samsung,New,8,64,Verizon,962.87,73.38,4.37,0,18,0,1
Apple,New,12,256,T-Mobile,760.39,27.06,4.59,0,110,0,0
Apple,New,16,128,Verizon,772.78,180.45,4.85,0,32,0,0
Apple,New,8,128,Unlocked,1106.88,124.87,4.53,1,17,0,1
Xiaomi,New,6,128,Unlocked,635.9,32.82,4.74,0,62,1,0
Apple,New,8,128,AT&T,959.64,111.04,3.86,0,14,0,0
Xiaomi,New,8,256,Verizon,1058.9,0.0,4.93,1,33,0,0
Apple,New,8,64,Unlocked,1106.72,40.19,2.75,0,14,0,0
Apple,New,8,256,Verizon,1328.83,159.65,5.0,0,3,0,0
Apple,New,8,128,Unlocked,708.73,101.09,5.0,0,12,1,1
Apple,New,12,128,Unlocked,659.05,96.27,4.78,1,116,1,0
Google,New,8,256,AT&T,1029.79,139.22,5.0,0,19,0,0
Samsung,OpenBox,12,128,Unlocked,1056.85,116.68,3.5,2,27,0,0
Apple,Refurbished,8,512,Unlocked,676.04,64.04,4.79,0,19,1,0
Samsung,New,8,256,Unlocked,956.66,136.18,4.47,1,9,1,0
Samsung,New,8,512,T-Mobile,1449.33,0.0,4.52,0,20,0,0
Xiaomi,New,16,128,Unlocked,873.03,39.95,3.82,0,13,1,0
Xiaomi,Refurbished,8,128,Unlocked,1053.17,74.18,4.6,1,18,0,0
Google,New,8,128,Unlocked,1196.88,112.86,4.57,0,55,0,0
Google,OpenBox,8,256,Unlocked,1400.82,60.5,4.06,2,45,0,0
Google,New,12,256,Unlocked,904.05,0.0,4.37,0,22,0,0
Samsung,New,8,128,Unlocked,1125.67,0.0,3.74,1,31,0,1
Google,New,8,128,Unlocked,676.53,75.91,4.2,1,56,0,0
Apple,OpenBox,12,128,Verizon,855.47,51.33,4.88,1,50,0,0
Google,OpenBox,6,64,Unlocked,751.78,25.4,4.89,0,15,0,0
Xiaomi,New,8,128,Unlocked,435.23,15.36,4.78,0,107,0,0
Apple,New,8,256,AT&T,497.33,88.03,4.88,0,47,0,0
OnePlus,New,16,512,Unlocked,944.61,158.14,4.89,1,42,0,0
Xiaomi,Refurbished,12,128,Unlocked,948.93,88.03,4.08,1,69,0,0
Apple,New,6,64,T-Mobile,620.84,158.94,4.57,0,35,0,1
Samsung,OpenBox,12,128,Verizon,1192.62,57.56,4.94,1,75,1,0
Xiaomi,New,12,128,Verizon,605.8,106.61,3.71,1,109,1,0
Xiaomi,New,8,256,Unlocked,906.6,161.12,3.71,0,101,0,0
Apple,New,8,64,T-Mobile,758.65,70.53,3.68,2,39,1,0
Apple,New,6,512,Unlocked,873.53,81.56,3.51,1,12,0,1
Google,OpenBox,8,512,Unlocked,1047.68,57.53,3.87,0,15,0,1
Apple,OpenBox,8,128,AT&T,1016.62,115.55,4.14,0,26,1,1
Apple,OpenBox,12,512,Unlocked,1005.73,134.14,5.0,0,74,1,0
Apple,New,8,256,Verizon,977.63,101.08,4.18,0,59,0,0
Apple,OpenBox,8,512,Unlocked,570.0,66.23,3.64,1,34,0,1
Samsung,New,8,128,Unlocked,1099.6,0.0,4.48,0,24,1,0
Samsung,New,8,512,Verizon,616.74,77.09,4.31,0,62,0,0
Samsung,New,6,128,Unlocked,826.67,68.48,4.01,0,115,1,0
Google,New,8,128,Verizon,772.71,94.16,4.11,1,92,0,0
Samsung,New,6,512,Unlocked,927.03,87.01,4.93,0,31,1,0
Apple,New,8,128,Unlocked,743.36,174.34,3.7,1,68,0,0
Apple,New,8,128,AT&T,815.13,38.22,3.57,0,61,1,0
Apple,New,12,64,Unlocked,1206.15,0.0,4.63,0,97,1,0
Apple,New,6,128,Verizon,565.04,11.45,4.09,0,41,1,0
Apple,New,8,128,Unlocked,849.46,41.98,5.0,0,42,0,1
Apple,OpenBox,8,128,Unlocked,604.89,144.92,4.32,0,54,0,0
Apple,New,6,256,Unlocked,998.36,2.17,4.35,0,21,0,0
Samsung,New,6,256,AT&T,690.12,10.17,4.79,0,104,1,0
Samsung,OpenBox,8,64,Unlocked,858.48,104.83,3.56,0,47,0,0
Xiaomi,Refurbished,8,256,Unlocked,558.57,130.96,4.57,0,103,0,0
Google,OpenBox,16,256,T-Mobile,1134.14,0.0,4.22,3,50,0,1
Samsung,OpenBox,6,256,Unlocked,866.01,0.0,4.91,1,81,1,0
Apple,Refurbished,12,256,AT&T,880.31,32.81,4.08,0,86,1,0
Samsung,New,12,512,Unlocked,1032.39,119.44,4.49,1,95,0,0
Apple,Refurbished,12,64,Unlocked,574.69,88.59,4.22,0,82,0,0
Samsung,Refurbished,8,256,Unlocked,714.7,35.0,4.61,2,83,0,0
Samsung,New,16,512,Unlocked,887.41,124.37,4.27,0,37,1,0
Samsung,OpenBox,8,256,AT&T,462.36,87.46,4.53,0,8,1,0
Apple,OpenBox,12,64,Unlocked,485.98,73.54,5.0,0,111,0,1
Google,OpenBox,8,256,Unlocked,669.32,0.0,4.26,1,101,0,0
OnePlus,OpenBox,12,256,AT&T,598.98,33.77,4.6,0,33,0,0
Google,New,16,128,Verizon,774.35,197.42,5.0,1,3,1,0
Samsung,New,16,256,Unlocked,964.94,59.82,4.59,2,119,1,0
Samsung,New,8,256,Unlocked,1014.97,22.59,3.18,2,10,0,0
Apple,OpenBox,12,256,Unlocked,1248.07,57.06,4.07,0,4,0,0
Google,OpenBox,6,128,T-Mobile,845.02,87.15,3.8,2,118,0,1
Samsung,OpenBox,12,256,Verizon,883.96,133.0,4.86,2,81,0,0
Apple,OpenBox,8,256,Verizon,844.53,117.27,4.35,0,72,1,1
Apple,Refurbished,12,128,Unlocked,920.46,39.4,4.93,3,74,1,0
Xiaomi,New,8,256,Unlocked,937.64,156.29,4.71,0,89,0,1
Samsung,Refurbished,6,128,Unlocked,1052.87,128.88,4.7,0,70,0,0
Samsung,New,8,512,Unlocked,1052.01,53.29,3.79,0,89,0,0
Samsung,New,6,256,Unlocked,964.26,72.31,4.65,0,93,0,0
Samsung,New,8,256,Unlocked,1182.24,116.04,5.0,1,26,1,0
Samsung,New,12,256,Unlocked,855.89,144.48,3.68,0,71,0,1
Apple,New,12,128,Unlocked,715.46,0.0,4.24,2,40,0,1
Samsung,New,12,256,Unlocked,751.43,84.23,4.58,0,73,0,0
Google,New,12,64,Unlocked,826.72,78.13,4.45,0,21,0,0
Apple,OpenBox,8,256,AT&T,611.6,45.76,5.0,1,105,0,0
Google,New,8,64,Verizon,715.06,45.45,4.76,0,32,0,0
Apple,New,8,256,Unlocked,599.24,143.26,4.6,0,23,0,0
Google,New,6,256,AT&T,925.67,112.08,4.81,1,15,1,0
Samsung,New,8,128,Unlocked,927.84,206.4,4.78,1,64,0,0
Samsung,New,12,128,Unlocked,460.84,45.81,4.42,0,43,0,0
Samsung,New,8,128,T-Mobile,706.1,88.23,4.22,0,85,0,1
Xiaomi,OpenBox,12,128,Unlocked,1251.54,98.58,4.9,1,50,1,0
Samsung,New,6,128,Verizon,988.55,133.77,4.03,0,37,0,0
Google,OpenBox,12,512,Unlocked,949.95,161.5,4.36,1,38,0,0
Google,New,8,512,Unlocked,703.86,85.62,3.82,0,27,0,0
Apple,OpenBox,12,512,Unlocked,913.2,14.31,4.77,0,84,1,0
Apple,Refurbished,8,128,Unlocked,846.81,37.35,5.0,0,16,0,0
Samsung,New,8,128,Unlocked,674.72,88.56,3.93,0,109,0,0
Apple,New,8,128,Unlocked,741.37,147.37,4.32,0,32,0,0
Samsung,New,8,256,Unlocked,746.32,0.0,4.16,0,2,0,0
Samsung,New,8,256,Unlocked,522.49,9.8,4.94,1,80,1,1
Samsung,New,6,256,Unlocked,558.82,125.43,5.0,2,85,1,0
Apple,New,8,128,Unlocked,806.12,2.38,4.16,0,74,1,0
Google,OpenBox,16,256,Unlocked,663.44,12.5,2.85,1,43,0,0
Samsung,Refurbished,8,512,Unlocked,783.8,148.19,4.98,0,21,1,0
Google,New,8,128,AT&T,496.76,66.72,4.42,0,104,0,0
Apple,New,12,256,T-Mobile,1026.29,62.13,4.42,0,59,0,0
Samsung,New,8,256,Unlocked,1307.71,162.1,4.88,0,57,0,0
Apple,New,12,128,Unlocked,1076.03,16.22,4.22,0,26,0,0
Samsung,OpenBox,8,512,T-Mobile,1098.72,4.16,4.08,0,94,0,0
Apple,New,8,512,Verizon,987.75,177.75,4.22,0,112,0,0
Xiaomi,New,6,256,T-Mobile,908.43,94.0,4.64,1,77,1,0
Apple,New,6,128,AT&T,869.04,120.78,4.84,1,87,0,0
Samsung,New,8,128,AT&T,648.8,61.33,5.0,0,85,1,0
Apple,New,12,256,Unlocked,1001.81,73.6,4.6,0,21,0,0
Samsung,New,6,128,Unlocked,988.76,37.77,4.33,0,56,0,0
Samsung,New,16,128,Verizon,748.14,99.09,4.84,0,35,0,1
Samsung,New,8,128,Unlocked,965.72,129.88,3.91,0,48,1,0
Apple,OpenBox,8,64,AT&T,697.33,91.76,5.0,1,102,0,0
Apple,New,12,256,T-Mobile,711.34,143.65,4.51,0,99,0,0
Apple,OpenBox,12,256,Unlocked,1020.52,119.74,4.29,2,67,0,0
Xiaomi,New,8,64,Unlocked,944.72,17.09,3.92,1,14,1,0
Samsung,New,8,256,T-Mobile,798.97,71.32,4.71,2,43,0,0
Apple,OpenBox,6,64,AT&T,773.51,53.1,4.26,0,87,0,0
Xiaomi,New,8,64,AT&T,888.45,125.21,4.35,1,72,1,0
Apple,New,12,128,Verizon,446.21,107.7,3.56,1,67,1,1
Samsung,New,8,128,T-Mobile,683.29,87.64,4.18,0,47,1,0
Google,OpenBox,12,128,Unlocked,571.68,140.82,4.12,0,116,0,0
OnePlus,Refurbished,6,256,Unlocked,852.61,0.0,4.61,1,109,1,0
Google,New,8,128,Unlocked,1089.5,43.81,4.27,0,77,0,1
Samsung,New,8,256,Unlocked,954.97,48.9,3.08,0,104,0,0
Xiaomi,New,8,128,AT&T,737.47,95.1,4.19,1,22,0,0
Apple,New,8,256,Unlocked,694.55,113.17,3.67,0,20,1,0
Xiaomi,New,16,256,Verizon,684.15,79.92,3.88,0,85,0,1
OnePlus,New,12,128,Unlocked,1289.92,1.1,4.9,3,81,0,0
Xiaomi,OpenBox,12,256,AT&T,864.97,104.41,3.56,0,30,0,0
Apple,New,6,256,Unlocked,893.95,87.68,4.55,1,100,0,0
Apple,OpenBox,16,64,Unlocked,385.55,0.0,4.15,2,89,1,0
Samsung,OpenBox,12,256,Unlocked,590.19,62.28,4.05,0,26,0,0
Samsung,OpenBox,12,256,Unlocked,840.28,102.44,3.91,1,73,0,0
Samsung,New,8,128,Unlocked,740.4,179.19,4.56,0,104,1,0
Xiaomi,New,6,512,Verizon,879.27,14.66,4.62,2,92,1,0
Samsung,New,12,128,Unlocked,876.37,127.41,3.54,0,50,1,1
Apple,New,8,256,T-Mobile,982.1,15.41,4.98,0,98,0,0
Samsung,New,8,512,T-Mobile,438.78,3.76,3.81,0,37,1,0
Apple,New,8,512,Unlocked,606.85,7.3,4.59,0,117,0,0
Apple,New,8,256,Unlocked,828.09,116.3,3.81,0,118,0,0
Apple,New,8,256,Unlocked,707.57,87.79,4.17,1,36,0,0
Google,Refurbished,12,128,Unlocked,781.74,61.12,3.76,0,82,1,1
Google,OpenBox,8,128,Unlocked,873.99,107.47,4.14,1,115,0,1
Samsung,New,8,512,T-Mobile,686.11,82.45,4.3,1,35,1,0
Samsung,Refurbished,6,128,T-Mobile,892.3,86.63,3.83,0,86,1,1
Samsung,New,16,256,Unlocked,969.68,61.79,4.56,0,64,1,0
Google,New,8,64,AT&T,864.32,18.35,4.62,0,53,0,0
OnePlus,OpenBox,8,128,AT&T,1008.56,181.48,5.0,0,77,0,0
Samsung,New,8,128,Unlocked,371.95,164.03,4.86,3,57,0,0
Google,New,8,256,T-Mobile,721.07,175.41,4.99,0,85,0,0
Samsung,New,12,64,T-Mobile,1046.31,47.64,3.52,2,115,0,0
Samsung,New,6,128,T-Mobile,659.84,39.08,3.42,1,25,0,1
OnePlus,New,12,512,AT&T,629.99,55.13,4.25,2,21,1,1
Samsung,New,6,256,Unlocked,822.22,144.45,5.0,2,74,1,0
Samsung,New,16,256,Unlocked,846.19,79.99,5.0,0,115,0,0
Apple,New,8,128,T-Mobile,732.37,47.41,4.06,1,101,0,0
Samsung,New,6,128,Unlocked,1255.59,101.83,4.11,0,49,0,0
Samsung,New,8,256,Unlocked,913.03,35.81,4.67,1,96,1,0
Samsung,OpenBox,8,64,Unlocked,651.37,0.0,4.3,0,109,0,0
Samsung,OpenBox,16,128,Unlocked,533.31,87.75,4.31,2,36,0,0
Apple,New,12,512,Unlocked,939.23,49.04,4.72,1,13,0,0
OnePlus,OpenBox,8,64,AT&T,646.15,79.18,5.0,1,116,1,0
Apple,New,8,512,Unlocked,1323.58,0.0,5.0,1,19,0,0
Xiaomi,New,16,128,Unlocked,944.15,26.48,5.0,2,2,1,1
Apple,New,12,128,Unlocked,973.19,77.3,3.48,0,38,1,0
Samsung,New,8,128,Verizon,904.71,0.0,4.94,1,93,1,1
Samsung,OpenBox,8,512,AT&T,1096.75,0.0,3.93,1,89,0,0
OnePlus,Refurbished,8,256,T-Mobile,323.02,82.33,5.0,0,38,1,0
Apple,New,12,256,AT&T,585.28,122.09,5.0,0,82,0,0
OnePlus,New,8,128,Unlocked,1077.51,26.5,4.7,0,113,0,0
Samsung,New,12,512,AT&T,1180.13,64.27,4.03,0,1,0,0
Samsung,New,8,256,Unlocked,578.24,65.66,4.16,1,103,0,0
Samsung,New,8,256,Verizon,449.9,0.0,4.2,0,72,0,0
Apple,Refurbished,8,256,Verizon,886.85,151.03,4.78,1,105,0,1
Samsung,OpenBox,12,256,Unlocked,956.79,69.02,4.6,0,6,1,0
Apple,Refurbished,8,256,Unlocked,882.42,69.67,5.0,0,30,0,0
Apple,New,12,128,Verizon,836.88,102.38,5.0,0,46,0,0
Samsung,New,8,512,Unlocked,442.59,0.0,3.98,0,95,1,0
Samsung,New,12,128,AT&T,767.5,135.2,4.64,2,81,1,0
Apple,Refurbished,12,512,Unlocked,800.3,143.04,4.63,0,40,0,0
Apple,New,12,128,Verizon,729.39,88.43,4.35,1,29,0,0
Apple,New,8,128,AT&T,427.88,107.73,4.87,0,54,0,0
Apple,New,12,128,Unlocked,978.64,60.44,4.65,2,20,0,0
Samsung,OpenBox,8,256,Unlocked,1040.47,131.8,4.11,0,108,0,0
Apple,OpenBox,6,128,Verizon,675.18,30.62,4.33,1,99,0,0
OnePlus,New,12,256,Unlocked,809.09,78.06,4.23,0,86,0,0
Apple,New,12,256,Unlocked,740.68,81.64,4.04,2,58,0,0
Apple,OpenBox,6,128,AT&T,742.82,77.68,4.36,1,77,0,0
OnePlus,New,16,256,Unlocked,958.5,144.15,3.75,2,31,0,1
Apple,New,8,256,Verizon,963.81,211.29,4.64,0,16,0,0
Samsung,New,16,512,Unlocked,1086.45,73.41,5.0,2,28,0,0
Xiaomi,New,12,128,Unlocked,1081.86,108.22,4.43,0,65,1,0
Xiaomi,New,16,512,Unlocked,812.2,31.85,4.87,0,115,1,0
Google,Refurbished,12,64,T-Mobile,1475.26,141.92,4.48,0,15,0,0
Apple,New,16,256,Unlocked,1190.99,48.95,3.89,0,37,0,0
Samsung,New,8,256,Unlocked,705.21,268.71,5.0,0,9,1,0
Xiaomi,New,8,128,Unlocked,877.85,0.0,3.19,0,53,0,1
Xiaomi,New,8,64,Verizon,413.12,208.85,4.41,0,113,0,0
Apple,New,12,256,Verizon,856.0,139.47,4.02,1,7,1,0
Samsung,New,6,128,Unlocked,1218.21,12.67,5.0,1,71,0,0
Apple,New,16,128,Unlocked,1461.89,219.17,4.51,0,19,0,0
Apple,New,8,128,Unlocked,823.32,24.3,5.0,2,1,0,0
Google,OpenBox,12,256,Verizon,923.67,61.14,4.42,1,65,0,0
Apple,New,8,128,AT&T,983.17,2.2,4.02,1,56,0,0
Apple,New,12,128,Verizon,1285.53,71.21,3.54,0,108,0,0
Apple,New,16,512,Verizon,633.75,76.84,4.95,0,35,0,0
Samsung,New,8,256,Unlocked,1434.21,129.8,3.98,0,76,0,0
Apple,New,12,256,Verizon,780.24,226.3,4.19,0,19,0,0
Samsung,Refurbished,8,256,Verizon,592.57,49.22,5.0,2,69,0,0
Apple,New,12,128,Unlocked,780.64,0.0,4.93,0,98,0,0
Xiaomi,OpenBox,12,128,T-Mobile,671.89,118.91,4.1,1,46,0,0
Apple,New,8,128,Unlocked,942.24,46.98,4.17,0,19,1,0
Samsung,OpenBox,6,64,Verizon,486.47,189.11,3.52,0,61,0,1
Apple,New,8,128,Verizon,881.16,77.92,3.37,1,20,1,0
Apple,New,6,256,T-Mobile,996.07,34.45,4.78,0,77,1,0
Apple,New,12,128,Unlocked,1176.22,19.22,4.84,0,28,0,0
Apple,New,8,128,T-Mobile,999.73,117.37,4.58,1,79,0,0
Apple,Refurbished,16,512,Unlocked,1162.68,63.49,4.49,0,85,0,0
Samsung,OpenBox,16,128,Unlocked,716.75,168.06,4.05,0,119,1,1
Samsung,New,16,256,T-Mobile,936.72,67.36,5.0,1,23,1,0
Apple,New,8,128,Unlocked,359.57,164.88,3.51,0,111,0,1
Samsung,New,8,256,Verizon,824.92,0.0,4.17,0,39,1,0
Samsung,New,12,64,Unlocked,935.09,0.0,4.48,0,19,1,0
Apple,OpenBox,12,64,T-Mobile,954.99,129.75,4.4,1,108,0,0
Samsung,New,16,256,AT&T,503.7,52.13,4.4,0,68,1,0
Apple,OpenBox,8,128,Unlocked,764.16,64.19,4.14,0,68,0,1
Apple,New,6,64,AT&T,794.83,19.27,4.67,0,36,0,0
Samsung,Refurbished,16,128,Unlocked,755.6,14.87,3.79,0,21,1,0
Xiaomi,New,12,256,Verizon,1009.5,118.14,4.33,1,8,1,0
Xiaomi,New,8,128,AT&T,802.3,78.87,4.62,0,103,0,0
Xiaomi,OpenBox,12,256,AT&T,871.85,16.39,4.23,0,3,0,0
Samsung,New,6,256,Verizon,742.28,127.43,4.4,3,61,0,0
Apple,New,8,256,AT&T,1084.26,150.49,4.51,1,32,0,1
Apple,New,8,256,Verizon,1100.63,73.47,3.52,0,100,0,0
Apple,New,8,128,T-Mobile,782.16,140.19,3.57,1,84,0,0
Apple,Refurbished,8,512,Unlocked,1477.13,19.89,4.47,1,10,0,0
Apple,OpenBox,8,128,Unlocked,681.37,114.63,4.1,0,16,0,0
Samsung,New,8,128,AT&T,1071.58,89.71,4.13,1,20,0,0
Apple,Refurbished,8,256,Unlocked,640.78,32.51,4.68,0,85,1,0
Apple,New,8,256,Unlocked,1020.07,203.18,3.91,1,11,0,0
Google,OpenBox,8,64,AT&T,1002.9,93.97,3.19,0,28,0,0
Apple,New,12,512,Unlocked,627.42,44.55,5.0,0,58,0,0
OnePlus,New,12,512,Unlocked,821.27,81.18,5.0,0,23,0,1
Apple,New,8,128,Unlocked,1260.9,27.82,5.0,0,47,0,0
Samsung,New,6,256,Unlocked,670.85,10.59,3.84,2,37,1,0
Apple,OpenBox,12,256,Unlocked,938.41,53.03,4.36,1,50,0,1
Samsung,New,12,512,Unlocked,923.81,57.1,3.77,0,4,0,0
Apple,New,16,256,AT&T,840.7,31.75,4.37,2,44,1,0
Apple,New,16,64,Unlocked,469.15,155.07,4.23,1,64,0,0
Samsung,New,8,256,AT&T,1032.3,34.05,3.86,1,51,1,1
Apple,New,12,64,T-Mobile,852.56,24.07,4.65,0,113,1,0
Apple,New,8,256,Unlocked,1092.85,8.86,4.27,2,46,0,0
Xiaomi,OpenBox,12,256,T-Mobile,900.99,3.08,5.0,0,37,1,0
Apple,New,16,256,Unlocked,864.18,141.65,4.44,2,19,1,0
Samsung,Refurbished,12,128,Verizon,931.96,95.49,3.13,0,74,1,0
Samsung,OpenBox,8,128,T-Mobile,632.74,121.42,3.49,1,68,0,0
Apple,New,8,256,AT&T,1192.78,141.1,5.0,0,7,0,0
Samsung,New,8,128,Unlocked,767.41,60.0,4.22,0,104,0,0
Apple,OpenBox,8,128,Unlocked,770.24,168.33,4.52,0,117,0,0
Google,OpenBox,12,128,Unlocked,1134.31,42.39,4.4,0,119,0,0
Apple,New,12,512,T-Mobile,904.42,14.26,5.0,0,93,0,0
Apple,Refurbished,8,128,Unlocked,797.98,102.42,3.45,1,14,0,0
Apple,Refurbished,12,256,Unlocked,941.04,88.67,5.0,0,107,0,1
OnePlus,New,8,256,Unlocked,987.72,88.58,5.0,0,49,0,0
Google,OpenBox,8,256,Unlocked,823.97,140.92,4.4,0,103,0,0
Xiaomi,New,8,256,Unlocked,1052.91,86.37,4.61,1,29,0,0
Samsung,OpenBox,8,64,Unlocked,570.48,98.78,4.21,2,82,0,0
Samsung,OpenBox,12,128,Verizon,907.6,161.58,3.56,0,68,0,0
Samsung,New,12,64,Unlocked,1026.06,96.0,4.69,3,55,0,1
OnePlus,New,12,256,Unlocked,986.79,109.66,4.52,3,43,0,0
Samsung,New,8,256,Unlocked,356.97,0.0,4.53,0,7,0,0
Apple,Refurbished,12,256,Unlocked,822.15,303.15,4.64,1,105,0,1
Samsung,New,8,256,AT&T,582.91,0.0,4.1,2,87,0,0
Samsung,OpenBox,8,256,Unlocked,1132.87,47.64,5.0,1,112,0,1
Apple,New,8,512,Unlocked,764.05,45.83,4.4,1,62,0,0
Samsung,New,12,256,Unlocked,1108.43,206.48,4.67,0,39,1,0
Apple,Refurbished,16,128,Unlocked,582.25,43.96,4.26,0,74,1,0
OnePlus,New,8,128,AT&T,935.94,106.51,4.93,0,43,1,0
Samsung,New,12,256,T-Mobile,851.75,46.23,4.45,0,112,0,0
OnePlus,New,8,256,Unlocked,1458.1,17.59,4.36,1,64,0,0
Samsung,New,8,256,Unlocked,1109.14,114.22,5.0,1,81,0,0
Google,New,12,128,Unlocked,1095.05,36.86,3.54,0,76,0,1
Apple,New,12,256,Verizon,1296.12,92.46,4.26,0,47,0,0
Xiaomi,New,12,128,Unlocked,912.43,117.6,4.09,0,90,0,0
Samsung,New,12,128,T-Mobile,828.11,194.41,4.59,2,59,0,0
Apple,New,8,256,Unlocked,803.02,4.27,4.56,1,12,1,0
Apple,New,16,256,T-Mobile,922.12,70.83,4.39,1,49,0,0
Apple,New,16,128,Unlocked,240.57,73.31,4.04,0,7,0,0
Samsung,Refurbished,8,128,Unlocked,850.51,80.06,4.39,1,88,0,1
Google,New,6,256,Unlocked,899.89,234.13,4.56,2,81,0,0
Xiaomi,New,8,128,Unlocked,815.71,69.6,4.31,1,107,0,0
Samsung,New,12,128,T-Mobile,513.2,0.0,4.95,1,57,0,0
Samsung,Refurbished,16,256,Unlocked,817.04,68.09,4.71,1,118,0,0
Samsung,OpenBox,12,256,Unlocked,512.59,72.9,4.41,0,81,0,0
OnePlus,OpenBox,8,64,T-Mobile,1240.23,65.54,3.23,0,46,0,0
OnePlus,Refurbished,6,256,Unlocked,793.38,36.88,4.29,0,36,0,0
Apple,New,8,256,Unlocked,396.21,0.72,4.72,0,113,0,0
Xiaomi,Refurbished,8,128,Unlocked,804.57,209.57,4.26,0,21,0,1
Samsung,New,6,128,Unlocked,1046.99,99.1,4.55,1,2,0,0
Google,OpenBox,6,128,T-Mobile,888.74,68.47,4.29,0,14,1,0
Xiaomi,OpenBox,6,128,Unlocked,648.95,207.66,4.52,0,83,0,0
Google,Refurbished,8,256,AT&T,700.79,27.88,5.0,2,94,0,0
Apple,New,12,128,Unlocked,786.89,116.14,4.79,0,61,0,0
Samsung,OpenBox,8,512,Unlocked,753.27,5.06,3.75,0,48,0,1
Apple,New,8,128,AT&T,572.9,125.05,3.57,0,22,0,1
Google,New,8,256,AT&T,835.13,11.93,4.62,1,10,1,1
Apple,New,16,256,Verizon,556.58,108.23,4.98,0,89,0,0
Google,New,12,256,Unlocked,1058.79,197.19,3.57,1,30,0,0
OnePlus,New,8,512,Unlocked,1085.64,85.61,4.3,0,118,0,0
Apple,New,12,256,AT&T,629.3,0.0,5.0,2,103,0,1
Samsung,New,12,128,Verizon,692.34,82.15,4.27,0,92,0,0
Samsung,New,12,512,Unlocked,756.94,108.83,5.0,0,58,1,0
Samsung,New,8,512,Unlocked,843.07,134.06,3.99,1,43,0,0
Apple,New,8,512,AT&T,906.51,168.42,4.08,2,102,0,1
Apple,OpenBox,8,128,Unlocked,951.87,171.47,4.05,0,6,0,0
Samsung,New,8,64,Verizon,946.74,72.14,3.76,0,113,0,0
Samsung,OpenBox,8,128,Verizon,1191.85,40.43,3.55,1,98,0,0
Samsung,New,8,256,Unlocked,863.28,12.89,4.29,1,8,1,0
Apple,New,8,64,Unlocked,563.45,47.6,4.47,0,27,0,0
Samsung,New,8,128,Unlocked,495.98,108.59,4.04,1,113,1,1
Samsung,New,8,256,Verizon,1209.87,0.0,4.16,1,79,0,0
Apple,New,6,128,T-Mobile,962.12,24.39,5.0,1,45,0,0
Google,New,8,256,Unlocked,895.42,113.74,4.89,0,100,0,1
Apple,New,8,128,Unlocked,948.78,41.21,4.27,0,84,0,0
Samsung,New,12,256,Unlocked,885.26,102.2,4.61,0,110,0,0
Xiaomi,New,8,128,Verizon,945.3,31.14,3.58,1,48,0,0
Samsung,New,6,256,Unlocked,768.03,97.27,4.53,0,71,0,0
Samsung,OpenBox,6,256,AT&T,1082.14,33.69,4.37,3,74,0,0
Apple,New,8,128,Unlocked,734.53,0.0,4.21,1,6,0,0
Apple,New,6,128,Unlocked,651.28,137.36,4.42,1,80,0,1
Apple,New,8,256,Unlocked,478.01,38.25,4.34,0,86,0,0
Google,New,8,256,T-Mobile,797.7,65.08,3.74,0,16,1,0
OnePlus,New,16,64,Verizon,1128.85,38.53,5.0,0,97,1,0
Apple,New,12,256,Unlocked,749.38,112.67,4.88,1,52,0,1
Apple,New,6,128,Unlocked,546.72,99.99,4.21,0,51,1,0
Apple,New,8,128,T-Mobile,912.66,112.53,3.52,3,25,0,0
Samsung,New,12,128,T-Mobile,706.77,47.03,3.17,0,102,0,0
Samsung,New,8,128,Unlocked,1190.62,77.02,5.0,0,15,1,0
Google,New,16,64,AT&T,1086.41,105.02,4.31,0,117,0,0
OnePlus,Refurbished,8,128,T-Mobile,570.4,172.71,4.78,0,71,1,1
Apple,New,6,64,Unlocked,811.74,98.39,3.93,2,29,0,0
Samsung,New,8,128,Unlocked,683.84,19.8,4.25,0,81,1,0
Samsung,New,16,256,Unlocked,594.69,96.07,4.27,1,86,0,0
Apple,OpenBox,16,256,Unlocked,837.69,70.1,4.52,0,31,0,0
OnePlus,OpenBox,12,64,AT&T,1030.01,0.0,4.44,0,105,0,1
Apple,OpenBox,8,128,Unlocked,832.02,0.0,3.94,0,1,0,0
Google,New,12,256,Unlocked,736.45,76.01,3.93,0,16,0,0
Google,New,8,256,Unlocked,364.63,81.07,4.36,1,116,0,0
OnePlus,OpenBox,8,256,Verizon,703.52,62.32,3.52,0,91,0,1
Samsung,New,12,128,Unlocked,971.4,133.05,3.99,0,57,0,0
Apple,Refurbished,16,128,Unlocked,554.77,23.89,4.32,0,38,0,0
OnePlus,New,8,128,Unlocked,1132.16,0.0,4.6,0,78,0,0
Google,New,8,256,AT&T,721.6,30.46,5.0,0,83,0,0
Samsung,New,8,128,Unlocked,892.62,43.41,4.16,0,9,0,1
Google,New,8,64,Unlocked,762.19,76.51,4.42,0,52,1,0
Apple,OpenBox,6,64,AT&T,591.21,32.14,3.47,1,74,0,0
Samsung,New,12,256,Unlocked,946.87,0.0,4.57,2,71,0,0
OnePlus,New,6,128,Verizon,718.44,0.0,3.95,0,91,1,0
Apple,New,12,256,Unlocked,666.73,87.39,4.25,0,109,0,0
Samsung,OpenBox,8,128,AT&T,327.25,12.26,4.64,1,6,0,0
Xiaomi,New,8,128,Unlocked,1136.59,0.0,4.66,0,64,0,0
Google,Refurbished,8,128,Unlocked,851.35,117.5,3.67,0,63,1,0
OnePlus,OpenBox,8,512,Unlocked,1093.45,172.71,4.8,0,25,1,1
Samsung,New,8,64,T-Mobile,986.44,74.33,4.38,1,17,0,0
Xiaomi,OpenBox,8,128,AT&T,1093.42,96.11,5.0,0,108,1,1
Apple,Refurbished,16,256,Unlocked,725.89,96.61,5.0,0,18,0,0
Samsung,New,8,128,Unlocked,548.06,0.0,5.0,2,53,1,0
Samsung,New,8,128,Unlocked,1017.79,133.32,3.69,2,74,1,0
Google,New,16,128,Unlocked,878.64,154.39,4.6,0,57,0,0
OnePlus,New,8,256,Unlocked,747.4,190.21,3.61,0,74,0,1
Google,New,12,128,T-Mobile,1013.4,53.74,5.0,0,4,0,0
Samsung,OpenBox,16,256,Unlocked,917.79,11.89,5.0,0,66,0,0
Samsung,New,12,256,T-Mobile,990.57,161.51,4.89,2,97,0,0
Samsung,New,8,256,Unlocked,625.07,109.93,4.19,3,61,0,0
Samsung,New,12,128,AT&T,1065.08,132.48,4.67,1,119,1,0
Apple,New,8,256,Unlocked,848.98,41.18,4.12,2,56,0,0
Samsung,New,8,512,Unlocked,1088.67,96.29,4.41,1,37,0,0
OnePlus,New,16,256,AT&T,1063.02,16.8,4.35,0,58,0,0
Google,New,8,64,Unlocked,1000.99,79.69,3.4,1,36,1,0
Google,New,12,256,T-Mobile,825.55,59.13,4.0,1,40,1,1
Samsung,New,8,256,AT&T,1006.11,220.61,5.0,0,54,1,0
Samsung,Refurbished,6,512,T-Mobile,1094.37,112.92,4.36,2,31,0,0
Apple,New,8,128,AT&T,983.48,0.0,4.48,0,5,0,0
Samsung,New,12,256,Unlocked,894.57,79.91,4.4,0,32,0,0
Samsung,New,8,256,Unlocked,1006.61,102.09,4.19,0,4,1,0
Apple,OpenBox,12,512,Verizon,734.35,51.56,4.42,0,109,0,0
Apple,New,8,256,Unlocked,1183.08,13.83,4.2,0,104,0,0
Google,New,16,512,Unlocked,480.0,119.63,3.26,1,32,0,1
Samsung,New,8,128,Unlocked,857.57,22.32,4.79,1,107,0,0
Samsung,New,12,128,Verizon,760.69,114.53,5.0,1,45,0,0
Apple,New,8,128,Unlocked,709.0,17.25,3.82,0,45,0,0
Samsung,New,8,256,Unlocked,917.14,47.97,4.19,0,60,0,0
Samsung,New,16,128,T-Mobile,602.4,137.37,5.0,0,109,1,0
Samsung,Refurbished,6,256,AT&T,1323.43,109.35,4.01,1,89,0,0
Samsung,New,8,512,Unlocked,552.54,81.89,4.59,0,76,0,0
Apple,Refurbished,12,512,Unlocked,640.72,78.21,5.0,1,93,0,1
OnePlus,New,12,256,AT&T,619.95,85.43,4.72,1,105,1,0
Apple,New,12,256,Unlocked,893.67,32.51,4.43,2,86,1,0
Samsung,New,12,128,Verizon,1073.2,0.0,4.84,0,56,0,0
Apple,New,16,128,AT&T,965.72,114.15,4.79,1,37,0,0
Samsung,New,8,256,Unlocked,1173.92,171.81,4.07,1,56,1,1
Apple,OpenBox,8,256,Unlocked,668.0,116.25,3.53,0,20,0,0
OnePlus,New,12,128,Unlocked,994.92,95.25,4.7,1,73,0,1
Samsung,New,12,128,Unlocked,783.22,7.49,4.77,0,98,0,0
Samsung,New,6,256,Verizon,900.18,132.63,4.25,0,4,1,0
Apple,New,8,128,Unlocked,1093.91,108.88,5.0,0,105,1,0
Apple,New,8,256,T-Mobile,477.7,125.61,5.0,1,76,0,0
Samsung,New,12,128,AT&T,1288.02,142.03,4.79,0,109,0,0
Samsung,New,8,256,Unlocked,818.05,175.16,4.26,1,85,1,0
Samsung,New,12,256,Unlocked,496.54,13.12,3.35,2,103,0,0
Xiaomi,New,12,256,Unlocked,697.57,2.66,4.31,0,90,0,0
Google,New,8,256,Unlocked,872.51,88.89,3.48,0,44,1,0
Xiaomi,New,8,128,Verizon,697.52,24.65,3.22,0,65,1,1
Apple,New,8,128,Unlocked,399.46,14.26,4.72,0,19,0,0
Google,Refurbished,8,512,Unlocked,871.3,153.21,4.99,0,100,1,0
Samsung,Refurbished,8,128,Unlocked,691.22,19.46,3.42,0,80,0,0
Samsung,New,8,256,Unlocked,993.25,79.34,4.27,0,70,0,0
Xiaomi,New,12,128,Verizon,614.95,0.0,4.39,0,78,0,0
Samsung,OpenBox,8,256,T-Mobile,1347.54,83.78,4.25,0,84,1,0
OnePlus,New,6,128,Verizon,963.0,150.97,3.71,0,30,0,0
Google,New,8,256,T-Mobile,893.29,152.79,5.0,2,73,0,0
Apple,New,12,256,Verizon,987.09,142.7,3.72,1,74,0,0
Google,New,8,128,Unlocked,449.27,75.3,3.43,1,83,0,1
Samsung,Refurbished,8,128,T-Mobile,740.67,146.69,3.71,0,119,0,0
OnePlus,OpenBox,16,512,Unlocked,1242.26,105.8,4.64,1,41,0,0
Google,Refurbished,6,256,Unlocked,779.57,53.66,4.27,0,21,1,0
Apple,OpenBox,8,512,T-Mobile,836.18,102.9,4.01,0,119,0,0
Apple,New,8,256,Verizon,747.37,133.14,4.66,1,46,1,0
Apple,OpenBox,12,256,T-Mobile,1172.19,0.34,4.57,0,34,1,0
Samsung,New,12,256,Unlocked,796.18,16.37,3.25,0,47,0,0
Apple,New,6,512,AT&T,574.6,71.38,4.66,0,94,0,0
Google,New,12,256,Unlocked,1417.34,6.69,4.99,0,26,0,0
Samsung,New,12,128,Unlocked,547.49,5.84,4.34,0,3,0,0
OnePlus,New,12,256,T-Mobile,828.58,54.76,4.28,0,94,0,0
Apple,New,16,512,Unlocked,664.81,139.52,5.0,2,62,0,0
Samsung,New,12,128,Verizon,695.65,138.39,4.05,0,85,0,0
Apple,New,6,128,T-Mobile,616.84,99.26,4.32,3,32,1,0
OnePlus,New,8,256,T-Mobile,731.2,90.82,4.57,1,26,1,0
Apple,New,16,256,Unlocked,1066.49,205.25,4.42,0,55,0,0
Apple,New,8,128,Unlocked,431.56,47.64,4.26,0,103,0,0
Apple,New,8,256,T-Mobile,1127.38,94.46,4.44,0,88,0,0
Google,Refurbished,16,256,Verizon,1089.45,44.66,5.0,0,51,0,1
Apple,New,12,128,Unlocked,961.99,2.75,4.8,1,20,1,1
Samsung,New,12,256,Unlocked,877.76,151.09,4.36,0,66,1,0
Google,New,12,128,Unlocked,910.86,61.69,3.97,2,7,0,0
Google,OpenBox,6,256,T-Mobile,1163.15,121.69,4.03,0,82,0,0
Apple,New,12,64,Unlocked,465.93,65.23,4.88,0,52,1,0
Apple,New,16,256,AT&T,1010.0,154.8,3.6,0,105,0,0
Samsung,New,6,128,Unlocked,685.84,20.17,5.0,0,116,0,0
Apple,OpenBox,8,512,Unlocked,1031.66,149.83,4.38,2,27,1,0
Google,Refurbished,12,256,Verizon,715.01,133.65,3.71,0,14,1,0
Apple,New,8,128,T-Mobile,1005.51,0.0,4.49,0,71,0,0
Samsung,New,6,512,Unlocked,509.33,48.99,4.0,1,6,0,0
Apple,New,8,128,Unlocked,477.63,141.25,4.19,1,80,1,0
Samsung,New,8,256,Verizon,825.13,178.24,3.64,0,105,0,0
Apple,OpenBox,8,512,Unlocked,1165.82,122.93,4.28,1,106,0,0
Samsung,Refurbished,12,512,Unlocked,967.98,56.21,3.34,1,92,0,0
Apple,Refurbished,12,256,Verizon,966.41,21.9,4.1,2,92,0,0
Xiaomi,OpenBox,12,512,Unlocked,1039.24,114.0,3.99,1,30,0,0
Google,New,6,128,Verizon,762.67,54.44,4.15,0,109,0,0
Apple,Refurbished,8,128,Unlocked,984.36,56.99,4.02,0,90,0,0
Apple,New,8,64,AT&T,722.47,66.55,4.42,0,9,1,1
Apple,New,12,128,AT&T,780.92,132.91,4.84,1,71,1,0
Apple,New,16,256,AT&T,808.23,188.39,4.58,0,51,1,0
Apple,New,8,128,Verizon,729.98,141.61,5.0,1,19,0,0
OnePlus,OpenBox,16,256,Verizon,835.47,80.57,4.15,0,37,1,0
Samsung,Refurbished,6,64,Unlocked,794.0,26.05,4.56,0,112,1,0
Apple,OpenBox,8,128,Unlocked,694.31,120.06,4.58,0,60,0,0
Samsung,OpenBox,12,256,Unlocked,819.07,179.93,4.98,1,19,1,0
Apple,New,8,128,AT&T,884.16,140.21,4.03,0,97,0,0
Xiaomi,New,16,256,Unlocked,608.03,92.46,4.79,0,29,0,0
Apple,OpenBox,8,256,Unlocked,941.84,50.66,3.97,0,59,0,0
Google,New,12,256,Unlocked,741.39,100.71,4.12,0,16,0,1
Google,Refurbished,8,512,Verizon,893.6,149.27,4.22,0,5,1,0
Apple,New,6,512,Unlocked,703.63,93.94,4.63,0,117,0,0
Apple,New,8,64,Unlocked,1081.11,73.79,3.86,0,80,1,0
Samsung,New,16,256,Verizon,1060.35,38.77,3.93,1,72,1,0
OnePlus,New,8,128,T-Mobile,619.13,235.37,4.08,1,2,0,0
Samsung,OpenBox,8,128,Verizon,965.5,26.54,4.42,1,73,0,0
Samsung,Refurbished,6,256,Unlocked,1168.18,21.0,3.93,1,12,0,0
Google,New,6,256,AT&T,641.4,89.85,4.53,0,19,0,0
OnePlus,New,6,256,Unlocked,658.83,67.88,4.22,0,87,0,0
Samsung,New,12,256,Unlocked,1011.71,141.4,4.73,1,62,1,0
Samsung,New,8,256,Unlocked,562.42,143.43,4.43,3,99,0,0
Google,New,8,256,Unlocked,678.95,7.14,5.0,0,43,0,0
Apple,New,8,128,Verizon,626.77,34.67,4.46,2,38,0,0
OnePlus,New,8,64,Unlocked,1014.45,27.48,3.79,1,99,0,0
Apple,New,8,256,AT&T,697.67,127.07,4.29,2,68,1,1
Apple,New,6,256,Verizon,787.39,105.7,4.41,1,109,1,1
Google,OpenBox,8,128,Unlocked,685.37,57.71,3.95,0,66,1,0
Apple,New,12,128,Unlocked,1102.67,92.98,5.0,0,23,0,0
Apple,New,8,128,AT&T,660.93,12.42,4.25,0,7,1,0
Apple,OpenBox,12,256,Unlocked,540.33,35.45,4.08,0,26,1,1
Samsung,OpenBox,6,128,Unlocked,531.71,2.0,4.49,1,65,0,1
OnePlus,OpenBox,16,128,Unlocked,1002.61,88.73,3.95,1,78,1,0
Apple,New,16,64,Unlocked,1018.49,88.5,4.88,0,2,0,1
Apple,New,6,128,Unlocked,1124.68,20.94,4.78,0,32,0,0
Samsung,Refurbished,8,256,T-Mobile,572.59,105.27,4.47,0,98,0,0
Xiaomi,New,8,512,Unlocked,799.13,143.43,4.7,2,48,1,0
Apple,New,12,128,Unlocked,1384.01,18.17,4.15,0,90,0,0
Xiaomi,Refurbished,8,256,AT&T,783.49,60.42,3.65,0,45,1,0
OnePlus,New,8,256,AT&T,726.05,110.82,4.24,1,34,0,0
Apple,OpenBox,8,256,Verizon,845.38,79.62,4.15,0,83,0,1
Google,OpenBox,6,128,Unlocked,966.59,0.0,3.38,2,32,0,0
Google,New,12,64,T-Mobile,962.91,53.55,3.87,1,79,0,0
Samsung,OpenBox,8,512,Unlocked,714.83,51.56,3.78,0,23,0,0
Samsung,New,12,512,Unlocked,721.29,69.77,3.87,1,90,0,1
Google,OpenBox,12,128,Verizon,784.78,72.33,5.0,0,114,0,0
Google,Refurbished,8,256,Unlocked,689.38,173.96,4.66,0,108,1,0
Google,OpenBox,8,64,Verizon,578.35,67.49,4.88,1,101,0,1
Xiaomi,New,16,64,T-Mobile,1247.75,0.0,4.65,1,2,0,0
Samsung,OpenBox,12,64,Unlocked,760.48,85.47,4.94,0,100,0,0
Google,Refurbished,12,256,Unlocked,772.95,184.87,4.41,1,75,1,0
OnePlus,New,16,128,Unlocked,779.8,69.97,5.0,1,56,0,1
Apple,New,8,128,Unlocked,832.29,53.71,3.78,2,96,0,0
Apple,New,12,64,AT&T,945.65,61.69,4.37,3,97,0,1
Samsung,OpenBox,12,64,T-Mobile,747.66,115.05,3.89,1,112,0,0
OnePlus,New,6,128,Verizon,1100.66,61.44,5.0,0,71,0,0
Apple,New,8,256,T-Mobile,981.52,0.0,4.61,1,84,1,1
Google,Refurbished,8,256,Unlocked,808.0,39.69,4.99,1,36,0,0
Apple,Refurbished,8,128,Unlocked,703.43,76.12,3.7,1,81,0,1
Apple,Refurbished,6,128,Unlocked,1088.68,112.14,4.1,0,52,0,0
Samsung,New,12,256,AT&T,814.35,45.04,3.51,1,77,1,1
Apple,New,12,128,Unlocked,576.59,62.23,4.58,1,49,0,0
OnePlus,New,8,128,Unlocked,1074.63,82.7,4.19,1,22,0,0
Apple,New,6,512,Unlocked,690.21,33.35,4.78,0,42,0,0
OnePlus,OpenBox,8,256,Unlocked,1041.07,74.5,4.42,0,40,0,1
Apple,New,6,128,Verizon,296.86,108.03,3.33,0,29,0,1
Xiaomi,New,8,128,T-Mobile,768.89,8.81,3.57,1,13,0,0
Samsung,New,8,128,Unlocked,1105.19,98.39,4.44,0,48,0,0
Apple,New,12,64,Unlocked,851.13,14.58,4.63,0,61,0,0
Apple,OpenBox,8,512,Unlocked,981.59,15.78,3.29,2,72,0,0
Apple,OpenBox,8,256,Unlocked,651.58,40.23,4.36,0,74,0,1
Samsung,New,12,64,Unlocked,926.5,161.93,3.89,0,24,0,0
Google,New,8,128,Verizon,850.83,0.0,3.84,0,18,1,0
Samsung,New,12,128,Verizon,903.53,52.16,4.07,0,17,0,0
Samsung,New,6,128,Verizon,1298.64,78.41,4.46,2,82,1,0
Samsung,Refurbished,8,256,AT&T,1137.01,150.03,4.05,0,83,0,0
Samsung,New,6,128,Unlocked,1024.24,196.88,3.41,0,62,0,1
Google,New,8,512,AT&T,1027.02,54.68,4.46,2,63,1,0
Samsung,OpenBox,16,256,Verizon,649.99,112.36,4.22,0,76,0,0
Google,New,12,512,Unlocked,746.33,74.33,3.93,0,42,0,0
Xiaomi,New,8,512,Unlocked,512.83,73.94,4.25,1,89,0,0
Apple,New,8,512,Unlocked,570.69,96.4,4.23,0,109,1,0
Apple,New,16,512,Unlocked,654.96,0.0,4.42,1,29,1,0
Apple,New,8,128,Unlocked,843.59,77.13,4.28,0,55,0,0
Samsung,OpenBox,8,128,Unlocked,580.5,107.05,4.48,0,38,0,1
Apple,Refurbished,16,128,T-Mobile,841.38,28.41,4.38,0,40,1,0
Xiaomi,New,8,256,T-Mobile,816.11,107.44,4.81,1,47,0,1
Samsung,New,8,256,Verizon,600.47,0.0,5.0,1,26,0,0
Samsung,New,6,64,AT&T,1185.63,85.61,4.39,0,42,0,0
Google,New,6,256,T-Mobile,558.6,160.53,4.09,0,39,0,0
Apple,New,12,256,Unlocked,1095.81,66.88,3.68,1,97,0,0
Google,New,8,256,Unlocked,354.06,21.31,4.72,1,33,0,0
Apple,New,16,128,Verizon,818.71,0.0,3.95,1,12,0,0
Samsung,Refurbished,6,128,T-Mobile,586.52,103.43,5.0,1,104,0,0
Xiaomi,OpenBox,8,256,AT&T,706.02,135.68,5.0,2,108,0,1
Google,New,12,128,Unlocked,1248.23,76.63,4.29,1,107,1,0
OnePlus,OpenBox,8,256,AT&T,773.67,52.18,3.57,1,22,1,0
Samsung,New,8,128,Unlocked,607.0,0.0,4.73,0,50,0,0
OnePlus,OpenBox,8,128,Unlocked,957.28,87.44,5.0,0,35,0,0
Samsung,New,12,128,Unlocked,771.74,38.64,3.74,2,32,1,0
Samsung,New,12,256,Verizon,883.16,42.09,5.0,0,110,0,0
Apple,New,8,128,Unlocked,648.82,176.98,3.48,1,16,1,1
Apple,New,8,512,Unlocked,659.65,0.0,3.67,1,72,1,1
Samsung,New,8,64,AT&T,676.71,0.0,4.55,1,86,0,1
Apple,New,8,512,Unlocked,1025.66,93.88,4.91,3,9,0,0
Google,New,6,64,AT&T,800.1,56.88,4.37,0,105,0,0
OnePlus,New,16,128,Unlocked,619.38,48.87,4.62,0,27,0,0
Xiaomi,New,6,512,Verizon,885.6,96.36,4.95,1,49,0,1
Apple,New,8,256,Unlocked,867.49,95.35,5.0,0,65,0,0
Xiaomi,New,8,256,T-Mobile,976.19,21.58,4.09,1,105,1,0
Apple,New,6,256,T-Mobile,744.0,44.5,3.97,2,118,0,0
Samsung,New,6,128,Unlocked,832.93,82.97,4.93,1,30,1,0
OnePlus,New,6,256,Verizon,942.77,90.02,4.63,0,49,0,0
Apple,OpenBox,6,128,AT&T,627.94,109.0,4.69,1,73,0,1
Apple,New,8,256,Unlocked,1044.97,45.01,4.07,1,49,0,1
Apple,New,12,512,Verizon,853.62,100.82,4.72,0,10,1,0
Samsung,New,8,512,T-Mobile,607.78,137.02,3.85,0,93,0,0
Google,New,8,256,Unlocked,606.15,82.81,4.52,0,68,1,0
Apple,New,8,256,T-Mobile,828.13,73.83,4.46,2,16,0,0
Apple,New,8,256,Unlocked,728.95,65.87,4.46,1,77,0,0
Samsung,OpenBox,8,128,T-Mobile,1016.01,42.96,4.79,0,108,0,0
Apple,New,8,512,T-Mobile,786.91,23.72,3.89,1,77,0,1
Google,New,8,256,Unlocked,916.67,62.11,4.74,0,57,1,1
Xiaomi,New,8,128,Unlocked,663.3,107.05,4.41,1,93,0,1
Google,New,6,256,Verizon,844.94,26.65,4.0,1,33,1,0
OnePlus,OpenBox,12,64,T-Mobile,1139.42,75.48,3.74,0,12,0,0
Samsung,New,16,256,Unlocked,817.41,68.51,5.0,2,59,0,0
OnePlus,New,12,256,Unlocked,728.35,186.67,4.37,0,34,1,0
Apple,OpenBox,6,128,AT&T,659.96,123.37,4.22,1,59,1,0
Apple,New,12,64,Unlocked,845.87,122.39,3.83,0,83,0,0
Samsung,New,8,256,Verizon,1160.05,135.2,4.94,0,101,0,0
Apple,OpenBox,6,128,Verizon,550.01,47.26,4.91,0,71,1,0
OnePlus,New,16,512,T-Mobile,839.02,162.61,4.81,0,73,0,0
Google,New,12,64,Unlocked,472.95,89.55,4.37,1,113,0,0
Xiaomi,Refurbished,6,128,T-Mobile,759.71,77.32,4.78,0,109,0,1
Apple,New,16,64,Verizon,907.81,7.12,3.99,1,94,0,0
Samsung,New,6,256,T-Mobile,502.32,55.9,4.51,0,109,0,0
Google,New,8,256,Unlocked,752.14,0.0,4.37,1,57,0,1
Apple,New,6,256,Verizon,913.91,65.11,4.53,0,92,0,0
Samsung,New,6,512,AT&T,878.85,45.42,3.49,1,64,0,0
Samsung,New,16,256,AT&T,924.57,56.1,5.0,0,74,0,0
Xiaomi,New,8,128,Unlocked,635.59,0.0,5.0,1,79,0,1
Google,OpenBox,8,64,Unlocked,913.82,122.22,3.82,1,10,0,0
Apple,New,12,512,Unlocked,718.0,115.55,4.69,1,2,0,0
Samsung,OpenBox,12,128,Unlocked,1007.09,181.39,3.66,0,114,0,0
Samsung,OpenBox,16,512,AT&T,341.66,179.69,4.44,1,44,1,0
Apple,OpenBox,16,512,T-Mobile,786.29,89.37,3.3,0,7,0,1
Samsung,OpenBox,16,256,Verizon,871.75,141.4,4.25,2,15,0,1
Apple,OpenBox,8,256,Unlocked,1146.88,95.68,4.16,1,5,1,0
Apple,New,8,512,Unlocked,869.1,54.36,4.98,1,29,0,0
Samsung,New,16,256,Unlocked,891.42,63.31,5.0,1,87,0,0
Apple,Refurbished,6,256,Unlocked,932.61,118.34,5.0,0,99,1,0
Samsung,New,6,128,AT&T,1125.68,325.28,4.98,0,8,0,0
Apple,New,8,128,Unlocked,765.98,150.01,4.44,0,66,0,0
Google,Refurbished,8,128,Unlocked,541.32,94.78,4.59,1,79,1,0
Apple,New,8,512,AT&T,499.2,109.03,4.59,0,103,0,0
OnePlus,New,16,256,Unlocked,996.12,108.49,3.81,0,108,0,0
Apple,New,8,256,Unlocked,899.11,74.58,4.97,0,106,0,0
Samsung,New,8,64,Unlocked,793.6,125.39,4.75,0,86,1,0
Apple,New,8,512,Unlocked,721.06,70.67,4.77,1,96,0,0
Apple,New,12,128,Verizon,889.78,19.31,3.26,0,89,1,0
Samsung,Refurbished,6,256,Unlocked,896.14,108.9,4.63,0,91,0,0
OnePlus,New,6,64,Verizon,955.56,116.92,4.9,1,108,1,1
OnePlus,New,8,512,Unlocked,606.09,71.25,4.39,0,20,1,0
Apple,OpenBox,8,256,Unlocked,461.85,98.59,4.15,0,11,0,0
Apple,OpenBox,8,128,Verizon,649.02,137.65,3.72,1,33,0,0
Google,New,8,128,Unlocked,552.75,76.89,3.68,1,114,0,0
Samsung,New,6,128,Unlocked,541.36,53.18,4.48,2,84,0,0
Apple,New,12,128,Unlocked,1195.34,37.44,4.28,0,56,0,0
Google,OpenBox,8,128,Unlocked,351.26,64.77,4.28,0,36,1,1
Samsung,New,8,128,Unlocked,953.34,172.09,5.0,1,24,0,0
Samsung,New,12,128,T-Mobile,1049.54,68.1,3.77,0,45,0,0
Apple,OpenBox,12,128,Unlocked,1067.24,101.57,4.23,1,114,1,0
Samsung,New,8,256,Unlocked,910.99,60.53,5.0,0,112,0,0
Apple,New,12,128,Unlocked,1140.38,55.39,4.24,0,116,0,0
Google,OpenBox,6,64,Unlocked,1242.35,27.24,4.43,0,84,0,0
Apple,OpenBox,6,512,AT&T,783.51,86.02,4.31,0,70,0,0
Google,New,12,128,AT&T,948.44,48.97,4.75,0,13,0,1
Google,New,6,256,T-Mobile,1130.67,156.42,3.37,3,71,0,0
Google,New,8,512,Unlocked,660.37,73.55,4.3,0,86,0,0
Apple,New,12,256,Unlocked,796.12,77.33,4.43,0,51,0,0
Apple,New,12,256,AT&T,712.32,69.19,3.9,0,95,0,0
Samsung,OpenBox,16,256,Unlocked,951.42,102.26,4.57,4,71,1,0
Samsung,New,12,256,Unlocked,432.42,169.45,4.79,0,109,1,0
OnePlus,New,8,256,Unlocked,1166.06,17.61,4.63,1,13,1,0
Samsung,New,8,128,Unlocked,967.44,96.67,5.0,1,82,0,0
OnePlus,OpenBox,8,256,AT&T,979.79,0.0,4.18,0,41,0,0
Apple,New,12,512,T-Mobile,330.07,153.39,4.65,0,12,0,0
Samsung,New,8,256,Verizon,621.17,73.51,4.64,0,37,0,0
Apple,New,6,128,Unlocked,1177.9,0.0,4.28,0,92,1,0
Google,New,6,128,AT&T,810.97,3.45,4.97,0,23,0,0
Apple,Refurbished,12,256,Verizon,470.71,128.83,4.54,0,79,0,0
Apple,OpenBox,6,128,AT&T,898.76,0.0,3.8,0,24,0,0
Google,New,8,256,Unlocked,999.41,96.7,4.78,0,55,0,0
Samsung,New,12,128,T-Mobile,966.93,54.29,4.15,1,18,0,0
Apple,OpenBox,12,128,Unlocked,816.91,68.31,4.24,1,91,0,1
Apple,New,8,128,Verizon,1099.82,39.57,4.28,1,104,0,0
Samsung,Refurbished,8,512,AT&T,695.56,22.83,4.77,1,63,0,0
Apple,New,16,512,T-Mobile,968.82,50.75,4.94,0,47,1,0
Apple,New,8,256,T-Mobile,879.7,114.32,4.32,1,111,0,0
Samsung,New,8,512,Unlocked,820.72,62.44,4.29,0,113,0,0
Apple,New,16,512,Verizon,766.62,105.27,3.38,0,111,0,1
Samsung,New,8,128,Unlocked,774.41,65.47,4.05,1,94,0,0
Samsung,OpenBox,8,64,Verizon,857.1,116.67,3.93,1,27,0,0
Apple,New,6,256,Unlocked,785.6,104.9,4.56,0,20,0,1
Apple,New,6,256,Unlocked,1011.28,47.56,4.35,0,53,0,1
Apple,New,8,128,T-Mobile,732.08,22.78,3.95,1,68,0,0
Apple,OpenBox,12,512,AT&T,1195.02,137.34,4.48,0,24,0,0
Apple,New,8,128,Unlocked,722.25,31.2,4.37,1,18,1,0
OnePlus,New,12,512,Unlocked,1052.42,110.05,3.13,0,40,0,0
OnePlus,New,12,256,Unlocked,1061.91,81.87,4.95,0,42,0,0
Samsung,New,12,64,Unlocked,886.49,52.22,4.91,0,27,0,0
Samsung,OpenBox,6,512,Unlocked,866.89,105.77,4.28,0,55,1,0
Samsung,New,12,256,T-Mobile,689.63,162.07,4.58,0,61,1,1
OnePlus,New,6,256,Unlocked,736.24,117.53,4.24,0,12,0,0
Apple,OpenBox,12,256,Unlocked,898.35,87.76,3.6,0,1,0,0
Apple,New,8,128,AT&T,840.07,177.29,5.0,0,5,0,0
Apple,New,12,128,Unlocked,1110.28,0.0,4.77,0,95,0,0
Apple,New,8,64,Unlocked,749.99,13.27,4.87,1,96,0,0
Apple,Refurbished,8,128,Unlocked,763.31,52.13,4.26,0,19,0,1
OnePlus,OpenBox,6,128,Unlocked,483.76,165.16,4.96,2,113,0,0
OnePlus,New,6,256,Unlocked,991.58,136.57,3.71,0,33,0,1
Apple,OpenBox,8,128,AT&T,971.71,0.0,4.28,2,107,0,0
Samsung,New,8,256,Unlocked,1064.96,53.82,4.77,0,21,0,0
Samsung,New,12,128,AT&T,1077.36,0.57,4.09,0,98,0,0
Samsung,New,12,128,T-Mobile,1023.57,77.57,4.86,0,43,0,0
Samsung,New,8,512,AT&T,1032.85,134.11,4.55,0,94,1,0
Apple,New,12,512,T-Mobile,984.22,138.54,4.5,0,10,0,0
OnePlus,Refurbished,12,256,T-Mobile,1018.1,96.08,4.04,2,69,1,0
Xiaomi,New,16,64,AT&T,444.77,54.5,4.6,0,103,1,0
Samsung,OpenBox,6,256,Unlocked,608.05,74.28,5.0,1,16,0,1
Samsung,New,8,128,Unlocked,572.1,121.0,4.49,2,50,1,0
Samsung,New,12,256,AT&T,1129.44,220.84,4.68,0,107,0,0
Apple,New,8,512,AT&T,677.75,8.89,4.75,1,110,0,1
Apple,New,8,128,AT&T,712.97,175.33,3.83,0,60,0,0
Samsung,New,8,512,Verizon,851.46,94.64,4.33,1,6,0,0
Apple,New,8,256,AT&T,576.39,129.22,4.32,0,113,0,0
OnePlus,Refurbished,8,128,AT&T,933.72,91.11,3.34,1,21,1,0
Samsung,OpenBox,12,64,Verizon,381.31,164.25,4.79,0,49,1,0
Samsung,New,8,256,Unlocked,590.95,99.78,3.93,0,100,0,1
Apple,New,12,128,Unlocked,893.74,41.07,4.74,0,14,1,0
Xiaomi,New,8,64,Unlocked,576.84,107.01,4.02,3,56,0,0
Apple,Refurbished,12,128,Unlocked,1135.8,147.61,5.0,1,75,0,0
Apple,New,12,512,Unlocked,860.18,80.01,4.26,0,8,0,0
Apple,New,6,128,Unlocked,1099.06,0.0,5.0,0,58,0,0
Samsung,New,8,512,T-Mobile,928.74,73.1,4.31,1,6,0,1
Xiaomi,New,8,256,Unlocked,847.38,85.88,4.37,1,77,1,0
Apple,New,16,128,Verizon,630.76,77.3,5.0,0,107,0,0
OnePlus,New,8,128,Unlocked,1054.41,50.27,3.94,1,25,1,0
Apple,New,6,256,AT&T,947.08,159.38,4.42,0,32,0,0
Samsung,New,6,128,Unlocked,1308.62,0.0,4.67,0,16,0,0
Apple,New,6,64,Verizon,1032.25,85.64,4.6,1,49,1,0
Samsung,New,8,128,Verizon,762.57,86.48,4.42,1,1,0,0
Samsung,Refurbished,12,512,Unlocked,913.67,205.69,4.35,1,107,1,0
Samsung,New,8,256,Verizon,942.87,79.13,4.82,0,12,0,0
Apple,OpenBox,12,256,AT&T,1105.85,106.74,4.49,0,80,0,0
OnePlus,New,6,128,AT&T,1140.81,87.5,4.88,0,39,1,0
Xiaomi,OpenBox,8,128,Unlocked,814.37,85.67,4.6,0,92,0,0
Samsung,Refurbished,12,256,T-Mobile,582.59,185.78,4.73,0,7,0,0
Samsung,New,12,64,Unlocked,442.16,13.3,4.97,0,57,0,0
Google,Refurbished,12,512,Unlocked,599.3,39.97,4.24,0,12,0,0
Apple,New,8,512,Unlocked,719.81,125.25,4.95,0,83,1,0
OnePlus,OpenBox,8,128,Unlocked,1180.95,95.41,4.32,1,23,0,0
Apple,New,12,512,Unlocked,1184.29,63.01,3.7,0,70,0,0
Google,New,6,256,AT&T,1061.24,75.77,4.24,0,49,0,0
Apple,New,12,256,Verizon,1120.69,134.84,4.04,1,21,0,1
Apple,Refurbished,8,128,T-Mobile,694.37,109.11,4.59,0,23,0,0
Samsung,Refurbished,6,512,Unlocked,516.63,37.22,4.26,2,69,0,0
Samsung,New,12,128,Verizon,628.56,94.27,4.46,3,26,0,1
OnePlus,Refurbished,12,256,Unlocked,402.34,77.01,4.91,1,111,0,1
Xiaomi,OpenBox,12,128,Unlocked,604.93,108.23,5.0,1,91,0,0
Apple,New,12,128,Unlocked,738.69,60.74,4.55,2,42,1,0
Apple,New,8,512,Verizon,886.67,7.5,4.94,0,47,0,0
Apple,New,8,128,AT&T,879.8,120.34,4.31,1,59,0,0
Samsung,New,16,64,Unlocked,698.28,112.92,3.62,1,96,0,0
Samsung,New,8,256,Unlocked,975.17,164.92,3.81,1,50,0,0
OnePlus,Refurbished,8,128,Unlocked,702.5,1.03,4.3,0,49,0,0
Google,New,16,512,Unlocked,852.21,75.78,4.8,0,82,0,0
Apple,New,6,512,Verizon,605.8,66.18,4.3,1,31,1,0
Samsung,New,16,64,Unlocked,1089.51,56.23,4.99,1,75,1,0
Samsung,New,8,256,AT&T,854.58,0.0,5.0,1,46,0,1
Samsung,New,12,512,T-Mobile,999.34,16.02,3.96,1,57,0,0
Apple,New,8,512,Unlocked,582.44,96.23,5.0,0,93,1,0
Samsung,New,12,256,T-Mobile,888.37,50.02,3.58,0,6,0,0
Samsung,New,12,256,AT&T,975.91,30.42,5.0,0,78,0,0
Apple,New,6,256,Unlocked,400.35,165.82,4.38,1,32,0,0
Google,OpenBox,8,128,AT&T,1106.98,222.42,4.28,0,2,1,0
Apple,New,16,256,Unlocked,575.13,76.61,4.4,0,38,0,1
Samsung,New,16,128,AT&T,896.4,0.0,4.0,0,93,1,1
Samsung,New,16,128,AT&T,1243.29,103.78,5.0,0,88,1,0
OnePlus,New,8,128,T-Mobile,1060.08,0.0,4.05,2,31,0,0
Apple,OpenBox,8,512,AT&T,522.21,0.0,4.12,4,48,1,0
Apple,New,8,128,AT&T,810.83,104.82,3.71,0,104,0,0
Apple,Refurbished,8,128,Unlocked,1121.35,0.0,4.03,1,46,1,0
Samsung,OpenBox,8,64,T-Mobile,670.31,62.24,4.05,0,31,0,0
Apple,New,6,128,Verizon,770.83,0.0,4.02,0,54,0,0
Google,New,6,512,AT&T,764.67,83.38,4.31,0,94,0,0
Apple,New,8,128,T-Mobile,975.41,147.39,3.84,0,52,0,0
Apple,Refurbished,8,128,Unlocked,511.86,43.23,5.0,0,62,0,0
Samsung,New,8,512,Unlocked,987.74,78.84,4.32,1,86,0,0
Google,New,6,64,AT&T,712.98,31.05,4.59,1,103,0,0
OnePlus,New,12,128,T-Mobile,847.51,35.25,4.83,0,80,1,0
Google,New,16,256,AT&T,800.53,30.12,5.0,0,49,1,0
Samsung,New,8,256,Unlocked,981.95,127.16,4.85,0,91,0,0
Google,New,16,128,Unlocked,845.37,0.0,4.28,2,93,0,0
Google,New,12,256,Unlocked,1166.9,60.09,3.86,0,25,1,0
Apple,OpenBox,8,256,Unlocked,1067.67,104.59,4.57,1,83,1,0
Samsung,New,6,256,T-Mobile,675.03,134.59,4.93,0,89,0,0
Google,New,8,128,Verizon,1150.37,106.44,4.47,1,36,1,1
Apple,New,6,256,Unlocked,920.27,75.64,4.43,3,36,0,1
Samsung,Refurbished,8,256,Unlocked,887.37,45.87,4.51,2,81,0,0
Samsung,New,8,256,T-Mobile,1036.61,135.52,3.47,1,1,0,1
Samsung,Refurbished,16,512,Verizon,620.95,27.97,4.47,0,35,0,1
Apple,New,8,512,Unlocked,546.52,28.87,4.77,1,77,1,0
Samsung,OpenBox,8,256,Unlocked,855.49,161.15,4.38,1,55,1,0
OnePlus,New,16,128,Unlocked,716.61,101.62,4.96,0,2,1,0
Apple,OpenBox,16,64,Unlocked,1306.22,103.74,4.98,1,16,0,0
Samsung,New,12,256,AT&T,681.85,115.91,4.15,0,12,1,0
Apple,Refurbished,12,64,Unlocked,858.85,74.31,4.62,1,64,1,0
Apple,Refurbished,16,256,Unlocked,892.23,0.0,4.42,2,5,0,1
Xiaomi,New,8,256,Unlocked,1120.88,95.07,3.39,0,91,0,1
Samsung,New,12,256,Unlocked,631.2,78.91,4.31,0,73,1,0
Apple,New,6,128,Verizon,495.35,28.46,3.88,1,60,0,0
Apple,New,8,512,Verizon,1156.78,14.66,4.47,0,25,1,0
Xiaomi,New,8,256,Unlocked,867.71,77.21,4.74,0,23,0,0
Apple,New,6,256,Unlocked,1028.14,0.0,4.29,1,97,0,0
Google,New,6,256,AT&T,1038.47,71.4,3.95,0,74,1,0
Apple,New,6,64,T-Mobile,1076.6,64.16,4.52,0,43,0,0
Apple,Refurbished,8,256,Unlocked,766.87,72.85,5.0,1,25,0,0
Google,New,6,64,Unlocked,707.23,104.16,3.31,0,40,0,0
Apple,New,8,256,T-Mobile,410.82,117.32,4.52,0,36,0,0
Samsung,New,12,128,Unlocked,631.12,37.31,4.13,0,62,0,1
Apple,New,8,128,T-Mobile,863.67,132.19,4.19,0,32,0,0
Google,New,12,128,AT&T,695.69,66.84,4.35,1,93,0,0
Google,New,6,64,Unlocked,599.0,185.2,4.23,1,7,0,0
Google,New,12,512,Unlocked,861.09,44.87,4.7,0,83,0,1
Apple,New,6,256,T-Mobile,1145.45,0.0,4.28,1,1,1,1
Google,New,8,64,Unlocked,837.68,130.02,3.32,0,25,0,1
Xiaomi,New,8,64,Unlocked,600.78,105.54,5.0,0,112,1,0
Apple,New,16,256,Unlocked,1129.93,152.1,4.96,0,91,1,0
Apple,New,16,64,Verizon,679.69,98.58,4.1,0,117,0,0
Google,New,12,128,AT&T,1175.46,220.4,4.42,0,61,0,0
Apple,New,12,128,Verizon,792.11,68.67,5.0,0,17,1,0
Samsung,New,8,256,Unlocked,872.69,142.78,4.92,1,118,0,0
Google,New,12,512,Verizon,1193.4,48.47,5.0,0,91,1,0
Apple,OpenBox,6,128,Verizon,552.67,109.51,4.59,2,62,1,0
Samsung,New,8,512,Unlocked,618.98,120.68,4.78,1,92,0,0
Samsung,New,16,512,AT&T,778.16,129.95,5.0,0,35,0,0
Apple,New,16,512,Verizon,819.21,126.58,4.23,2,94,0,0
OnePlus,New,8,256,Unlocked,1431.26,0.0,4.62,0,91,0,0
Apple,New,8,512,T-Mobile,654.63,75.88,3.33,1,17,0,0
Samsung,OpenBox,8,256,Unlocked,563.07,45.49,3.61,0,4,1,0
OnePlus,New,8,512,Unlocked,644.12,57.33,4.65,1,101,0,0
Apple,New,8,128,Unlocked,901.07,63.0,4.73,1,87,0,0
OnePlus,New,8,256,Unlocked,958.25,138.65,4.21,3,35,0,0
Apple,New,6,256,Unlocked,694.44,92.15,4.1,0,65,0,0
Samsung,New,6,64,Unlocked,854.63,49.55,4.22,0,4,1,0
Apple,New,8,128,AT&T,1277.94,0.0,4.5,0,21,1,0
Samsung,OpenBox,12,128,Verizon,857.74,171.98,3.24,1,11,0,0
Google,New,8,128,Unlocked,920.62,41.16,4.63,0,3,0,0
OnePlus,New,8,128,AT&T,1265.58,72.16,4.42,0,17,0,0
Xiaomi,OpenBox,12,128,AT&T,696.43,208.33,4.52,1,6,0,0
Samsung,OpenBox,12,128,Unlocked,682.05,42.79,4.34,2,113,1,0
Google,OpenBox,8,256,T-Mobile,746.67,63.46,3.71,1,10,1,1
Samsung,New,12,128,Unlocked,733.86,93.93,3.85,0,16,0,0
OnePlus,New,8,128,Unlocked,449.38,0.0,5.0,0,59,0,0
Samsung,OpenBox,8,128,Unlocked,880.36,0.0,4.08,1,72,1,0
OnePlus,New,8,128,Unlocked,897.73,51.1,4.8,0,85,0,1
Apple,OpenBox,16,64,Unlocked,809.11,53.18,3.86,0,12,0,0
Samsung,New,16,512,Unlocked,904.44,88.05,4.39,0,16,0,0
Google,Refurbished,12,128,Verizon,906.78,21.32,4.18,0,2,0,0
Apple,New,16,128,T-Mobile,560.45,106.04,4.26,0,19,1,0
Apple,New,6,256,AT&T,913.5,0.0,4.23,0,23,0,0
Xiaomi,New,12,512,Verizon,972.87,75.78,5.0,0,97,0,0
Samsung,New,6,128,Verizon,498.64,101.61,5.0,1,71,0,0
Apple,New,8,128,AT&T,1171.89,99.71,4.52,0,28,0,0
Apple,OpenBox,8,256,Unlocked,578.12,70.23,4.19,1,15,0,0
Samsung,New,12,128,Unlocked,599.59,40.38,3.74,0,99,0,0
Samsung,New,12,128,Unlocked,894.43,68.49,3.7,2,85,0,0
Xiaomi,New,12,512,Unlocked,967.63,154.04,5.0,0,12,0,0
Xiaomi,New,8,512,Verizon,1021.09,44.03,3.67,0,67,1,1
Samsung,New,16,256,Unlocked,973.42,138.69,4.18,1,100,1,0
Google,New,12,64,Unlocked,735.67,148.23,4.48,1,33,0,0
Apple,Refurbished,12,256,Unlocked,873.88,0.0,3.1,1,88,0,0
OnePlus,New,8,512,AT&T,780.33,72.31,3.77,0,47,0,1
Apple,New,8,512,Unlocked,888.34,21.34,3.73,1,18,1,0
Apple,Refurbished,12,128,Unlocked,865.06,0.0,4.07,1,34,0,0
Xiaomi,New,16,128,Unlocked,738.92,127.52,4.53,0,41,1,0
OnePlus,Refurbished,6,128,Unlocked,773.61,108.4,4.91,0,5,0,0
Apple,New,8,256,AT&T,442.52,95.81,4.07,0,40,0,0
Samsung,New,8,128,Unlocked,1032.63,14.87,4.17,1,115,0,0
Samsung,New,8,128,Unlocked,915.46,92.63,4.34,1,16,1,0
Apple,New,12,128,T-Mobile,342.53,1.37,4.0,0,2,0,0
Apple,New,6,128,Unlocked,1024.5,84.64,4.61,0,45,0,0
Apple,New,8,512,Verizon,838.33,40.31,4.62,1,115,1,1
Samsung,New,12,128,Verizon,643.9,143.05,3.04,0,81,0,0
Samsung,New,8,128,Unlocked,624.41,58.21,4.72,1,62,1,0
Samsung,OpenBox,6,256,Unlocked,698.59,93.87,4.46,2,87,1,0
Apple,New,8,256,Unlocked,645.06,94.0,4.53,0,2,1,0
Xiaomi,OpenBox,8,256,Unlocked,674.62,75.45,4.99,1,25,0,0
Samsung,Refurbished,16,256,Unlocked,1224.14,86.32,3.51,1,101,1,0
OnePlus,OpenBox,12,128,Verizon,931.65,98.23,3.77,0,86,0,0
Apple,OpenBox,16,64,Unlocked,1297.92,26.22,4.36,1,55,0,0
Samsung,OpenBox,6,64,Unlocked,899.66,104.18,3.24,0,32,1,0
OnePlus,New,12,256,Verizon,977.44,131.83,4.29,1,28,0,1
Apple,New,8,512,Unlocked,656.24,103.84,4.82,0,6,0,0
Apple,Refurbished,12,128,Verizon,813.03,58.75,4.6,0,105,0,0
Apple,New,8,256,Unlocked,832.03,90.46,4.44,0,24,0,1
Apple,OpenBox,8,256,AT&T,986.42,58.17,4.28,0,97,0,0
Samsung,Refurbished,6,512,AT&T,839.11,72.88,4.19,0,41,0,0
Apple,New,12,128,Unlocked,927.29,8.74,4.16,0,109,1,0
Apple,New,12,128,AT&T,919.42,162.8,4.51,0,5,0,0
Samsung,New,6,256,Unlocked,783.37,196.13,3.62,0,62,0,1
Apple,New,8,256,Unlocked,760.75,37.76,5.0,0,12,0,0
Apple,New,12,256,Unlocked,702.82,127.17,4.03,0,1,1,0
Google,OpenBox,8,512,Unlocked,1088.11,167.47,4.68,0,43,0,0
Apple,New,8,128,T-Mobile,783.47,22.54,4.44,0,76,0,0
Apple,New,12,256,Unlocked,922.36,0.0,3.82,1,111,1,0
Apple,OpenBox,8,128,Unlocked,815.56,171.01,5.0,0,19,0,1
Apple,New,12,128,T-Mobile,1083.78,79.38,4.94,3,76,0,0
Samsung,OpenBox,12,128,Unlocked,412.62,48.83,3.61,0,96,1,0
Apple,New,12,128,Verizon,916.65,82.84,4.36,1,112,0,1
Apple,OpenBox,6,64,Unlocked,573.92,57.86,4.5,1,34,0,0
Xiaomi,New,16,256,T-Mobile,935.95,257.57,3.36,0,5,0,0
OnePlus,New,8,512,Unlocked,817.76,48.16,3.34,0,114,0,0
Apple,New,12,128,AT&T,524.76,99.64,3.98,0,104,0,1
Apple,New,12,128,Verizon,924.28,157.53,3.74,2,31,1,0
Samsung,New,12,64,T-Mobile,899.32,157.25,3.88,0,17,0,0
OnePlus,OpenBox,8,128,T-Mobile,799.13,145.76,3.74,0,64,0,0
Google,OpenBox,6,128,AT&T,827.0,54.46,4.34,0,29,1,0
Apple,New,8,256,Unlocked,885.53,70.87,3.95,1,68,1,0
Apple,New,8,512,Unlocked,1109.21,0.0,4.96,0,12,0,1
Samsung,OpenBox,6,256,T-Mobile,780.85,75.53,4.49,0,111,0,0
OnePlus,OpenBox,6,256,Verizon,1072.87,81.97,4.8,0,49,0,0
OnePlus,New,16,256,T-Mobile,841.76,124.5,3.56,1,17,0,1
Apple,New,8,128,AT&T,1135.06,187.73,4.09,1,25,1,0
Samsung,Refurbished,8,128,Unlocked,798.27,122.68,4.47,0,80,0,1
Apple,New,8,128,Unlocked,703.41,144.24,4.63,0,88,0,0
Google,New,8,128,Unlocked,608.51,78.95,4.08,0,13,1,0
OnePlus,OpenBox,8,512,Verizon,842.56,157.06,4.15,0,90,1,0
Samsung,New,12,128,Unlocked,675.5,80.67,4.2,0,112,0,0
Apple,OpenBox,8,128,Unlocked,1158.99,148.44,4.25,0,35,0,0
Samsung,New,6,128,AT&T,658.33,128.27,5.0,0,74,1,0
Samsung,OpenBox,8,128,Unlocked,698.19,103.56,4.56,0,96,1,0
Google,Refurbished,6,512,Unlocked,977.84,0.0,4.42,1,113,1,0
Apple,Refurbished,12,128,Unlocked,1110.87,145.6,3.77,0,20,0,0
OnePlus,Refurbished,6,256,Unlocked,1010.83,102.69,3.78,0,106,0,0
Apple,OpenBox,8,64,Unlocked,1082.91,122.15,4.29,1,5,1,0
Apple,New,8,128,AT&T,832.35,98.81,4.97,0,66,1,0
Apple,Refurbished,6,128,AT&T,835.45,109.16,4.3,0,20,0,0
Apple,Refurbished,8,512,Verizon,1292.59,158.04,4.32,0,14,1,0
Apple,New,8,128,T-Mobile,1221.86,51.56,4.03,0,30,1,0
Samsung,New,16,256,Unlocked,1007.12,108.06,3.53,2,19,0,1
Apple,New,6,128,Unlocked,1093.45,33.35,4.62,1,6,0,0
Apple,New,8,256,Unlocked,1038.88,114.6,4.27,2,36,0,1
Apple,OpenBox,12,256,AT&T,584.69,95.08,4.62,2,14,1,1
Apple,New,6,256,Unlocked,841.28,42.14,4.48,0,46,0,0
OnePlus,New,8,128,T-Mobile,1179.29,85.62,3.92,1,37,0,0
Xiaomi,New,12,128,Verizon,1008.47,45.88,4.51,0,62,0,1
Apple,New,12,512,AT&T,836.01,57.32,3.75,0,102,0,0
Google,Refurbished,16,256,Unlocked,1181.93,101.29,4.51,0,17,0,1
Google,New,12,128,AT&T,931.25,96.1,4.37,0,102,1,0
Xiaomi,New,8,128,Unlocked,1016.23,0.0,5.0,0,65,0,1
Apple,New,16,64,Unlocked,932.4,102.23,3.97,0,119,1,1
Apple,OpenBox,8,128,AT&T,969.06,61.8,3.74,0,49,0,0
Samsung,OpenBox,8,128,Unlocked,984.79,55.14,4.19,1,12,0,0
OnePlus,New,12,128,T-Mobile,1135.93,12.37,4.7,1,26,0,0
Google,New,12,128,AT&T,1164.59,77.28,3.0,0,1,0,0
Samsung,New,16,256,AT&T,750.76,48.62,4.84,2,104,0,0
Apple,New,6,512,Unlocked,928.21,156.41,4.3,1,68,0,0
Google,OpenBox,12,256,Unlocked,1129.62,0.0,3.83,0,105,0,1
OnePlus,New,8,256,Unlocked,821.06,22.16,4.22,1,72,0,0
Samsung,New,12,256,Verizon,562.04,18.1,4.03,0,112,1,1
Samsung,New,12,128,Unlocked,650.1,95.52,3.79,0,29,0,0
Samsung,New,6,256,T-Mobile,665.29,150.39,3.43,1,40,1,1
Samsung,New,12,64,T-Mobile,749.2,110.19,4.77,0,95,1,0
Samsung,New,8,64,Unlocked,685.83,14.32,4.12,0,98,1,0
Google,New,8,256,AT&T,1076.4,54.25,4.2,0,114,0,0
Xiaomi,New,16,128,Unlocked,789.1,31.45,4.82,0,106,0,0
Samsung,New,12,256,Unlocked,1127.44,110.46,4.43,0,40,0,0
Apple,Refurbished,8,256,Unlocked,601.34,53.03,3.62,1,81,1,0
Samsung,New,6,64,AT&T,772.27,0.0,4.74,1,113,1,0
Apple,New,6,128,T-Mobile,872.94,115.08,5.0,0,32,0,0
Apple,New,6,256,Unlocked,1028.35,155.8,4.65,1,13,1,0
Apple,OpenBox,8,256,Unlocked,1101.6,69.28,3.97,0,60,1,1
Samsung,Refurbished,8,256,Unlocked,731.57,87.22,3.66,0,57,0,0
Apple,OpenBox,8,128,Unlocked,1068.55,0.0,3.95,0,83,0,0
Apple,New,12,256,Unlocked,479.98,0.0,4.45,0,24,0,0
Google,OpenBox,6,128,AT&T,1041.69,0.0,5.0,1,54,0,0
Apple,New,8,64,T-Mobile,554.97,77.32,4.02,0,70,1,0
Samsung,OpenBox,16,256,Unlocked,948.26,61.52,4.08,0,70,0,0
OnePlus,OpenBox,6,128,T-Mobile,1098.42,112.77,4.91,0,9,0,0
Samsung,New,12,128,Verizon,1045.19,68.14,4.18,0,13,1,0
Apple,New,6,128,Verizon,489.38,139.27,5.0,0,61,0,0
Apple,New,8,256,AT&T,751.61,132.34,4.33,0,45,0,0
Samsung,New,12,512,Unlocked,1007.73,60.65,4.98,0,21,0,0
Samsung,OpenBox,6,512,Unlocked,1001.42,19.79,4.59,0,96,1,0
Apple,New,8,128,Unlocked,910.7,0.0,4.75,1,50,0,0
Samsung,OpenBox,12,128,AT&T,365.65,166.01,4.31,1,69,1,1
Samsung,Refurbished,8,256,Unlocked,1113.57,23.45,4.34,0,82,0,1
Apple,New,12,128,Unlocked,1152.78,0.0,4.61,0,87,0,0
Samsung,New,8,128,Unlocked,886.02,87.79,4.8,0,40,0,0
Apple,New,6,128,Unlocked,900.29,0.0,4.66,2,3,0,0
Apple,OpenBox,12,256,Unlocked,960.67,87.73,3.52,0,65,1,0
Google,New,8,256,Unlocked,1171.3,59.82,4.53,1,29,0,0
Apple,New,6,128,T-Mobile,905.12,135.42,4.07,2,116,0,0
Samsung,New,16,64,Verizon,807.94,130.2,4.13,0,107,0,0
Samsung,Refurbished,8,256,Unlocked,933.93,146.2,4.63,0,105,0,1
Apple,New,12,256,AT&T,847.56,92.38,5.0,1,94,0,0
OnePlus,New,8,128,AT&T,850.05,28.5,4.28,1,119,1,0
Apple,Refurbished,6,128,Unlocked,461.51,17.79,5.0,0,114,0,0
Apple,New,12,512,Verizon,965.02,48.16,3.85,0,22,1,0
OnePlus,New,12,256,Unlocked,1107.72,199.66,5.0,1,74,0,0
Google,New,8,256,Unlocked,1074.48,65.05,4.62,0,59,0,0
Google,New,12,256,AT&T,1059.22,89.66,4.5,0,4,0,0
Apple,New,8,512,Unlocked,838.34,171.12,5.0,1,94,1,0
Apple,New,8,128,Unlocked,882.05,95.28,4.08,0,14,0,0
Samsung,New,12,128,Unlocked,1112.11,35.08,5.0,0,111,0,0
Apple,New,8,128,Unlocked,1040.82,123.81,4.3,1,83,1,0
Apple,New,8,256,Unlocked,1177.0,54.29,4.08,0,29,0,0
Google,New,12,128,AT&T,702.0,97.35,3.74,0,5,0,0
Apple,New,8,128,Unlocked,700.63,110.73,5.0,1,118,1,0
Apple,OpenBox,16,128,Unlocked,776.83,50.34,4.97,0,97,0,0
Apple,OpenBox,12,256,AT&T,642.53,91.18,4.16,0,53,1,1
Samsung,New,8,256,Unlocked,559.28,176.0,4.67,1,96,0,0
Samsung,OpenBox,8,128,Verizon,953.1,42.41,4.46,1,92,1,1
OnePlus,OpenBox,16,128,Unlocked,938.12,159.01,4.22,0,73,1,0
Apple,New,12,256,Unlocked,904.17,44.57,4.88,0,62,0,0
Apple,Refurbished,6,64,Unlocked,927.82,188.12,4.09,0,6,1,0
Samsung,OpenBox,8,256,Unlocked,527.98,28.67,3.3,3,36,0,0
Samsung,New,8,128,AT&T,744.39,56.37,4.53,1,37,1,0
Samsung,New,12,512,AT&T,785.44,170.5,4.43,0,13,0,0
Xiaomi,New,16,128,Unlocked,860.67,173.13,4.1,1,85,1,0
Samsung,New,12,256,Unlocked,528.85,129.11,3.95,1,20,1,0
Samsung,OpenBox,8,128,T-Mobile,645.89,15.09,3.62,0,31,1,0
Xiaomi,New,12,128,Unlocked,753.97,84.94,4.22,0,78,1,0
Apple,New,6,256,Unlocked,1082.82,80.07,3.96,0,62,0,0
Xiaomi,New,8,256,Verizon,907.61,28.65,4.88,1,66,1,0
Samsung,OpenBox,8,256,Unlocked,1074.74,121.81,4.66,1,102,0,1
Samsung,New,8,256,T-Mobile,823.07,33.4,4.16,1,52,0,0
Xiaomi,OpenBox,8,256,Unlocked,850.22,2.56,4.66,0,74,0,0
Samsung,New,8,512,AT&T,959.8,0.0,4.35,1,75,0,0
Samsung,New,8,128,Unlocked,811.01,182.74,4.27,1,15,1,0
Apple,New,12,512,Unlocked,712.56,49.37,4.37,2,61,1,0
Samsung,New,6,128,Unlocked,522.25,50.63,5.0,0,66,1,0
Samsung,New,8,128,T-Mobile,718.46,18.16,4.72,0,17,0,0
Apple,New,6,256,Unlocked,1033.96,162.08,4.25,0,16,1,0
Google,New,8,64,Unlocked,1127.35,0.0,4.85,1,32,0,0
Samsung,New,8,128,T-Mobile,679.91,7.75,4.83,0,51,0,0
Samsung,OpenBox,12,64,Unlocked,468.58,60.69,4.53,0,52,0,0
Apple,OpenBox,8,256,Unlocked,1053.85,78.71,4.24,0,28,0,0
Samsung,New,8,256,Unlocked,865.25,119.52,4.2,1,48,0,1
Apple,OpenBox,12,64,AT&T,553.65,39.46,3.86,1,35,1,0
Apple,New,6,128,Unlocked,200.0,172.66,4.49,0,108,0,0
Samsung,New,12,128,Unlocked,638.05,39.87,4.1,0,79,1,0
Apple,New,8,128,T-Mobile,748.15,19.49,4.18,1,113,1,0
Apple,New,16,64,Verizon,596.64,13.77,4.71,0,78,0,1
Samsung,OpenBox,6,128,Unlocked,1002.22,33.57,5.0,0,64,0,1
Apple,New,8,256,Verizon,671.24,9.89,4.59,1,59,0,0
Xiaomi,New,8,256,Unlocked,852.73,125.05,4.35,0,32,1,1
OnePlus,New,8,128,Unlocked,1372.17,19.95,4.39,0,22,0,0
Samsung,New,12,128,Unlocked,875.84,72.03,4.97,0,96,0,0
Xiaomi,New,6,64,Verizon,824.59,18.23,4.59,1,47,1,0
OnePlus,New,8,128,AT&T,829.56,9.53,4.5,1,22,0,0
Apple,New,12,128,Unlocked,997.18,146.39,4.53,0,50,0,0
Google,New,12,512,Unlocked,969.92,176.17,3.69,0,59,1,0
Apple,New,8,256,Unlocked,629.22,156.14,4.6,0,80,0,0
Google,Refurbished,8,128,AT&T,759.55,0.0,3.96,1,119,1,1
Samsung,New,12,128,AT&T,703.19,0.04,4.6,0,116,0,0
Apple,New,12,256,AT&T,787.82,198.7,4.03,0,105,0,1
Apple,New,12,512,T-Mobile,1251.86,64.74,4.7,0,99,1,0
Xiaomi,New,12,64,AT&T,985.84,0.0,4.32,2,111,0,0
Apple,New,8,256,T-Mobile,832.45,144.93,3.83,0,86,0,1
Apple,New,8,128,Verizon,1123.8,84.04,4.25,0,12,0,0
Apple,New,8,256,Unlocked,891.46,114.17,5.0,1,29,1,0
Samsung,New,6,128,Verizon,489.63,0.0,3.26,1,55,0,0
OnePlus,New,12,256,Unlocked,1216.07,60.42,4.48,1,94,0,0
Google,New,8,128,Unlocked,815.59,136.93,3.89,0,92,0,1
Samsung,New,6,256,Unlocked,353.67,41.58,5.0,2,105,0,0
Apple,New,12,256,Unlocked,498.08,154.1,4.81,1,19,0,0
Apple,New,8,256,AT&T,1098.09,0.99,4.49,0,72,0,0
Samsung,OpenBox,6,256,Unlocked,501.65,73.25,4.86,2,92,0,0
Google,New,8,64,Unlocked,1146.83,178.7,4.52,1,47,0,0
Google,OpenBox,12,256,T-Mobile,867.83,10.95,4.4,0,41,0,1
Samsung,New,8,128,Verizon,1007.06,96.29,4.1,2,79,0,1
Samsung,New,6,256,Unlocked,793.5,115.11,4.22,0,106,0,0
Samsung,New,8,128,Unlocked,965.14,85.48,4.17,2,55,1,1
Samsung,OpenBox,6,128,Unlocked,919.64,65.0,4.41,0,50,0,0
Samsung,New,16,128,T-Mobile,841.52,27.42,3.45,0,10,1,1
Google,New,8,512,Unlocked,615.6,91.79,4.91,0,30,0,0
Samsung,New,12,256,T-Mobile,928.88,73.84,5.0,0,10,1,0
Xiaomi,New,6,64,Unlocked,450.25,0.0,4.18,1,110,1,1
Samsung,Refurbished,6,256,AT&T,1054.93,145.99,4.99,1,101,0,1
Apple,New,8,128,Unlocked,893.34,25.4,4.33,2,85,0,0
Apple,New,12,128,Unlocked,952.12,0.0,4.1,0,26,0,0
Samsung,New,16,128,Unlocked,274.28,44.26,4.21,1,56,1,0
Samsung,New,8,256,Unlocked,602.34,26.44,4.44,0,2,0,0
Samsung,OpenBox,8,512,T-Mobile,738.73,64.51,4.04,0,115,0,0
Google,OpenBox,6,512,AT&T,998.21,5.45,4.7,0,7,0,0
Apple,Refurbished,8,128,Unlocked,642.58,106.88,4.14,1,72,0,0
Samsung,New,8,64,AT&T,1410.56,162.86,3.86,2,60,0,0
Google,New,16,256,Unlocked,792.07,86.35,4.39,1,70,0,0
Samsung,New,8,128,T-Mobile,626.48,0.0,4.05,0,10,0,0
Samsung,New,12,256,Unlocked,808.89,25.21,4.24,0,43,0,0
Apple,Refurbished,12,512,Unlocked,640.79,93.28,4.37,0,99,0,0
Samsung,New,6,128,Unlocked,589.44,0.0,3.73,0,100,1,1
Google,New,8,128,Unlocked,1072.42,6.03,5.0,0,49,0,0
OnePlus,New,12,512,T-Mobile,962.91,0.0,4.81,0,70,1,1
Samsung,OpenBox,8,256,Unlocked,963.55,86.93,4.08,1,96,0,0
Apple,New,8,512,Unlocked,1130.89,209.73,4.39,3,74,0,0
Google,OpenBox,12,256,AT&T,957.07,4.34,4.72,0,50,0,1
Google,OpenBox,8,128,Unlocked,615.17,128.98,4.5,0,112,0,1
Apple,OpenBox,12,256,Unlocked,1005.9,46.17,5.0,0,119,1,0
OnePlus,New,8,256,Verizon,602.14,0.79,4.28,0,33,0,0
Apple,New,8,512,Unlocked,744.83,173.85,4.99,0,6,0,1
Apple,New,8,128,AT&T,839.94,209.59,3.73,1,95,0,0
Apple,OpenBox,8,256,Verizon,817.62,104.71,3.81,0,13,0,0
Apple,Refurbished,6,128,Unlocked,455.94,101.75,5.0,0,97,1,0
OnePlus,New,6,128,Unlocked,637.13,83.74,4.18,1,93,1,0
Samsung,New,8,512,Unlocked,845.05,71.11,3.82,2,8,1,0
Apple,New,8,512,Unlocked,715.65,100.4,4.38,0,66,0,0
Samsung,New,8,256,Verizon,1097.78,120.57,5.0,0,86,0,0
Samsung,New,6,512,AT&T,1135.45,179.8,4.02,0,10,1,0
Apple,New,6,128,Unlocked,603.52,48.64,4.38,0,99,0,0
Apple,OpenBox,8,256,AT&T,863.15,87.64,3.47,1,13,0,0
Samsung,New,8,256,Unlocked,1198.2,74.69,4.17,1,64,1,0
Apple,New,8,256,T-Mobile,820.47,141.44,4.9,1,3,0,0
Google,New,6,256,Unlocked,760.46,224.0,4.01,0,14,0,0
Apple,New,8,256,AT&T,1039.25,143.51,3.76,1,88,1,0
Google,New,12,512,Unlocked,789.68,127.89,4.01,0,10,1,0
Google,New,12,128,Unlocked,1129.59,134.47,4.1,0,107,0,0
Apple,New,8,256,Unlocked,719.16,156.05,4.78,0,3,1,0
Apple,New,12,128,T-Mobile,745.59,224.87,4.59,0,75,0,0
Xiaomi,New,8,128,AT&T,1023.83,0.0,4.69,1,44,1,0
Samsung,New,8,256,AT&T,872.12,115.98,4.41,0,73,0,1
Samsung,New,8,256,Unlocked,873.85,0.0,4.09,0,74,1,0
Apple,New,8,512,Verizon,429.95,137.08,4.01,0,77,1,1
Apple,New,8,128,Unlocked,772.25,113.06,4.62,2,68,0,0
Samsung,New,8,64,Verizon,1040.09,47.19,5.0,1,114,0,0
OnePlus,New,12,256,Unlocked,677.58,0.0,3.93,0,61,0,0
Apple,New,8,512,AT&T,1004.15,79.14,3.89,1,102,0,0
Google,Refurbished,6,512,AT&T,908.96,93.37,3.83,0,50,0,1
Samsung,New,6,512,Unlocked,806.06,76.21,4.82,2,73,0,0
Apple,New,6,128,Verizon,1148.71,42.71,4.38,1,82,0,0
Apple,New,8,512,Unlocked,775.23,26.19,4.68,0,47,0,0
Apple,OpenBox,6,128,Unlocked,790.57,76.89,4.15,0,106,0,1
Samsung,New,8,512,Unlocked,803.55,31.89,4.71,2,33,0,1
Samsung,Refurbished,8,256,Unlocked,867.72,128.56,4.26,0,99,0,0
Samsung,New,8,128,Unlocked,1018.73,75.28,3.63,0,23,0,0
Apple,OpenBox,16,256,Verizon,526.04,0.0,4.86,0,86,0,0
Google,New,12,256,AT&T,1040.97,90.6,4.38,3,100,0,0
Samsung,New,8,128,Unlocked,864.98,104.85,4.24,0,35,0,1
Samsung,New,8,128,T-Mobile,971.89,177.08,4.54,0,31,0,0
Samsung,New,12,256,T-Mobile,1376.21,135.69,3.68,0,112,0,0
Apple,OpenBox,16,512,Unlocked,737.43,26.08,4.62,1,76,1,0
Google,OpenBox,8,256,Unlocked,580.57,165.55,4.1,1,103,1,0
Samsung,New,6,128,T-Mobile,892.64,0.0,4.32,2,113,0,0
Samsung,New,12,256,Unlocked,927.48,81.69,4.97,1,113,0,0
Apple,New,6,128,Unlocked,1041.75,125.24,4.72,0,98,0,0
Samsung,New,12,128,T-Mobile,731.56,167.52,4.31,0,74,0,0
Samsung,New,6,64,AT&T,667.38,193.33,4.35,0,113,1,0
Apple,New,6,128,AT&T,512.75,156.48,3.12,1,40,0,0
OnePlus,New,12,128,T-Mobile,549.15,71.8,3.99,0,65,0,0
OnePlus,OpenBox,12,64,Unlocked,758.49,114.78,4.48,3,54,1,0
Apple,OpenBox,8,128,Verizon,824.35,93.46,4.02,0,41,0,0
Google,OpenBox,12,256,AT&T,1304.33,37.43,3.74,0,39,0,0
Samsung,New,12,128,Unlocked,477.63,73.06,4.64,2,116,1,0
Xiaomi,Refurbished,8,128,Unlocked,923.79,187.87,5.0,1,42,0,0
Apple,New,16,256,Unlocked,690.29,118.77,4.04,0,13,1,0
Apple,New,8,256,AT&T,899.03,203.56,4.84,0,51,0,1
Samsung,New,6,256,Verizon,728.29,15.05,4.76,0,45,0,1
Apple,OpenBox,12,128,T-Mobile,1077.78,57.11,3.91,1,112,0,1
Google,New,8,256,Unlocked,1076.42,104.92,4.04,1,93,0,0
Samsung,OpenBox,12,256,Verizon,825.12,124.54,5.0,1,60,0,0
Apple,New,6,256,Unlocked,1166.6,72.99,3.84,0,99,0,0
Samsung,OpenBox,6,256,T-Mobile,1017.22,128.03,4.1,1,49,0,1
OnePlus,New,6,64,Verizon,1156.36,127.58,5.0,2,27,0,1
Google,Refurbished,8,128,AT&T,840.51,0.0,4.12,0,77,1,0
Samsung,New,12,128,Unlocked,1059.4,125.21,5.0,0,74,1,0
Apple,New,8,128,Unlocked,680.98,144.4,3.89,0,35,1,0
Apple,OpenBox,6,512,Unlocked,658.68,97.77,4.47,0,21,1,0
OnePlus,New,8,128,AT&T,1329.56,0.0,4.94,0,2,0,0
Google,New,8,256,Unlocked,611.11,63.39,4.17,2,46,0,0
Samsung,OpenBox,8,512,AT&T,754.06,106.28,4.45,1,87,0,0
OnePlus,New,12,256,Unlocked,432.44,28.06,4.77,0,96,0,0
Apple,OpenBox,6,128,Unlocked,663.91,135.1,3.95,0,40,0,0
Google,New,8,512,Unlocked,631.27,123.78,5.0,0,79,0,0
Apple,OpenBox,8,128,Unlocked,702.54,88.07,4.92,0,29,0,1
Apple,New,8,64,Unlocked,915.97,81.05,4.22,1,23,0,1
Samsung,New,8,128,Unlocked,969.03,91.57,4.28,1,64,0,0
Samsung,OpenBox,8,128,Unlocked,628.5,79.76,5.0,1,38,1,0
Xiaomi,New,8,256,Verizon,676.27,2.87,4.22,0,20,0,0
Apple,New,6,128,Unlocked,1088.37,54.19,4.16,0,29,0,0
Google,New,8,256,Verizon,1225.16,84.35,4.97,0,34,1,0
Google,New,12,64,Verizon,1126.3,165.12,3.7,1,38,0,1
Samsung,New,8,512,Unlocked,487.81,121.52,4.36,1,61,0,0
Xiaomi,New,12,64,Unlocked,1111.67,168.34,4.44,0,104,1,0
Samsung,OpenBox,8,512,Unlocked,1257.81,0.0,4.05,0,116,1,0
Samsung,New,8,64,Unlocked,476.89,58.63,3.62,0,69,0,0
Apple,New,12,512,Unlocked,1088.19,204.43,4.43,0,30,0,0
Apple,New,8,256,Verizon,899.55,35.42,4.74,0,24,1,0
OnePlus,New,8,256,Unlocked,778.03,34.22,4.06,1,56,0,0
Samsung,New,6,64,T-Mobile,873.36,63.69,3.81,0,81,0,0
Apple,Refurbished,12,256,AT&T,947.52,201.09,5.0,0,63,0,0
Apple,New,8,256,Unlocked,1104.67,39.71,4.66,1,16,0,1
Samsung,New,12,256,Verizon,1093.32,113.45,4.22,0,85,0,0
Google,OpenBox,8,256,Unlocked,518.48,103.52,4.86,2,38,1,0
Apple,New,8,512,Unlocked,707.29,0.0,4.52,0,63,0,0
Google,New,8,512,T-Mobile,870.58,79.06,5.0,0,103,0,0
Samsung,New,6,256,Unlocked,1195.89,46.82,4.73,2,88,0,0
Google,New,12,64,Unlocked,249.95,120.68,3.71,0,63,1,0
Apple,New,6,128,T-Mobile,715.62,184.34,4.07,0,103,0,0
Samsung,OpenBox,16,256,T-Mobile,513.86,59.33,4.09,1,24,0,0
Apple,New,6,512,Unlocked,548.74,59.32,4.55,0,34,0,0
Samsung,New,8,128,AT&T,1066.86,231.07,4.25,1,32,1,1
Google,New,6,64,AT&T,732.99,37.31,3.84,1,100,0,1
Samsung,OpenBox,12,128,AT&T,336.59,0.0,4.69,1,100,0,1
Apple,OpenBox,8,128,Unlocked,815.14,162.65,4.9,1,32,0,0
OnePlus,Refurbished,8,512,AT&T,1297.89,76.96,4.35,1,23,0,0
Apple,New,16,256,Unlocked,452.53,97.0,4.5,0,97,1,0
Samsung,OpenBox,8,128,Unlocked,967.25,213.89,3.92,0,54,1,0
Xiaomi,New,6,128,Unlocked,1194.89,0.0,4.14,0,76,0,0
Samsung,New,12,64,Unlocked,839.13,68.27,4.16,0,24,0,0
Google,New,8,256,Unlocked,1274.16,5.82,4.68,0,68,0,0
Samsung,OpenBox,6,256,Unlocked,704.84,100.11,4.53,0,82,0,0
Google,New,8,64,Unlocked,1168.11,46.82,4.24,1,56,0,0
Samsung,New,12,128,T-Mobile,1116.19,9.62,4.22,0,98,0,0
Google,New,8,512,Unlocked,842.84,123.94,3.42,0,65,0,0
Apple,New,12,256,Unlocked,522.82,80.62,5.0,1,65,0,0
Google,Refurbished,12,256,AT&T,629.62,4.9,3.36,1,28,0,0
Apple,OpenBox,8,128,Unlocked,334.28,8.58,4.61,0,80,0,0
Xiaomi,New,8,512,AT&T,980.71,92.47,4.42,2,60,1,0
Apple,New,12,256,Unlocked,954.35,0.0,4.27,1,78,0,0
Apple,New,8,512,Verizon,867.43,93.65,4.4,1,73,0,0
OnePlus,OpenBox,6,64,Unlocked,823.0,160.37,4.07,2,44,0,0
Apple,New,8,128,Unlocked,1148.67,120.02,4.73,1,46,1,0
Samsung,New,12,64,Verizon,915.52,42.6,3.74,3,38,1,1
Google,New,8,512,Unlocked,727.98,96.46,4.56,1,46,0,1
Apple,New,8,256,Unlocked,882.39,4.91,4.06,1,101,1,1
Apple,New,6,128,Unlocked,1300.45,88.18,4.19,0,42,0,0
Samsung,New,6,512,Verizon,986.88,60.39,4.2,0,15,0,0
Apple,Refurbished,16,512,Unlocked,764.22,17.64,4.32,0,98,0,0
Apple,New,8,128,AT&T,840.22,117.42,4.65,1,26,0,1
Apple,New,12,256,AT&T,951.94,0.0,4.38,0,46,1,0
Samsung,New,12,256,Unlocked,757.36,8.85,4.87,1,25,0,0
Apple,New,8,64,T-Mobile,737.9,16.07,4.92,0,70,0,0
Apple,New,12,256,AT&T,847.51,49.71,4.55,0,32,0,1
Samsung,New,16,128,Unlocked,1184.2,157.96,4.74,0,116,0,0
Samsung,OpenBox,12,512,Unlocked,1024.01,125.26,5.0,2,51,1,0
Apple,New,12,256,Unlocked,759.9,86.32,3.69,1,4,0,1
Apple,Refurbished,8,512,T-Mobile,1041.18,83.49,4.94,1,66,0,0
OnePlus,New,12,256,Unlocked,851.89,79.29,5.0,0,27,0,0
Samsung,New,6,128,Unlocked,925.81,162.31,4.62,0,42,0,0
Samsung,New,12,128,T-Mobile,905.8,0.0,5.0,0,111,0,0
Samsung,OpenBox,8,256,Verizon,385.74,126.29,5.0,0,22,0,0
Apple,OpenBox,8,128,Unlocked,200.0,49.51,4.23,0,86,1,0
Google,New,12,256,Verizon,899.86,110.18,4.27,1,83,1,1
OnePlus,New,8,128,AT&T,662.37,110.47,4.67,1,45,0,0
OnePlus,New,6,128,Unlocked,489.36,123.99,4.09,0,53,1,0
Apple,New,12,256,Unlocked,669.16,175.02,5.0,1,11,1,0
Apple,Refurbished,16,256,Verizon,1053.42,0.0,4.79,1,57,1,0
Apple,New,8,256,Unlocked,928.72,140.33,4.42,1,62,0,0
Apple,New,12,256,T-Mobile,1019.79,76.17,3.69,0,72,0,0
Apple,Refurbished,12,128,Unlocked,949.68,52.35,4.53,0,94,0,0
Samsung,OpenBox,12,256,Verizon,647.86,202.03,3.81,0,111,1,0
Apple,OpenBox,8,256,AT&T,1020.84,122.11,4.78,0,51,1,0
OnePlus,New,8,256,Unlocked,978.86,54.97,3.15,0,106,0,0
Apple,New,12,128,Unlocked,824.15,137.44,5.0,1,101,1,0
Apple,New,16,256,T-Mobile,862.94,77.24,4.19,0,37,0,0
OnePlus,New,6,64,AT&T,1024.34,54.03,3.55,0,35,0,0
Google,New,6,256,Unlocked,685.12,43.63,4.39,1,64,1,0
Apple,New,8,128,Unlocked,1089.33,98.27,4.41,1,59,0,1
Samsung,New,12,512,Unlocked,974.32,43.17,4.37,0,45,0,0
Apple,New,12,256,Unlocked,850.5,89.33,5.0,0,11,0,0
Apple,New,8,256,Unlocked,1186.87,133.22,4.59,1,95,1,0
Samsung,New,6,256,Verizon,565.25,86.63,4.8,0,63,0,0
Apple,New,8,256,Unlocked,748.76,198.59,4.28,1,21,0,0
Samsung,New,12,128,Verizon,699.9,80.79,4.61,1,103,0,0